時間,コメント
0,待機
97.407,待機
101.045,待機
130.573,待機
172.57,待機
421.734,待機
765.535,待機
907.551,待機
959.194,待機
1201.525,ポキ農メンだ！
1323.953,待機
1378.239,待機
1407.338,待機
1448.735,待機
1554.584,九人なの ?
1580.95,待機
1601.536,アルファさん主催なんやからそら参加するやろな
1884.892,待機！！
1904.461,ゲスト9人＋主催者じゃない？
1919.221,待機
2071.579,待機
2261.383,待機
2291.606,待機
2473.262,待機
2591.931,待機
2605.307,待機
2624.579,待機なの
2810.727,待機なの
2829.111,待機
2912.204,待機
2919.159,待機
3032.015,待機
3035.948,待機
3047.937,待機
3111.317,待機
3150.911,待機
3154.864,待機
3167.436,待機
3176.382,待機
3185.454,こん
3188.186,こん
3191.787,こん
3194.431,こん
3196.518,こん
3198.337,こん
3199.494,こんひなー
3202.112,こん
3203.753,こん
3204.216,え？www
3205.747,こん
3207.19,こん
3207.723,こん
3207.783,わこつ
3209.503,こんひなー
3209.723,こんひな！
3210.199,こん
3211.083,こん
3211.39,ん？
3212.78,こん
3213.053,こん
3213.94,こん
3214.62,こん
3217.666,こん
3219.861,こん
3222.952,こん
3222.959,こん
3223.936,こん
3239.289,ポキ農そろったぁ
3242.396,こん
3246.166,エペぶりのぎーあ
3247.073,こん
3248.08,こん
3248.09,こん
3249.894,こん
3256.866,こん
3261.742,こん
3263.513,え？www
3273.589,こん
3278.35,はなばなアイコンかわいい
3279.152,こん
3299.973,こん
3302.69,こん
3317.214,こんひなー
3317.91,こん
3321.667,こんばんわ～！
3327.905,でけえええええ
3331.054,こん
3341.161,ｗｗｗｗｗ
3347.232,www
3351.47,サムネ間違えてません？俺だけ？
3351.466,こん
3353.41,88888
3358.109,wwww
3366.59,かわいいｗ
3370.652,www
3384.737,こん
3388.959,覚悟決めすぎでは？
3389.472,こんばんは
3396.618,おっも
3398.203,wwwww
3405.349,www
3408.048,サムネ違うwww
3411.636,やる気がすごいんだから
3412.485,重すぎだろ
3412.531,サムネ間違ってるね笑
3414.998,wwww
3416.123,こん
3426.887,サムネ間違ってるんじゃなくてバグな
3436.894,こんばんは〜！配信頑張ってください〜
3444.396,こん
3449.128,同じか…
3450.442,www
3450.596,こん
3451.138,ｗｗｗｗ
3451.26,wwwww
3451.515,wwwwww
3452.337,www
3455.53,こん オリ曲良かった
3456.623,こん
3458.478,こんー
3461.534,wwww
3462.367,wwww
3463.677,www
3464.836,え？
3465.778,？？？
3466.323,ん？？？
3466.822,ん？
3467.508,こん
3469.929,こん
3472.441,こんひな！
3473.499,スルーｗ
3473.818,はい？
3473.873, ん
3474.462,for victoryよかったよ〜！
3474.726,無視でｗ
3475.8,for Victory!最高でした
3476.751,清楚担当サラッと流れたな
3476.785,もう誰もつっこまない
3478.692,もうええか…
3485.055,ん?
3493.455,!rank
3498.318,スシマスのアイコンいないかも
3499.386,呼び方の癖つよいてwww
3499.764,for victoryきいてきたぁ）
3503.199,こん
3503.653,www
3507.746,こんひなー
3510.928,サムネって合ってます？？
3511.538,で
3512.388,こん
3515.024,こん
3517.881,曲よかっだぁ
3522.409,for victoryめちゃいいやあああああん
3522.847,ん？
3527.769,こん
3530.335,歌めちゃくちゃよがっだよおおおおおお
3532.359,for victory最高だったぞーーーーー
3533.072,曲で泣いてきました
3533.604,神曲でした
3534.539,今日聞いてきましたこん
3536.951,こん
3543.779,こんひな
3545.254,名前なっがｗｗｗ
3547.513,サムネバグじゃない？
3549.315,サムネ・・・
3550.422,わこつ〜
3558.203,ポキ農そろったｗ
3558.558,ポキ農！
3559.469,ポキ農うおおおお
3562.964,ポキ農やｗ
3567.378,おお〜、1戦目からそろった！
3569.26,ポキ農きちゃ
3569.967,ほうほうほうｗｗ
3570.367,熱
3571.534,ポキ農うおおおおお！
3571.754,ｗｗｗｗ
3572.1,ポキ農う！
3572.104,アルファさん…
3573.37,おww
3573.481,おおおおおお
3574.404,ポキ農きた！
3575.671,サムネ違うぞ
3576.154,やんのか？
3579.98,揃ったのあっちぃ
3580.791,ポキ農きちゃ
3582.692,一戦目からpoki!
3583.203,アルファさんと対面w
3584.055,わああああ！
3586.426,こんひな
3588.217,Bメイン呼び出しｗ
3588.221,あち
3588.466,こん
3589.741,www
3592.444,ww
3593.38,ポキ農だ！！！！
3593.708,こん
3597.03,バインドやりたすぎる化身おるな
3597.236,ポキ農そろった
3597.825,こんひな
3597.834,ｗｗｗｗｗｗ
3598.013,wwww
3601.124,うるさぁwww
3601.596,www
3601.955,wwww
3602.131,wwwwww
3603.01,www
3603.316,かわいいｗ
3603.759,ｗｗｗ
3603.833,ｗｗｗｗ
3603.998,wwwwwww
3604.193,ええ？ｗｗ
3606.38,えぇぇぇぇww
3607.188,www
3609.1,だお強しw
3609.536,www
3610.393,かわいいw
3610.643,バインドだろーー
3610.653,www
3610.978,フ、ラクチャー
3611.002,声めっちゃ通ってたってｗｗ
3611.855,ｗｗｗ
3613.313,wwww
3614.113,wwwwww
3616.038,w
3616.693,検索よけにまけたｗｗ
3616.886,負けてて草
3620.83,ww
3627.801,大声ナイス
3631.54,ナイス声出し
3636.793,ちぐちゃんかｗ
3636.945,ちぐちゃんw
3637.943,なんで？w
3639.26,歌めっちゃよかった
3639.55,for victoryバカ良かったよ
3640.442,ポキ農きた
3642.222,ちぐちゃんなんやwww
3642.799,歌やん
3643.019,ちぐちゃんなの？
3643.518,wwww
3644.915,www
3645.376,ｗｗｗｗｗｗ
3645.527,なんで？？？
3645.532,ｗｗｗｗｗｗ
3645.948,wwww
3647.593,www
3648.524,www
3650.041,wwww
3651.001,無理ない？www
3651.283,エンジョイ？音楽はなり続ける？
3651.932,ポキ農揃った〜
3653.164,www
3653.255,どういうことｗｗ
3653.978,嘘だろｗｗｗｗ
3653.985,エンジョイ！
3654.387,www
3654.583,www
3655.125,www
3655.306,エンジョイ！
3655.484,Enjoy
3655.668,wwww
3657.03,ｗｗｗｗｗ
3657.213,歌うやついんのかよこわwwww
3657.425,すごww
3658.109,www
3659.466,関係あるかなぁ？w
3659.814,ちゃんと効果あるんやw
3659.948,wwwww
3660.006,まじかよwww
3660.296,ガチで草
3660.99,理由おもしろw
3660.981,そんなｗｗｗ
3662.837,歌の影響力すごいかｗ
3663.193,w
3663.887,世界平和そうだな
3664.338,アンコール沸かしてそう
3665.384,歌は強かったｗ
3665.81,ココロオドルは偉大だったw
3666.866,そんなシンフォギアみたいな
3668.014,野良でひどい目にあったかー
3668.068,マクロスみたいな事言ってる
3668.998,歌えっ！
3671.325,逆に歌われても困らん？
3671.531,あ
3671.859,おっと
3672.43,あ
3672.586,wwwww
3673.482,草
3674.079,wwww
3674.36,ｗｗｗｗ
3674.498,ｗｗｗｗｗｗｗｗｗｗ
3674.674,wwwwww
3674.796,WWW
3674.831,wwwwwwww
3674.869,wwww
3675.019,WWW
3675.059,wwww
3675.844,wwww
3675.948,あw
3676.139,wwwww
3676.231,ｗｗｗｗ
3676.31,ｗｗｗ
3676.316,ｗｗｗｗ
3676.673,wwwwwwww
3676.678,あ
3676.729,出たwwww
3677.382,あ
3678.917,wwwwww
3679.92,おっとw
3681.077,ひなーのじゃない？
3681.527,wwwwwwwww
3681.729,wwwwww
3681.771,www
3682.43,wwww
3682.828,あwww
3682.845,早速いじられてるw
3683.39,wwwwww
3683.393,ｗｗｗｗｗ
3683.504,さみしがりやいじりwwww
3683.836,別の配信者さんとマッチしててその人も歌ってたな笑
3683.936,wwww
3685.096,wwwww
3685.402,www
3685.609,ｗｗｗｗｗｗ
3686.122,寂しがり屋だもの
3686.633,wwwww
3686.637,寂しがりやな女の子www
3688.216,www
3688.594,wwwwww
3689.831,ええてｗ
3691.17,www
3691.209,ｗｗｗ
3691.659,寂しがり屋の女の子歌ってー
3691.892,こーれしばらく弄られます
3692.659,www
3693.808,こん
3694.949,寂しがり屋な女の子が浸透してきたな
3694.947,だりぃww
3695.366,こーれ特殊エンディングです
3696.797,ガチでおもろいwww
3698.563,ゴリちゃん歌みたあげてるよなあ？w
3699.71,寂しやがりやな女の子？w
3699.878,うたとげーむがすきななんだっけ？笑
3708.718,トロールクリップも晒されたしなww
3711.685,こん
3716.347,まじかｗ
3716.832,あっ
3717.141,え
3717.796,ｗｗｗｗ
3722.076,ら、だ
3722.909,え？
3723.483,距離近すぎたか
3725.179,だおまじかぁww
3726.248,wwwwww
3727.293,ww
3727.393,wwwwwwww
3730.268,wwww
3731.61,だおw
3731.706,www
3733.535,ｗｗｗ
3733.658,ｗｗｗｗｗ
3735.038,脅し方が特殊ｗ
3735.662,返し強いwww
3737.275,ちょうど今日フルバージョンが公開されましてね
3737.277,wwww
3750.324,ちぐちゃんピック広くない？w
3752.345,こん
3758.373,何を言ってる？www
3764.387,ポキ農揃ってるのエモ
3765.554,義務モク？
3765.784,アストラきた！
3767.649,モ，ク
3768.167,アストラきちゃー
3768.834,何もできないゴリラもいますよとｗ
3772.982,やっぱモクよ
3773.921,本職？
3785.988,ネオンも可
3786.112,ギアさんのレイズ見た事ないw
3787.391,きたぁw
3787.466,きたあｗ
3792.035,義務レイズ
3792.449,クソ短くなった
3795.115,ジェットでも加
3798.853,ギアさんのパッションレイズ見たいw
3798.893,wwww
3803.16,言わねえ…
3806.173,ギアさんのレイズは沼で有名
3809.937,wwwww
3815.558,あー
3816.378,あー
3817.718,あ～
3818.331,リークマジか
3820.569,あー
3822.423,知ってた
3823.314,グロめか
3824.977,ジャッジの人
3828.601,めたい
3828.682,リーク来たw
3829.129,リーク
3829.997,ないすリークw
3831.136,wwww
3831.277,人メタｗ
3832.437,犯罪者予備軍か
3832.424,ちゃんとリーク
3832.543,wwwwwwww
3832.756,メタ読み草
3834.27,えびおはモク中ジャッジしかせんからなｗｗｗ
3835.165,スパイいるの
3836.013,初見です
3836.077,リーク多いなｗ
3836.836,メタ読みがはかどるww
3837.07,インスモジャッジだから凶悪
3837.066,メタきたw
3837.987,リーク多めか
3839.523,人読みがリアルだなぁw
3840.22,リークデカい
3840.354,とんでもない量出てくるやん
3840.842,リークナイスw
3842.359,ちゃんとガチw
3843.959,内部告発かぁ
3844.93,人メタきた
3845.131,パラボラも好きやね
3849.205,りりむはいつものネオン
3853.948,２デュエかぁ
3858.497,GLHF！
3868.228,１戦目ふぁいてぃん
3871.268,GLHF!
3873.273,勝つぞー
3876.342,GLHF!
3878.284,ｗｗｗｗｗｗ
3879.962,今来たけどひなーのサムネと人なんか違くない？w
3880.096,www
3882.19,wwww
3882.976,買って買ってｗｗ
3883.448,www
3886.251,www
3886.987,難しいこと言われてもぉ！！
3887.462,wwww
3887.56,WW 
3887.589,www
3888.116,www
3888.888,あっ
3890.931,ｗｗｗ
3890.932,wwww
3891.972,ｗｗｗｗ
3892.098,ｗｗ
3893.294,ｗｗｗ
3893.995,wwwwww
3895.756,www
3896.088,いないw
3896.306,www
3897.032,だめだぁｗ
3897.131,ままーのしてるw
3897.311,ゴリちゃん！？
3897.318,ぐだぐだw
3897.706,www
3897.989,ｗｗｗ
3898.169,wwww
3898.185,www
3898.895,わちゃわちゃｗ
3900.042,wwwww
3906.523,ヨチヨチゴリラｗ
3913.129,スパァ？
3918.079,つよ
3926.937,wwwwwwww
3928.817,nt！w
3929.659,www
3930.523,えぐwww
3930.864,ｗｗｗ
3931.101,舐めプかぁ？？？
3931.134,wwww
3932.082,ｗｗｗ
3933.703,くっそｗｗｗ
3934.342,WWW
3934.797,なめぷ
3934.746,振り返ったらめっちゃいるｗｗ
3935.05,nt！
3935.278,www
3937.358,nt
3942.511,nt
3943.051,ドラミングしてけぇ
3943.121,ｗｗｗ
3961.754,キモすぎですw
3963.373,これはキモいww
3963.845,wwww
3963.989,多いてwww
3965.036,きっしぇｗｗ
3968.3,エグい待ち方しようとしてるw
3970.277,距離取られたら終わりやなwwww
3971.502,www
3973.173,ｗｗｗｗｗｗｗｗ
3974.327,ｗｗｗ
3974.973,いなくね？
3977.518,なんか静かだなぁ
3981.609,トコトコなんよね
3985.646,行くべｗｗ
3988.128,えぐいｗ
3988.195,きもｗｗｗ
3989.435,登下校の班かな？
3990.655,ドラクエやめてw
3990.731,wwwww
3991.912,www
3993.193,トコトコでワロタ
3995.548,一旦リテイクか
3998.853,戦国ゲーミングみたいなことしてるなw
3999.849,詰んだw
4000.594,www
4002.63,きもすぎｗｗ
4003.407,５段ｗ
4004.018,wwwww
4005.058,5段えぐいw
4005.995,wwww
4006.777,キモいなぁwwww
4007.651,www
4008.256,どうすんのよこれｗｗｗ
4012.613,きもすぎぃｗ
4013.382,サムネ間違ってません？
4013.662,もうこのラウンド捨ててるwwww
4015.695,こなかったらやべえｗ
4016.535,www
4017.87,www
4018.416,このラウンドなんだよw
4019.213,もう解除は捨ててるの草
4019.966,キモすぎです
4023.702,wwwwww
4023.804,これどうゆう状況w
4025.269,ｗｗｗｗｗ
4025.456,wwwwwwwww
4026.086,wwwww
4026.251,え？
4026.36,wwwwwwww
4026.799,ねぇー
4028.128,なにこれｗｗｗｗ
4028.243,wwwwwwww
4028.646,wwwwwwww
4028.657,滑稽すぎるww
4029.081,終わってるよwwwwww
4029.375,ｗｗｗｗｗｗｗ
4030.68,wwwww
4030.685,wwwww
4030.801,www
4030.868,ｗｗｗｗ
4031.009,wwwwww
4032.807,wwwww
4033.026,wwww
4033.033,wwww
4033.231,wwww
4033.601,全員かよ
4033.907,なにこれｗｗ
4034.042,ｗｗｗｗｗ
4035.058,www
4037.034,めちゃくちゃだよw
4037.964,全員吹っ飛んだしｗｗｗ
4038.358,wwww
4039.421,wwww
4039.405,www
4040.568,競技シーンですか？
4040.77,wwwww
4041.313,nt
4041.432,ガチで終わってるw
4041.579,www
4041.836,wwwww
4053.271,敵さん？？？？ってなってるよw
4054.993,まぁここからだよなぁ
4056.507,草
4057.316,おかわりw
4057.435,カスタムならではの面白さ
4066.218,きしょめwwwだ
4079.765,あれw
4082.167,www
4083.831,一旦空振りか
4105.142,こん
4130.134,サムネは関係ない感じ？
4133.797,つー
4140.032,サムネはバグ
4140.174,ないすー！
4142.19,うおおお
4142.369,uooooo
4142.42,つっよ
4143.2,うおおおおお
4143.699,ナイス！！！
4144.644,ギアさ～ん
4144.661,ないす！！！
4145.174,おおおお！
4145.327,つんよ！！！！
4145.404,あ
4145.96,おー
4146.806,ギアさんうまあ！
4147.277,つっよ
4150.907,りりむww
4151.01,りりむ！？
4151.093,ないすぅ！
4152.038,落下ｗｗ
4152.971,落下は草
4154.644,ないす
4155.337,え？
4156.497,りりむちゃんw
4157.318,落下・・・？
4157.712,どうやって？www
4157.917,いいむ・・・
4158.353,wwww
4162.378,落下死マ？ｗ
4166.965,さすがFNC
4167.309,Apexやってる？りりむ
4199.357,グレ来て逃げる→タワーから落下かな?
4201.822,www
4204.15,笑い声ｗｗ
4205.492,悪い笑い出てるw
4205.761,笑い方悪すぎ
4206.075,笑い方ｗｗｗ
4206.394,笑い方wwww
4206.739,ココロオドってるわ
4206.956,声w
4207.362,わっるいやついたなw
4207.612,笑い方ww
4207.734,笑い方よ
4207.779,笑い方w
4208.457,www
4209.42,踊ってるわ
4209.643,笑い方ｗｗ
4210.229,笑い方やばｗ
4211.365,悪魔みたいな笑い方おったけど
4237.764,わん
4241.161,ナイスワン
4250.48,ｗｗｗ
4252.128,ｗｗｗｗｗｗｗ
4252.483,おしぃーnt
4252.636,nt
4255.958,nt!
4256.225,nt！ｗ
4256.481,ntnt
4256.522,ｗｗ
4256.847,nt！w
4256.878,wwwww
4256.931,なんだ今のwww
4257.026,nt
4257.112,ナイスワン
4259.857,nt
4261.277,nt
4261.99,nt!
4262.661,nt!w
4270.26,nt
4272.038,nt！ww
4278.474,キャラコン…
4283.31,おじいちゃん反応速度が・・・
4290.185,あ
4293.117,www
4294.931,おっと
4301.634,ないすわん！
4302.648,わん
4303.126,ナイスワン
4304.537,ナイスワン
4308.496,ポキ農こっちチーム全員いるのか
4313.012,わん
4322.77,ないすつー！
4326.306,いいよー
4326.545,つー
4327.443,ナイスツー
4327.684,ワン
4331.114,ないすー
4334.872,ないす！
4338.018,ナイスナイス
4341.532,ちぐちゃんが心躍ってるなぁw
4342.944,www
4344.097,ないすーー！！
4344.871,wwww
4347.948,www
4349.496,www
4350.219,wwwww
4351.647,ココロオドル
4354.554,ココロオドル？！
4364.338,ひなーのも心躍らせてこ
4368.394,ココロオドってるなあｗ
4369.565,ココロオドルアンコール沸かせ
4378.333,www
4382.266,www
4441.834,ひなーの大人しくない？
4450.75,www
4450.691,めっちゃ真面目なのかミュートなのか
4460.667,www
4460.665,www
4464.646,なーいす
4465.58,ないすー！
4468.015,ｗｗ
4471.939,ないす！
4472.273,ないすー
4475.269,ないす！
4477.645,wwwww
4478.342,おおｗｗ
4479.335,いいねw
4479.702,乗ってきな的なｗｗ
4479.957,ここは心踊るところか
4481.352,ｗｗ
4481.489,wwww
4482.064,ｗｗｗ
4484.346,ないす～～～～～
4485.202,www
4486.394,wwwww
4487.367,ひなーの上手いね
4488.119,いいやんいいやん！
4496.004,ゴリちゃん歌乗ってくれるからいいよなぁww
4520.23,どぅーんは村上ジョージなんよ
4525.391,めがねかわいい
4541.83,わん
4546.794,ワン
4547.421,ないすわん！
4549.271,ん？
4554.631,www
4559.953,そうだよねそうだよね？
4560.463,キモくないか
4560.77,g!?!?!
4561.05,きもくはないか
4563.889,くない
4567.529,ナイスツー
4572.494,あるよ！
4574.673,あるよー
4580.527,うおおおおおおおお！
4581.628,まにあわんかー
4581.903,おしーい
4582.903,うま
4583.123,おしいいいいい
4583.547,おおおおおお
4584.16,おしぃnt
4584.366,うまい
4584.564,おしいいnt
4585.115,おおおお！！おしーーーー
4585.366,おしぃー；；
4585.601,おっしいいーー
4585.766,おしいいいいい
4585.951,おしいいい
4585.994,nt
4586.024,おしいいいいいい
4586.84,いいえいむ
4587.027,おしいい
4587.156,おしい！nt！
4587.47,おしい！
4587.727,nt
4587.755,つよ
4588.355,おしいーーー
4588.734,ないすうう
4588.823,つんよ
4589.307,nt
4589.31,うま
4590.266,nt
4590.886,nt!
4591.98,おっしぃぃぃ
4592.177,おしいーーー
4592.678,ナイスだけど
4593.196,ナイス削りきりよ！
4593.364,おしい！
4593.776,nt!
4593.891,wwwwwwww
4593.934,つよッ！！
4594.745,おしいいい
4594.884,ntnt
4597.208,nt!
4597.198,おしいいいい
4598.55,www
4599.202,nt
4600.719,シンプルに感謝
4601.663,www
4602.042,口説かれるのやめて
4602.083,nt！
4602.693,wwww
4602.906,wwww
4604.71,イチャイチャ…
4605.43,www
4607.03,ひなーの歯茎です
4607.264,おしいけど
4607.476,www
4609.024,www
4620.73,強かったなぁ
4622.582,これptの女性はちぐちゃん・・・？
4624.165,固まるのすき、、、？
4629.648,これはエンジョイです
4644.593,裏から全然来ないなぁ
4647.274,ちぐちゃん陽の者過ぎてまぶしいよぉ
4649.897,うま
4650.544,今来たけどサムネ間違ってね？
4650.744,うま！
4650.988,ナイスワン！
4652.038,つっよ！？
4652.217,わん！
4652.399,えっぐw
4652.744,ないす！でかい！！
4652.809,つよ
4654.623,つんよ
4654.848,？！
4654.933,つっよ
4655.826,うま
4655.989,つよ
4656.786,つよ
4657.353,わん
4660.261,ナイスワン！
4661.266,え？
4662.301,ワンショで沈めたってw
4663.224,らっだぁ、バーチャルゴリラ、スパイギア、橘ひなの、西園チグサです
4674.017,オラァ！？
4677.187,バッキーショーティでw
4678.215,声ふっとwww
4679.016,サムネはバグ
4687.12,nt
4687.377,nt
4687.993,気合いはいってんなぁw
4688.048,nt
4688.603,nt!
4688.602,nt！
4690.535,nt！
4690.659,nt!
4690.994,nt
4691.302,nt
4692.252,nt！
4692.597,ntnt
4692.59,メンバーありがと
4693.177,ひなのさんがかっこよすぎて！
4693.632,nt!
4696.491,nt
4697.356,サムネバグかty
4697.639,nt~
4700.378,nt
4707.291,ちぐちゃん
4713.521,サムネ詐欺きっつ
4718.547,www
4718.838,wwww
4718.845,wwww
4722.741,www
4724.618,www
4725.724,何でも好きやん
4725.798,www
4727.063,サムネバグ？
4745.971,定期的になるバグ
4747.305,バグです
4749.018,サムネはバグですね（最近ずっと）
4755.984,今だれとやってるんですか？
4765.196,俺もこの分たれ使お
4794.848,だおw
4801.546,ないす！！
4802.787,ないすー！
4803.463,おほほ
4804.32,つよい！！
4804.28,うおおおおおおお
4806.393,つよーい！！
4806.602,なーいす！！！
4807.023,おおお
4807.714,ひなーの！？
4807.768,つよすぎ
4809.157,ｂ
4810.04,ないす～！！
4810.112,強すぎ！！
4810.16,ナイス――！！！
4810.602,つよーい！
4811.086,つよ！
4812.928,今のは気持ち良すぎです
4815.224,かっこいい！
4816.566,wwwwwww
4817.429,wwwwww
4818.448,ｗｗｗｗ
4819.677,ｗｗｗ
4819.768,wwwwwww
4820.392,www
4820.419,ｗｗｗｗｗ
4820.753,wwwww
4821.875,本人やんw
4822.384,ちょっと似てるw
4822.414,wwwww
4822.442,wwwww
4822.687,wwwwwwwww
4823.048,wwwwwww
4823.243,wwwwww
4823.7,www
4824.646,結構似てるｗ
4824.886,ゴリちゃんｗｗｗ
4825.352,似てて草
4825.808,www
4826.037,www
4832.371,パリピの集まりですwww
4837.016,本人おるやんw
4837.111,ゴリちゃんw
4848.805,せーのがさんはい…？
4863.738,せーのがさんはいどん・・？
4868.287,どっかで聞いた掛け声だな
4872.669,ナイスワン
4872.859,ないす！
4873.248,うまい
4875.426,わん
4876.591,おお
4876.704,うますぎ
4883.108,わん
4890.024,お米さんひなーのにボコボコやんw
4890.69,www
4893.269,ないす！
4893.316,ｗｗｗ
4894.02,wwww
4894.58,ｗｗｗｗｗ
4894.91,ナイスジャッジ！
4896.808,ないすー
4896.924,www
4897.671,ナイスナイス
4899.484,ｗｗｗｗｗ
4902.269,www
4902.616,最高
4902.759,wwww
4902.943,wwwww
4903.655,wwwwww
4903.628,wwwww
4903.786,judge gaki
4904.848,ｗｗｗ
4905.545,終わってるw9
4906.035,www
4906.456,ギアさんえっぐいw
4906.618,くっそw
4906.783,性格悪すぎw
4908.205,悪魔か？w
4908.526,完全に悪役ｗ
4908.791,ギアさんわからせるの好きねw
4911.527,良い性格ゥ！！！！
4911.638,いい性格してる
4912.128,wwww
4912.938,ガラ悪いなぁw
4916.052,アスパラ育ちでたな
4917.99,性格いいなあｗｗｗ
4918.502,性格えっぐｗ
4923.953,こん
4926.145,いい性格してるなあｗ
4932.021,ジャッジなんだよねぇ〜
4953.262,おっしい
4953.617,えっど
4971.82,撃ち勝つんだよねw
5001.969,nt
5004.079,nt
5005.27,nt！
5005.577,nt
5005.836,ntnt
5006.122,nt！
5006.276,nt！
5006.892,nt
5007.48,nt
5007.775,nt!
5008.263,効いてる？
5011.191,nt
5011.323,nt！
5013.659,nt
5014.968,nt
5015.189,wwww
5017.782, wwww
5018.889,wwww
5019.156,nt！
5020.386,アルファさんえっどいなぁ
5026.336,みんな今日出るなぁw
5042.15,これめっちゃいいバランスかもしれんな
5042.789,まぁがまんよくないよね
5047.535,こん
5050.726,ひなーのサムネ間違ってね？
5064.442,サムネはYouTubeのバグです
5064.908,こんひな～の
5070.351,ないすー！
5071.128,ナイスナイス
5075.199,なーーいす！
5077.707,ないすー
5078.082,ないす！
5080.258,www
5081.004,サムネバグ
5083.586, wwww
5084.405,wwww
5085.369,wwwwww
5085.892,wwww
5086.128,ｻﾑﾈﾊﾞｸﾞ
5086.209,wwwwwww
5087.044,ww
5087.681,一生言われとるねｗ
5088.011,wwwwwwwww
5088.02,こわいってwww
5088.03,wwwwwww
5088.202,www
5088.612,wwwww
5088.58,りょーうかい！
5088.728,あーいｗ
5089.196,www
5089.467,了解了解了解了解
5089.473,WWW
5089.68,wwwwwww
5089.893,了解すｗ
5089.774,wwwww
5089.986,wwww
5090.048,分かったってw
5090.103,分かったwwww
5090.62,wwww
5090.631,そうなのかソーリー
5090.715,www
5091.067,www
5091.409,ナイス固定
5092.117,www
5092.074,サムネバグです
5092.235,www
5092.651,ｗｗｗ
5092.684,おけおけ笑
5094.018,ｗｗ
5094.12,www
5094.264,分かってるよｗ
5094.884,www
5095.44,サムネはバグです
5096.425,www
5096.595,わかってるーの
5097.937,ｗｗｗ
5098.557,ひなーのがバグったw
5099.871,wwww
5099.862,うるせえ
5105.02,はーい
5105.837,ひなのバグです
5108.31,サムネとメンバー聞いてくるのうっせえ
5108.584,wwww
5108.828,※サムネはバグです
5109.655,出たな
5111.966,きちゃーwwww
5111.999,ww
5115.666,分かったってw
5119.571,サムネはバグ
5122.448,ひなーのがバグってはいたなw
5123.055,ひなーのバグっちゃった
5125.132,ガンダの民きた
5128.731,コメントもバグです
5130.286,シンはジェクト
5131.479, wwww
5137.451,ﾋﾅｰﾉ名物ピストルアーケードラッシュ
5139.184,いけいけー
5139.444,イケイケ
5149.378,もう話しません
5154.264,走るなぁ！w
5155.163,そりゃはしるよ
5156.124,走るなぁｗ
5162.338,綺麗に避けたなあｗｗ
5168.757,ないすー
5170.235,ないす！
5170.335,ないすぅ
5173.487,ナイスー
5174.141,ナイスナイスー！
5175.026,ないすー
5176.195,おー！逆転！
5179.984,ナイス!!
5185.912,ディスコードあると嬉しいな
5189.61,あれw
5190.199,アケガンダの成功率高いなw
5195.245,a
5195.934,w
5197.063, wwww
5197.311,びっくりしたｗｗ
5199.671,wwww
5200.445,ありゃ
5200.937,出ないんか
5201.558,あらww
5202.476,wwwww
5202.757,お？
5202.857,www
5203.538,w
5204.643,よかったw
5204.696,おけ
5205.155,www
5205.876,ww
5207.956,ｗｗｗ
5209.954,名誉モデ
5224.922,一瞬だけの名誉モデ
5239.44,w
5244.712,良い人がモデになってよかったw
5261.333,なーいす
5261.976,ナイス
5264.469,ないす！
5264.619,ないす！
5267.587,wwwwwww
5268.757,ないすぅ
5269.322,な＾
5270.144,どんな褒め方？ww
5271.332,wwww
5272.182, www
5272.68,www
5273.672,ｗｗｗ
5274.128,ｗｗｗ
5274.178,ｗｗｗ
5276.431,www
5277.206,ギアさん実際の見込み早いw
5277.931,wwwwww
5278.089,シーズグレ…ｳｯ頭が
5279.47,いや流石ギアさんっす
5280.559,うめーひとはちげえなあ！
5283.301,www
5287.466,イケメンスナイパーね
5295.585,世界を射抜くイケメンスナイパー さん
5296.231,草
5296.26,wwwwwww
5296.92,ちゃんと殴るww
5302.997,w
5316.01,空気良すぎです！
5339.545,7wwww
5341.668,7ナイスw
5342.93,７ないすｗ
5343.654,7でかいよー！
5345.053,その報告ナイスwww
5348.298,7報告ｗｗｗｗ
5348.703,ちぐちゃんかわいいw
5352.936,ジャッジ！
5353.471,あｗｗ
5353.659,７でも
5354.809, www
5357.044,バウバウきちゃー
5362.632,ないす！
5362.673,ナイスワン！
5366.653,報告できるのえらすぎ！
5371.57,うっま
5375.235,www
5376.744,きるくりっぶのやつねw
5376.965,つよ
5377.306,おしいいい
5377.736,nt
5378.387,うっま
5378.799,nt
5379.045,nt！
5379.121,え
5379.197,nt
5381.872,nt
5382.102,nt！
5382.853,うまかった！ないえこ！
5383.162,ないえこ
5385.077,wwww
5387.255,nt
5387.674,wwwww
5388.513,nt
5389.183,wwwwwwww
5389.233,nt
5389.718,かっこいいなあｗｗｗ
5390.364,nt
5390.889,だるいwwwww
5392.245,草
5392.398, wwww
5393.35,ｗｗｗ
5394.519,ダルいなぁwwww
5395.069,ｗｗｗｗｗ
5395.696,nt
5396.941,www
5398.551,ﾏｧﾏｧ
5401.884,だおーw
5402.09,こん
5402.376,なんでも褒めてくれるやんｗｗ
5427.338, wwww
5437.316,ナイスワン
5451.466,ナイス分かたれ
5460.87,スパイクまずいか
5465.854,いい壁出すなあ
5477.008,おっしいい
5477.989,まじか～
5479.37,おしぃー！！！
5479.654,nt
5481.026,おしいいいい
5481.2,nt！おしい！
5481.315,おしい
5481.601,おしい
5481.813,nt
5481.981,nt！
5482.085,nt!
5483.21,nt!
5483.844,nt！
5483.961,おしいいいい
5484.669,おしいい！
5485.356,アルファさんつええ
5486.885,nt
5487.775,nt~
5488.25,nt
5488.884,nt
5490.012,いい勝負
5490.95,やらしいとこおった
5491.397,nt
5493.459,nt!
5493.951,nt！
5496.454,nt！
5505.085,なんでもカッコいいラ＝ダオ
5506.792, www
5507.342,本当オートバランス優秀だよな
5507.343,ん？ww
5509.225,wwww
5509.38,話の振り方なに？ｗｗ
5510.483,www
5513.237,ゴリハラ？
5513.464,物理ｗｗ
5514.658,物理的強者
5548.146,嫌な音したなw
5551.095,声ｗｗｗ
5551.604,わからされてるｗｗ
5556.788,こんひな
5560.385,うっま
5560.393,うんま！
5561.23,うま！
5561.662,うんま
5561.742,うますぎ
5562.452,えぐ
5563.156,うっま
5566.105,うっま
5572.097,ひなーののハンドガンは最強よ
5579.684,www
5586.503,モクうぜえ～
5587.069,シェリフ冴えてんねえ
5589.569,www
5590.14,えびおいるよな
5591.185, ww
5610.139,あ
5612.392,wwwww
5612.482,ｗｗｗｗｗｗｗ
5612.726,wwwww
5613.294,うおおおおおお
5613.444,ナイスw
5613.983, wwww
5614.016,www
5614.826,wwww
5615.186,ｗｗｗｗｗｗｗ
5615.497,草
5615.747,wwwwwwwww
5615.835,ｗｗｗｗｗ
5616.002,草
5616.001,ｗｗｗｗ
5616.302,wwwwww
5616.343,wwwwwww
5616.599,ww
5616.683,wwwww
5617.205,www
5617.286,ｗｗｗｗｗ
5617.585,ww
5618.528,nt
5619.653,草
5620.706,wwwwwwwww
5620.767,wwwww
5621.593,ないす！
5621.702,すげええｗｗｗｗ
5621.856,www
5621.889,うま！
5622.455,wwwwww
5622.46,ナイスナイスwww
5623.145,www
5623.229,ｗｗｗｗｗｗｗｗｗｗ
5623.167,うめえ
5624.5,wwww
5624.587,うっまｗｗ
5624.734,wwwwww
5625.576,２つ持ってたのおいしいw
5625.551,ｗｗｗｗｗｗ
5625.869,www
5626.258,www
5626.363,www
5626.451,wwwww
5626.489, wwwwwwww
5628.282,ｗｗｗ
5628.638,wwww
5629.619,うっまいw
5629.773,www
5629.885,ｗｗｗｗｗｗ
5630.63,うますぎｗｗｗｗｗ
5630.742,やべえ
5630.687,いたなあｗｗｗｗｗ
5631.246,wwww
5632.012,www
5632.217,スカッとｗ
5632.225,wwwww
5633.306,www
5634.163,うんま
5634.282,wwwww
5634.292,wwwwww
5635.616,そこに身晒してんのはさあｗｗｗ
5641.174,ナーイス！笑
5641.814,wwww
5645.416,二人もってったのナイス
5645.624,ほんといて草
5660.965,ジャッジにオールインしてるわ
5682.737,またジャッジ
5684.704,ジャッジやんけww
5685.194,えーと？
5686.906,またジャッジ買ってるｗｗ
5687.615,恨みがｗｗ
5687.839,なんで？w
5687.987,え？
5688.873,一生ジャッジもっとるw
5689.739,wwww
5692.312,なんでｗ
5692.573,どゆこと？www
5727.079, wwww
5729.957,上級生ペアがんばれ！！
5734.542,あるよー
5741.088,がんばれ
5745.835,nt
5746.091,nt！おしい！
5746.132,nt
5747.598,おしぃーnt
5747.915,おしいいいいいい
5748.072,ntnt
5748.505,nt
5748.655,nt！
5749.102,nt
5749.719,nt！
5751.686,nt
5752.212,nt
5752.885,nt!
5764.74,nt!
5772.731,nt!
5794.628,寂しがりや女子
5832.954,？
5833.238,こんひな〜
5838.599,？
5839.794,バグってないよ
5841.784,バグってなさそうだけど
5851.285,こっちはなんともないね
5856.085,こっちは大丈夫だったよ
5858.836,バグってンの？
5858.911,こちらは正常ね
5864.58,大丈夫ですぞ
5872.453,お母さんやめてw
5880.431,www
5883.932,ナイス
5888.14,じっくりみるじゃんw
5891.55,ああああああ
5891.99,おしいいいい
5893.553,おしいいいい
5893.999,おしい！
5894.824,おしい
5894.82,おしい！nt！
5895.059,wwww
5895.445,えっぐいw
5896.075,くっそｗｗｗ
5897.909,バウバウしてきたなぁ
5898.086,おしいｗ
5898.24,www
5899.391,ジャッジwww
5899.925,おしいいいいい
5900.263,おしい！
5900.501,まじかあああ
5901.302,nt
5901.247,www
5901.349,ジャッジなんだよねえ
5902.863,おしい
5903.923,nt
5905.241,おしいいいい
5906.028,スシマスえらすぎだろｗｗｗｗ
5911.768,受け継がれしジャッジ
5916.206,持ち替えたの偉すぎるな
5917.63,マジでいい勝負
5921.363,の意志を継ぐもの
5922.694,怨念の如くジャッジが…
5923.659,エビオジャッジ
5928.602,ABOへのヘイトｗ
5931.85,おっしwwwww
5933.375,人読みがすごいw
5941.386,ぶいにじカスタムか！
5944.594,解除泳がせなければ勝ってたなw
5957.063,わん
5957.173,ないす！
5963.22,ないすわん！
5964.993,うまい
5965.319,ゲスやったw
5981.325,そろそろ晴れるよ！
5984.081,ないすー
5988.684,ないすー！
5989.176,ないすｗ
5992.248,ないす～
5995.581,そろそろ晴れるよｗ
6002.163,www
6014.27,SGの怖さw
6086.956,ジャッジ２
6087.141,ｗｗｗ
6088.747,きめええええええええ
6089.119,えぐwww
6089.463,ジャッジｗｗｗ
6089.815,ジャッジｗｗｗｗ
6090.629,nt
6090.875,えっぐwww
6091.127,ジャッジなんだよねぇww
6092.019,やってるわｗ
6094.224,きっもww
6094.322,キモすぎるwww
6094.922,えぐww
6095.535,www
6096.235,やばすぎw
6099.112,えぐいなあｗｗ
6100.539,えっぐw
6102.656,えぐWWW
6103.834,不快なやーつww
6106.448,キルログがぐろいw
6107.226,ジャッジ集団えぐw
6110.855,えっぐｗきっしょｗ
6112.472,滲み出てるな
6194.188,可爱上线了
6229.284,ないすー！
6231.116,ないす！
6232.778,稼ぎ
6243.191,ないす
6244.58, wwww
6245.004,www
6247.49,ｗｗｗｗ
6248.373,ｗｗｗ
6249.994,だおオペきたw
6250.225,wwww
6250.517,ｗｗｗｗｗ
6251.235,だおｗｗ
6252.364,www
6253.083,ないす！！！
6266.917,だおのこと笑うわけないやんw
6266.987,かっこいい〜
6314.102,わん
6315.591,ないすわん！
6317.656,ナイスツー
6318.903,うま
6319.437,ないすつー！
6322.037,すぎ
6335.762,バウバウされたぁww
6336.515,ないふぁい～
6337.317,おしいいいいいいい
6338.727,ntgg
6338.854,nt！
6339.161,GG
6342.998,ないふぁい
6343.097,えぐいてw
6343.34,どまーい
6343.367,キモすぎるwww
6343.411,ntgg
6344.302,ないふぁい
6345.73,バウバウが
6345.768,nt！
6346.859,バウつよ
6347.022,nt
6347.141,ないふぁい！
6348.884,nf
6350.07,ないふぁい
6353.047,今更だけどポキ農じゃん
6353.279,nf
6353.293,ないふぁい
6354.563,ないふぁい
6355.537,ないふぁい
6355.842,えいゆううううううううううう
6359.271,nt
6360.181,nt
6361.522,t
6365.283,ないふぁい
6367.279,nf
6367.906,nf
6369.42,ばりおしす
6374.325,nt
6374.961,ちゃんとリーク正しかったw
6383.752,良い試合だったなあ
6395.923,www
6396.237,ｗｗｗｗ
6396.577,wwwww
6397.38,ｗｗｗｗｗｗｗ
6400.357,wwwww
6406.594,www
6408.814,www
6410.06,楽しんでんなぁｗ
6410.303,www
6411.3, wwww
6412.24,あ
6412.929,あっ
6416.084,すれ違い通信、、、
6419.117,お散歩してた時かｗ
6422.095,ｗｗｗ
6423.509,5段待ちｗ
6424.182,あっ
6426.202,wwww
6428.448,wwwww
6429.218,www
6437.665,wwww
6446.705,wwwww
6447.108,wwwwww
6447.321, wwwww
6449.739,www
6452.289,wwww
6453.911,売られたえびおw
6458.107,www
6464.706,レスバおもろいｗ
6467.867,あずーる？w
6470.607,主催に対してw
6470.907,ｗｗｗ
6475.749,なんか決めつけじゃない？
6483.114,ｗｗｗｗ
6486.931,wwww
6491.727,ｗｗｗ
6491.832, wwww
6492.108,うるせｗ
6493.552,ロータスｗｗ
6494.815,さあどれが選ばれるｗ
6495.735,ロータス草
6505.498,バインドきちゃああ
6512.363,まぁまぁ、ここは間をとってアイスボックスという事で一つ
6512.597,バインドきちゃあ！
6515.33,バインドジャッジでは…？
6516.899,SG強いぞ
6521.326,壁すり抜けるか
6522.855,バインドジャッジ…
6526.88,バインドジャッジつええぞお
6527.861, www
6531.947,さぁsgマップどうなる
6534.457,www
6543.459,ｗｗｗ
6544.696,ｗｗｗ
6545.167,wwwww
6545.984, wwwww
6546.355,wwwww
6547.335,こっわw
6550.785,wwww
6551.171,www
6556.889,モク中にトラウマ植え付けるか
6557.018,www
6559.491,ジャッジでやり返そうw
6560.899,怖いwww
6562.236,こんばんは
6564.703,もうオーディン出すか
6567.929,www
6568.22,圧かけてけ
6572.56,台パンのフラグが建ちました
6579.202,オーバーレイ感謝
6592.683,こんひな！
6596.85,ブーブー広まってきたな
6602.805,あのルンバは強すぎたんや
6604.542,3歩歩いて壊れる
6611.802,こん
6613.027,wwww
6614.187, wwwww
6615.978,野鳥wwww
6617.359,www
6617.551,野鳥ｗ
6617.717,野鳥まじかｗ
6618.549,ぱたぱたしちゃうか
6619.593,wwwwwww
6619.739,野鳥www
6619.889,wwwww
6619.922,野鳥ｗｗｗ
6620.516,野鳥www
6621.247,www
6621.683,おもろすぎるだろ
6621.634,え？ww
6622.423,野鳥wwww
6623.615,www
6623.664,ほなしゃあないか
6623.862,輝く前ｗ
6625.949,野鳥ｗｗｗ
6627.393,wwwww
6628.035,www
6629.586,ｗｗｗｗｗｗ
6631.172,野鳥w
6632.41,www
6632.986,ｗｗｗｗｗ
6634.009,ツボりすぎｗｗｗｗｗ
6634.485,くそツボっとるw
6634.884,バカウケですwwww
6636.701,おもろすぎw
6638.001,ｗｗｗｗ
6642.748,シンプルにウケすぎwwwwww
6644.044,野に放つのかw
6647.391,買ったのにどっか行っちゃうまじか
6649.879,こういう鳴き方する鳥いそう
6652.285,ツボ入っちゃったって
6661.954, wwwww
6664.748,やっばｗｗ
6665.462,ぐろすぎるwww
6666.177,チェンでもいいよ
6669.736,鳥のモノマネだったか
6672.039,wwwww
6672.245,www
6673.195,全員レイズいいなぁw
6678.513,え？ｗ
6678.924,wwww
6680.951,ヨルだすか
6683.583,BO3まじかw
6692.238,BO3だったのか
6713.687,おほほw
6713.773,ヴァロ博士？
6714.24,ウルトでも強いからな
6716.423,チェンバーw
6717.921,おほほ
6718.335,おほ
6719.049,おっほ
6719.197,チェンバーのナーフより全然まし
6720.927,そのアプデってもう入ったの？
6725.776,スカイか？
6731.927,レイズGO
6737.183,ジェッ、と
6752.649,スパジェ
6757.989,えっ
6758.391,おじさんwww
6758.473,ガンガンに詰めてくるやんｗ
6758.561, wwww
6761.124,wwwwwwww
6763.214,おっとw
6764.728,wwwww
6765.804,www
6766.168,www
6766.463,wwwww
6766.709,おじさんはちょっとまずいか
6767.213,草
6767.864,wwww
6768.397,これだからポキ農は
6768.991,おぢさん
6770.913,wwww
6771.318,え！”って呼ばれてるって・・・ことぉ？
6771.584,おじさんs
6775.251,wwww
6775.295,wwwwww
6775.987,ｗｗｗ
6778.584,イイゾモットヤレ
6781.876,おじさんさぁ
6785.162,地獄で草
6786.079,野鳥がいっちゃん怖いｗｗ
6788.01,野犬ｗ
6793.022,野犬w
6795.811,えぐww
6795.971,野犬はまずいwww
6797.46,野鳥（白色
6798.375,野犬もいますかw
6799.065,敵しかおらんか？
6805.782,おじさん2人と女１人のポキ農
6811.64,wwwww
6814.621,最悪チートで逃げれば勝てるなw
6816.926,野ゴリラもいます
6820.847,ショーティしか持てん
6849.028,懐かしのバインド
6856.461,ギアさんエントリーのタイミングうま
6863.49,ハーバー？
6883.26, wwww
6883.726,www
6884.427,wwwwwww
6885.413,ｗｗｗ
6885.429,ないすーｗ
6885.528,wwwwwww
6885.729,www
6885.745,ｗｗｗｗ
6886.917,wwwww
6886.843,www
6888.047,wwwww
6888.402,ｗｗｗｗｗ
6889.329,wwww
6889.451,wwww
6889.647,www
6890.018,草
6891.262,ｗｗｗ
6891.779,wwww
6893.42,nt
6895.733,wwww
6896.013,www
6896.567,www
6896.77,www
6898.744,ｗｗｗｗ
6899.985,wwww
6902.291,wwww
6903.468,www
6908.023,え？w
6908.222,じぃじぃ？
6908.76,www
6913.824,爺爺
6914.715,じいじい
6915.076,www
6915.951,こん
6916.325,爺爺w
6918.461,じじ？
6919.693,www
6922.479,爺爺ね
6923.441,www
6929.958,拾い方がどっちもえぐいw
6931.39, wwww
6936.63,SPYじぃA
6977.505,こん
6984.505,歯茎w
6985.999,歯茎
6988.97,おいおいあいつしんだわ
6989.784,おいおいあいつ
6990.25,オイオイオイ
6990.846,あw
6992.972,ないすー
6994.076,ないすー
6994.204, 
6997.438,ナイスw
7012.297,ｗｗｗ
7017.145,ないす～ｗ
7055.653,ギアさん犬と一緒に行くの上手いな
7066.265,相互ヒール
7069.202,相互ヒール大事
7074.206,相互ヒールあったけぇ
7085.267,だおwww
7088.085,ナイス
7094.025,ナイエコ
7094.294,nt
7094.916,え
7094.944,nt
7095.295,nt
7097.07,nt！
7097.697,ないえこ
7098.459,nt
7098.623,おしぃー！ナイス削り
7099.369,nt
7100.531,ないえこないえこー
7103.371,nt！ないえこ
7105.782,nt
7108.882, wwww
7109.652,wwwww
7110.294,ｗｗｗ
7110.544,ｗｗｗ
7111.202,ｗｗｗｗｗｗｗｗ
7114.02,ｗ
7114.229,ｗｗｗ
7115.137,ｗｗｗ
7116.718,www
7118.154,wwww
7118.958,wwww
7119.974,ＷＷＷＷＷＷ
7121.641,ｗｗｗｗ
7122.324,wwwwww
7125.528,191cm専用w
7125.795,wwwww
7127.758,進撃やんww
7128.077,屋根上設置ｗ
7128.824,wwww
7131.217,でかすぎる
7137.873,岩手の巨人狩り
7147.881,他の人解除できんｗ
7153.496,リスから1歩でサイト入れそう
7160.532,ヘッドライン違うからな1人だけ
7209.206,あれ？www
7209.987,ｗ
7210.214,ｗｗｗ
7212.556,www
7212.796,ｗｗｗｗｗｗ
7213.166, wwww
7214.476,wwwwww
7214.858,きんもｗｗｗｗｗｗｗｗ
7215.038,きっもwwww
7215.207,www
7216.098,読まれてたｗ
7216.095,えぐw
7216.52,wwwwww
7216.847,www
7216.956,www
7218.114,えっぐw
7218.294,wwwww
7218.81,wwwww
7219.597,きっっっっっっ
7222.434,上手いのが余計キモい
7226.549,らだおが正解だったかｗｗ
7242.042,やばいｗ
7249.9,もう一回遊べるドン
7254.867,ないす！！
7255.751,なーいす！
7255.789,ないすーー！！！
7257.125,あぶね
7260.688,ナイスナイス
7267.983,ｗ
7307.727,カバー
7308.398,ナイスワン
7320.078,また待ってんなあ
7322.032,バウバウ
7326.312,こんひな～
7335.524,www
7336.504,wwwww
7336.837,www
7340.159,ｗ
7341.476, wwww
7341.612,神の恵みww
7346.626,www
7350.98,ギアさん？
7353.915,wwwww
7357.981,草
7360.865,あ～ｗ
7367.209,まっずいw
7372.334,あぶねｗ
7373.331,ｗｗｗｗｗｗｗｗｗｗ
7374.805,ｗｗｗ
7376.052,うおおおおw
7377.545,ないす！
7377.768,ないすｗ
7378.073,バウバウ
7380.744,sgしか勝たん
7381.839,わからしたぞｗｗ
7382.96,wwwww
7383.416,ないす！！w
7385.529,ないばう！！
7388.776,wwwww
7396.073,ジャッジなんだよねぇーやめて？w
7397.474,ジャジオジ
7401.901,あの距離をジャッジで勝つのきもすぎるｗ
7469.912,ナイス
7471.883,ｗｗｗｗｗ
7471.937, wwww
7472.403,きっっっっ
7472.816,www
7473.067,wwwwwwwww
7473.361,www
7474.045,きんもｗｗｗｗ
7474.703,wwwwwwwww
7474.887,きっっっ
7475.08,ｗｗｗ
7475.84,ｗｗｗ
7476.133,ショットガンばっかで草。
7476.269,どんだけキモいねんｗ
7477.193,wwww
7477.238,キッッッッ！！
7479.021,きｓｓｓｓｓｓｓｓｓｓ
7480.97,ｗｗｗｗｗ
7481.973,キッ！
7484.156,きんもｗ
7486.346,SGしかおらんｗｗｗｗｗｗ
7494.706,封印草
7520.613,いいよー
7521.715,うまだお
7526.502,ｗｗｗ
7527.901,wwwwwwwww
7527.952,負けたw
7528.185,wwww
7528.292,ｗｗｗｗ
7528.877, ww
7530.031,wwwwww
7530.025,ｗｗｗｗ
7530.943,負けるんだよねwww
7531.323,ｗｗｗ
7531.793,www
7532.552,www
7534.136,ないすｗ
7535.2,wwww
7535.532,分かってたwwww
7535.573,だおーーー！www
7535.866,ｗｗｗｗｗ
7536.854,いやぁぁぁ
7539.661,wwww
7540.126,ｗｗｗ
7543.495,気持ちは勝ってた
7543.934,www
7546.657,あwww
7550.106,ラウンドとったから、、、
7568.114,ひなーのに乗せられたなww
7576.478,なつ！？
7583.052,abo相変わらずずっとジャッジなんだよな
7638.785,わん
7663.511,リサｖひなーの！？
7666.224,まにあえ！
7668.464,負けたくねぇ
7678.617,これ相手誰ですか？
7681.596,プラント
7689.544,ｗｗｗ
7689.799,勝てるぞ！！
7690.852,ふん
7691.435,笑笑
7693.01,あ
7694.75,あーw
7694.943,nt
7695.8,ぐあああ
7696.465,ぐわぁ
7697.63,nt
7698.882,おしぃー！！！！
7698.899,思うてた倍近い
7699.529,わろた
7700.08,nt
7701.354,nt
7702.258,nt
7702.267,nt
7702.33,nt
7703.75,おしｗnt
7704.921,nt！
7705.175,んｔ
7705.165,ntnt
7705.509,つよいねぇ
7705.976,nt!
7712.069,nt
7713.558,nt
7714.398,nt
7742.248,リサちゃんとカマ一緒なんやね
7770.536,ｗ
7771.963,グレふんだなww
7790.907,わん
7793.537,ナイス
7796.235,こん
7821.632,ないすー！
7824.998,www
7825.404,ｗｗ
7826.481, wwww
7826.518,ないすー！ｗｗ
7826.605,ないす～
7829.033,ないす！
7830.673,ないすー
7848.78,ｗ
7867.979,見捨てる準備は出来てる
7879.183,蛇口の落書きかわいい
7884.541,しっかり角待ちw
7886.766,居るなぁwwww
7889.512,不動の構え
7905.433,しっかり構えてたなぁ
7922.024,こう見てるとやっぱバインドて面白いなぁ～。
7939.561,選ばれたのはひなーの
7946.309,パーティーされたのはひなちゃんでした
7957.415,ウルトきたw
7958.641,nt
7960.094,ｗｗｗ
7960.198,nt
7961.032,ntwwwww
7961.191,ｗｗｗｗ
7961.422, nt
7963.372,nt！
7963.593,nt
7963.832,あ～ｗ
7963.976,最後もバッキーｗ
7964.095,nt
7964.449,nt
7964.885,nt!
7965.085,ｗｗｗｗ
7965.642,nt
7965.727,nt
7968.327,ルンバッキー
7970.025,nt
8012.321,嫌な音がしたなぁ
8019.361,つよ
8025.679,ジェット本物や
8032.509,ないすー
8032.863,ないすー！！！
8033.171,ないすー！！！
8036.987,ないす！
8038.454,ワーオ
8038.765,ギアさんつよ！
8041.973,っぱギアさんなんよな～。
8042.07,ないす～ｗ
8042.258,ないす！！
8043.937,ギアさんさすがやなあ
8044.717,ギアさんかっけーー
8046.869,ギアさんジェットかっけえ
8061.556,ギアジェットうおおおお
8067.428,ドッグランかな?
8085.178,www
8086.046,ｗｗｗｗｗ
8086.218,ｗｗｗ
8087.011,ｗ
8087.992,www
8090.734,wwww
8095.134,wwきもｗ
8096.121,マジで怠いｗｗ
8104.012,バッキー大暴れて草はえる。
8113.414,ｗｗｗｗｗｗ
8113.48,www
8114.433,ｗｗｗｗｗ
8116.935,ｗｗｗ
8120.464,なにしてんだかwwwwww
8120.829,うおおおおお
8121.847,ないすーーｗｗｗｗｗ
8122.404,おおおおおおお
8122.853,うおおおおおお
8123.417,ｗｗｗｗｗｗ
8124.407,うおおおおおおおおおお
8124.504,ｗｗｗｗｗｗｗｗ
8125.038,おおお
8125.106,うおおおおお！
8125.324,ないす！！
8127.091,つっよ
8127.185,うおおおおおお
8127.278,おおおおおおお
8127.635,www
8127.647,ひなーの！！！！
8128.03,それはうますぎ
8128.046,wwwww
8128.225,結果オーライｗ
8128.259,うおおおおｗｗ
8128.461,強ぉー！笑
8128.52,うますぎーー！
8129.119,ｗｗｗｗｗ
8129.465,どっちにしようかなぁ～ｗ
8129.564,ないすー！！
8130.922,うおおおおおおおおお！
8131.321,ナイスゥ！？
8133.848,つよー！
8135.097,wwww
8135.944,うおおおお
8136.354,www
8136.356,うおおおおお
8139.691,嫌トロールだよwww
8141.572,2回死んだｗ
8145.936,www
8148.337,ww
8148.694,ひなーのいつもありがとう！！！
8149.935,ひなーのいつもありがとう
8180.871,ひないつあり！
8192.942,バウバウ
8194.444,ｗｗｗｗ
8204.29,だぁ？
8206.934,皆が居なくなる；；
8210.689,右ツーえぐいw
8220.435,回収
8237.863,わん
8238.664,お
8240.921,ナイス!
8243.689,つよよ
8247.364,おしぃー
8250.046,nt
8251.116,nt
8251.641,んｔ
8251.655,nt
8252.843,nt！
8253.907,nt
8255.27,8-4だ～。
8255.739,nt
8255.776,nt!
8255.849,nt!
8258.993,nt
8262.349,9-3回避ね
8263.3,nt!惜しい
8264.648,nt
8267.486,ジャッジですの
8268.062,ないす84
8268.263,覚悟があるやつだけだ！
8270.591,nt
8274.685,nt!
8275.06,撃っていいのは撃たれる覚悟があるやつだけだ
8275.228,使われても文句は言えんよなあ！
8278.847,こっちのチームはジャッジ使ったほうが弱そう
8280.814,使っていいのは使われる覚悟のある奴だけだ！
8321.346,ばかおるww
8321.813,めっちゃいるw
8322.197,多っ
8323.156,めっちゃおる
8323.571,300人！
8325.199,３００ｗ
8325.45,100倍もるな
8325.833,300人w
8327.301,わあ
8329.659,ワーオwwww
8331.277,300人了解
8331.864,300人
8336.499,わあ
8342.105,bfでも居ないw
8348.545,フラッシュへたかも
8367.345,www
8369.09,やばw
8370.283,ｗｗｗ
8370.665,ないすーーｗｗｗｗ
8371.319,なんで勝ったｗ
8371.322,あ～ｗ
8371.371,なんやねんこれｗｗｗ
8371.978,wwwww
8372.141,ｗｗｗｗ
8372.985,なにこれｗ
8373.101,ないす！w
8373.447,wwwwww
8374.595,www
8374.82,なんか勝ってて草
8375.643,わちゃわちゃｗｗｗ
8376.636,ns
8376.856,ないす～www
8377.105,わちゃわちゃｗ
8377.173,wwww
8377.45,なんだこれ？
8379.085,グチャグチャだw
8379.295,最後のわちゃわちゃよww
8379.499,www
8380.078,wwww
8381.607,なんだこれｗｗｗｗｗ
8381.762,こっわw
8383.971,ワチャワチャすぎwww
8384.214,大混戦w
8392.429,えぐいｗ
8397.068,SGの権化
8397.787,はじまったよw
8398.879,インスモ大好きｗ
8405.792,やばいってｗ
8406.416,エグいｗ
8409.979,ニチャニチャしてんなぁww
8411.913,ジャッジ4えぐいw
8412.101,aboジャッジ固定だからなw
8412.206,ショットガンが連鎖してるｗ
8421.204,4ジャッジま！？w
8439.118,バウバウ
8442.111,wwww
8442.522,www
8443.783,ｗｗｗ
8444.694,www
8445.164,ｗ
8445.977,ｗｗｗ
8449.426,wwwww
8449.941,ガンダですw
8450.931,wwwwww
8451.348,wwww
8453.071,wwww
8461.625,ジャッジしかねえｗｗ
8472.114,ジャッジしかないんwww
8478.98,ｗｗｗｗ
8479.571, wwwwwwww
8479.71,ないすーー！！！
8480.091,草
8480.304,www
8480.726,うわぁｗ
8480.949,wwwwwwww
8481.713,ｗｗｗｗｗｗｗｗ
8481.783,wwww
8481.847,wwwww
8482.145,ｗｗｗｗ
8482.75,wwwww
8484.395,www
8484.965,遠距離ジャッジわろた
8485.584,ジャッジなんだよねぇ〜w
8488.944,ｗｗｗｗｗ
8491.84,らだお上手いなSGｗｗ
8492.578,ジャッジつええw
8493.076,ジャッチ
8493.084,ジャッジなんだよねぇ～
8493.562,わぁ〜
8494.23,ジャッジなんだよねぇ～ｗ
8494.73,あの距離勝ったらダメだろｗ
8498.746,LET'S GOｰｰｰ!!!!
8499.941,エビオｗ
8502.486,ジャッジマッチかｗｗｗｗ
8507.018,味しめてるwww
8508.402,きっしょw
8512.774,えぐいｗ
8514.29,ジャッジゲーですこれ
8515.843,アンチエコで近距離挑むなｗｗ
8521.424,www
8521.768,4ジャッジｗ
8523.42,こんなヴァロラントは嫌だ
8524.777,ジャッジメタカスタム
8527.188,武器構成キモいなぁwww
8527.872, wwww
8528.869,セカバイ潰せるジャッジえぐいw
8532.998,お前もジャッジを持たないか？
8534.529,右大臣左大臣風神雷神w
8550.382,www
8551.53,ｗｗｗｗｗｗ
8553.579,キモw
8553.682,きもすぎるｗ
8553.728,ジャッジしかいねぇww
8560.455,ｗ
8561.457,wwwwww
8562.581,SG大戦
8563.001,至るところでバウバウwww
8563.205,wwwww
8563.312,うまーーー！！
8563.608,負けたwww
8563.798,www
8564.523,SGゲー
8564.687,終わってるってこの試合ｗ
8566.104,どの視点飛んでもジャッジwww
8570.9,なにこれｗ
8572.65,ｗｗｗｗ
8573.26,www
8573.342, wwww
8574.103,www
8574.224,www
8575.375,ｗｗｗｗｗ
8575.353,ショットガン祭りすぎる
8576.604,www
8577.112,ｗｗｗ
8582.757,www
8582.89,www
8586.02,バッキーとジャッジしかおらんｗ」
8586.237,apexやれw
8590.091,これがヴァロラントで、すか。
8592.71,そろそろおでんも出しておくか
8595.854,知らないゲームｗ
8596.557,え？ww
8596.754,ジャッジのプライドバトルがいろんなところでｗ
8600.858,みんなジャンプ撃ちなんよ
8601.691,このゲームショットガンしか無いの？ｗ
8602.136,なにしてんだw
8604.814,さっきジャッジ勝ったかどうかの差やろｗ
8605.136,w
8607.593,たしかにおでん見たいなw
8619.831,ひなーのが手綱握らないとww
8637.069,くっそ後ろでまってるwwm
8659.782,これってみんな左利きなの
8666.056,ジャッジキモすぎる...ww
8666.648,ないすー
8668.446,ないすー
8676.538,視点主が左だとみんな左になるよ
8683.208,ひなちゃんが左もちだから左になってる
8694.24,ありがとうございます！
8710.186,ショーティは？がままーのすぎるw
8715.692,てことはひなーのちゃん左利きなの？
8716.83,wwwwwww
8719.912,一旦パタパタか
8722.311,森へお帰り・・・
8740.613,wwww
8741.602,あぶねー
8742.644,ｗ
8745.445,交通事故ですw
8747.858,後ろにいたってｗｗ
8750.767,ナイスワン
8765.616,ただの設定なので見やすさ重視だったりする
8767.393,左利き＝左持ちではないよ
8790.804,なるほどですありがとうございますm(*_ _)m
8793.524, wwww
8794.386,くもｗ
8794.683,wwwww
8794.883,草
8795.921,草
8797.117,草
8800.132,www
8801.351,ひなーのは利き目の関係で左持ち
8801.754,独特すぎん？ｗｗ
8802.652,wwwww
8803.32,www
8804.066,ドラゴンと蜘蛛w
8804.572,ないすｗ
8806.082,そこに親和性はあるんか？w
8807.277,そのドラゴン剥製じゃない？
8810.37,wwwww
8815.84,www
8816.613,wwww
8822.698,www
8824.062,剥製なのもっとウケるw
8830.506,バチャさんw
8832.899,wwww
8833.772,wwwww
8836.694,バチャはなかなかおらんて
8867.071,キャベツ出陣
8876.107,楽しく勝てるって1番最高だよな
8884.266,ポキ農懐い！
8893.365,やっぱバロのカスタム面白いな～。
8896.275,つよ
8897.219,ギアさん！？
8897.335,つよー
8898.06,つんよ
8898.408,え！？
8900.176,エース？
8900.371,ギアさん！？
8900.637,えぐ
8901.232,高橋！
8901.714,うっま
8903.461,世界を射抜いてる！
8907.746,ＡＣＥ！！
8907.977,うますんぎ
8908.401,うおおおおおおおおおおおおおおお
8910.714,ないす！！！
8911.069,GG
8911.379,うまっ
8912.032,エース〆どりゃああああああ
8912.321,ナイスエース！
8912.353,うおおおおお
8912.452,うおおおおおおおおおお
8912.456,うおおおおお
8912.959,うおおおおおお！！！！
8913.357,つよ！
8913.494,高橋いいいいいいいいいい
8913.482,ACE!
8914.09,ないすう！GGWP
8914.176,ACE
8914.773,うっまい
8914.805,つよすっぎ！
8914.886,うますぎぃ！
8915.026,ナイス！
8915.061,いえ～いｗ
8915.483,おお
8916.007,つよおおおお！！！
8916.241,つよすぎぃ！ｗ
8917.354,つよすぎいいいいいいい
8917.358,ギアさーーーん！！！
8917.967,うひょおおおおおお
8918.089,uoooooooooooooo
8918.992,ないす！！！！！！
8919.818,うま！！！
8922.515,最後かっこよw
8923.37,高橋ACE！！！
8923.746,ぎぃぎ！？！？！
8924.225,ないす～ｗ
8924.604,うわあああああああ
8926.259,つよすぎぃ！！
8927.189,ないすGG
8927.393,ACE
8927.938,うま
8928.115,スパイギア最強！スパイギア最強！
8928.858,これは高橋名人
8928.939,ACEフィニッシュかっこよすぎる
8940.246,ほなもう一回か。
8941.41,www
8941.556,www
8942.757,流石にbo3かw
8943.096,さすが世界を撃ち抜くイケメンスナイパー
8944.197,www
8945.316,wwwww
8945.36,ｗ
8946.082,楽しくなっちゃってんだよなｗｗ
8955.69,wwww
8970.183, wwww
8973.347,ガキの喧嘩はじまりました
8973.329,ｗｗｗｗｗ
8973.51,www
8974.235,wwwwwww
8974.57,ｗｗｗｗｗｗ
8975.723,BO3くる？
8976.122,wwwwwwwww
8976.749,ｗｗｗｗ
8977.431,ｗｗｗ
8977.626,ｗｗｗ
8978.356,www
8978.308,bo2 HAHAHA
8978.324,wwww
8978.962,www
8979.975,とばされたw
8980.913,wwwww
8981.208,強制ですwwww
8982.156,wwwwww
8983.33,?
8983.459,権力振りかざしてるやついるw
8983.563,でかw
8983.623,www
8985.155,www
8987.504,えぐいwww
8988.382,wwww
8990.066,ハテナでっかwww
8995.718,凝ったはてなを出すなｗｗ
9004.37,ひなのジェットくる？
9005.301,でかクエスチョンマークｗ
9006.329,ジェット？
9007.085,ひなのジェットこいっ！
9009.605,誰がデュエになるんだそれ？
9011.381,スパイギアのご褒美ソーヴァ
9020.897,出来ないんかいw
9024.397,wwww
9029.577,ひなジェット？
9032.104,義務モク？
9036.001,きた！
9036.807,ジェットきたぁ！
9041.494, wwww
9041.467,ｗｗｗｗ
9043.291,やったことないｗｗ
9044.519,きたぁぁぁぁぁぁぁ
9044.841,ひなジェットきちゃー
9049.101,ひなジェきちゃああああ
9050.564,ミリしらオーメンきたああああああああああ
9051.494,www
9054.257,ファーストタイムオーメンきちゃｗ
9057.372,オーディン楽しいw
9059.233,それはそう
9060.101,ひなーの頑張れ
9063.984,www
9064.224,楽しみ方終わってたwww
9065.737,わりとアセントだとソバつかうよなギアさん。
9073.892,どこでもジャッジｗ
9079.574,ｗ
9084.277,ワイン待ちｗ
9084.375, wwww
9086.431,アセントだとソーヴァばっか使ってる
9088.567,www
9088.731,やばすぎww
9089.005,www
9089.608,wwww
9090.126,wwwwww
9090.881,wwwwwww
9092.973,www
9093.43,www
9110.846,2デュエ対決
9112.935,格付けしなくちゃ
9116.059,ガチできてるなぁー
9118.074,what is the bgm ??
9120.752,向こうのジェット分からせてやろう
9124.286,分からせるべｗ
9130.734,ジャッジでワインは見たことないw
9140.249, wwww
9140.923,ファラマ？
9141.261,草
9142.079,まっずいwww
9142.151,ｗｗｗｗ
9143.371,コントローラーがコントロールされとるやん
9144.01,www
9145.199,www
9145.596,おわってるｗｗｗ
9145.999,wwww
9146.255,操作方法からｗ
9146.373,一旦まずいか？
9146.969,一旦大丈夫ではない
9147.708,まずいwww
9149.376,wwww
9151.33,オーメンすら初めてか？
9158.117,ラジコントローラー
9159.216,そこからかw
9162.769,wwwwwwwww
9162.964,ｗｗｗｗ
9163.3,wwww
9164.605,wwwwww
9164.856,www
9165.063,え？ｗｗ
9165.762,まずいw
9168.472,まっずいなぁ
9168.84,wwwww
9168.938,まずいｗ
9171.681,wwwww
9173.342,これまずそうだなあｗｗｗ
9174.571,まっずいwww
9175.368,やっばいいwwwww
9178.403,エイムで破壊や
9179.363,ww
9188.809,草
9189.169,wwwwwww
9191.803,モクなかabo
9192.284,ｗ
9194.288,wwwwwwwww
9194.952,こわれたあ！
9197.335,まじかｗ
9197.61,きっしょw
9199.043,nt
9199.159,しっかりインスモショーティwww
9199.485,nt
9200.041,aboｗｗ
9201.549,きめぇ笑
9202.311,wwwww
9203.885,nt
9204.651,そらそうw
9205.383,伝家の宝刀モク中ショーティ
9205.831,きんもおおおお
9205.946,ピックやり直すかwww
9206.94,wwwww
9206.965,はいきもーいｗ
9207.822,エビオまじでsgしか使わんやんww
9210.665,忘れてたなw
9213.642,nt
9218.44,こっちもイライラしてくるww
9221.354,完全に理解させられたw
9228.857,ガチキモやなwww
9230.361,もっかいスキル押すとモクだすよ、武器チェン
9231.773,マウスホイール
9234.191,武器チェンとか
9234.58,インスモーク・エビ
9234.925,アセントのモクだいぶ大事だぞｗｗｗ
9237.056,ナイフ構えれば良いんじゃない
9239.522,ガチでaboキモすぎ笑笑
9239.595,出禁レベルのきもさだな
9240.399,身体に染み付きすぎてるwww
9246.781,まさかの練習w
9246.817,www
9249.892,勉強会しよwww
9259.049,ﾖﾁ･･･ﾖﾁ･･･
9274.229,はや
9274.63,おでんwww
9275.651,えぐい
9277.051,ｗｗｗｗ
9277.438,おでんはっやwww
9277.577,オーディン！？
9278.297,マジかよw
9278.858,金持ちだ
9278.937,まじか
9282.414,おでんなのか
9282.406,えぐいってｗｗ
9285.055,nt
9285.133,ぐろいってw
9286.156,えぐいww
9286.583,はやいなww
9286.639,ぐろｗｗ
9288.057,キモさ極めきってるwww
9289.501,エグいなぁwww
9292.617,おもろｗ
9293.585,wwww
9293.832,いいかｗｗ
9295.033,絶対スキル勝ってないw
9295.758,いいよｗ
9296.365,ｗｗ
9299.749,wwwww
9300.175,ｗｗｗ
9303.727,セカバイでオデンがやってるｗ
9304.664,キモの境地
9314.859,嫌いです。えーびーおー
9333.45,なんならキモさそのもの
9359.325,うま！
9360.703,ナイス
9361.999,わん
9369.966,ナイス
9383.66,AIMは最強w
9388.652,うま
9389.553,ゴリちゃんのエイム綺麗だな
9390.305,エイムでなんとかなるかこれ
9396.109,ないすー！
9396.442,もうゴリちゃんは撃ち合おうwww
9398.043,最強能力持って転生してきたゴリラ
9400.453,ないす！
9404.843,草
9405.394,ぱわー
9405.624,ｗ
9406.372,エイム強者なのにｗｗ
9413.158,あかちゃんゴリラ
9414.934,ゴリラだからフィジカルは最強
9415.048,バブwww
9415.088,www
9417.277,ばぶw
9418.201,あ
9418.215,エイムゴリラだから仕方ないかw
9418.646,あかちゃんｗ
9419.002,声低いて
9422.45,脳筋です（
9422.669,バブゴリ
9422.687,バブゴリがよぉ
9433.849,ダオ喋ってる？
9437.609,ほんと可愛んだから
9482.297,ちぐちゃんがんばや
9497.573,キルジョイ対決
9512.413,nt
9512.504,おしい！nt！
9512.756,nt
9512.881,おしい！nt！
9513.825,おしいいnt
9514.231,nt
9515.785,nt
9516.506,おっしぃnt
9517.372,nt!
9517.337,おしい～
9517.546,おしい
9520.075,nt
9552.098,エビオARのエイム良いのにsg使うからぐろいwww
9568.374,ギアさん抜くねぇ
9569.921,はいジャッジ
9570.962,www
9574.544,ジャッジｗ
9578.333,待ち方キモw
9578.901,このジャッジさあｗｗ
9593.177,ジャッジｗｗ
9595.02,エビオｗｗ
9605.576,www
9620.155,nt
9620.298,nt
9620.336,nt
9620.673,nt！w
9622.543,nt！
9623.078,nt
9623.58,nt
9625.05,nt
9625.945,nt
9626.192,ほんまにw
9627.949,nt!
9628.336,nt
9629.293,nt
9629.509,nt
9629.945,ジャ....ｗ
9630.997,ｼﾞｬ･･･
9635.814,nt!
9636.312,一応ヴァロだよね？ww
9636.626,トラウマできちゃうwww
9642.415,ｗ
9649.96,怖い
9650.81,心折に来てるw
9668.093,心に傷おったな
9675.546,ジャッジマジでさぁ
9685.726,aboジャッジ抱いて寝てんだろ
9688.159,バウバウバウ
9689.92,あっ
9690.257,またジャッジw
9690.781,ｗｗｗ
9691.803,wwwww
9695.421,www
9695.519,ww
9697.472,そりゃ倒されたらねw
9699.292,ジャッジマンｗ
9699.526,怖くないｗ
9702.802,おしい！！
9703.946,おっしい
9704.931,おっし
9705.034,nt！
9707.158,おしいねー
9707.846,nt!
9708.572,マップもディフェンダーからも勝手に決まって、ディフェンダー有利マップでジャッジ持つのマジできめぇw
9708.866,おしーい
9709.161,おしいいいい
9709.799,nt
9710.327,nt！
9712.135,トラウマがｗ
9712.295,おしい！nt
9713.061,おしいnt
9714.503,ｗ
9715.753,トラウマになってるw
9719.901,nt
9720.494,温まってきたな
9735.703,ジャッジ恐怖症になるってwwwww
9736.189,こわいｗ
9744.333,こーれつぎオーディンです（）
9776.813,コンペなら死体撃たれても文句言えないほどの使用率だよ
9784.501,つよ
9790.45,nt
9791.365,nt
9791.579,nt！
9791.653,nt
9795.467,nt
9795.815,nt!
9796.671,アイツｗ
9798.303,nt
9798.501,nt！
9798.953,ええぞええぞｗｗ
9799.163,nt!
9801.272,nt
9805.413,ｗ
9807.64,許せないなあ
9811.234,nt
9812.934,これで普通に撃ち合っても強いからおもろいw
9814.327,みんなのヘイトが溜まってきてますwww
9814.639,エクスか強いっていうか武器が強い笑笑
9829.13,1イニシだから索敵アビ足りないのきついねぇ〜
9877.274,ｗ
9883.92,配信者ならw
9884.963,歯茎だせ！
9891.202,www
9894.905,ナイスw
9895.379,ないすｗ
9896.856,いいよ～ｗ
9898.522, www
9913.654,ｗｗｗ
9915.282,wwwww
9915.922,ｗｗｗｗ
9916.212,いたw
9916.502,見てたｗ
9917.023,見てんだよねｗｗ
9919.381,うわぁw
9919.719,www
9919.784,nt
9920.746,nt
9921.295,ww
9922.132,www
9922.212,うわあああ
9922.832,www
9923.119,待ってたｗ
9923.294,nt！w
9926.052,そりゃそうｗｗｗ
9927.421,www
9980.857,詰めてくるのはやいな
9990.041,www
9996.045,ガチすぎるw
10000.368,魂のよっしゃぁでます
10004.078,雄叫びも出ます
10010.004,全力の喜びやったなｗ
10012.426,詰め待ちジャッジ刺さるのおもろいなwww
10036.443,nt！
10038.884,nt
10039.022,nt
10040.185,あ、きもww
10040.789,nt
10040.814,nt!
10040.887,キモが出た
10040.915,ntｗ
10043.64,nt
10045.403,ｗ
10046.394,ｗｗｗ
10046.358,普通に暴言でました
10046.718, wwww
10046.982,wwwww
10049.086,むっちゃ自然に言ったねｗｗ
10049.514,言い慣れてるw
10050.402,耐えられなくなったw
10051.953,心の声そのまま出たな
10052.927,謝ったからセーフ
10054.817,暴言も出ます
10055.018,www
10067.658,あれは仕方がない
10070.88,一旦Twitterブロックで手を打つか
10104.265,サムネバクってどういう意味ですか
10141.776,ｗｗｗｗｗｗ
10142.704,ｗｗｗｗｗｗ
10143.5,ｗｗｗｗｗｗｗ
10144.139,wwwwww
10144.295,ｗ
10144.401,www
10144.463,ｗｗｗ
10144.697,wwwwwww
10145.214,wwwww
10145.545, wwww
10146.076,wwww
10146.378,ｗｗｗｗｗ
10146.804,草
10147.062,ｗｗｗ
10147.454,wwww
10147.848,wwwww
10147.908,ｗｗｗｗｗ
10148.396,カチコミｗ
10148.49,横にいるんだよねｗｗｗ
10148.512,www
10148.753,ntｗｗｗｗｗｗ
10148.939,これは酷いｗ
10148.97,草
10150.394,www
10150.918,ｗｗｗｗｗ
10151.164,www
10152.878,ｗｗｗ
10153.309,wwwwwww
10154.283,nt
10154.528,ｗｗｗｗｗ
10155.526,マジで草
10156.161,wwwww
10156.373,おもろすぎるw
10156.516,ガン待ち
10157.785,wwww
10157.822,めっちゃ手前ｗｗｗｗ
10159.591,ＷＷＷＷＷＷＷＷ
10161.103,突っ込んできたｗ
10162.777,めっちゃワロタｗ
10165.922,今日一おもろいｗ
10165.903,絵面ｗｗｗ
10166.303,おりゃああああああ！ｗｗ
10166.937,wwww
10176.282,今の絵最高だったなｗｗ
10199.875,わん
10202.195,殺意たっかｗ
10209.351,ないすつー！
10213.205,すりー
10213.247,ないすすりー！
10214.922,強いよ
10215.763,ないすすりー！
10215.819,ないすー！
10221.647,死にかけもいます
10221.851,ないすー
10223.029,ナイスナイス
10223.128,ないすーー
10223.349,ナイスゥ！
10252.689,Nice
10261.361,オペ決めてくれ
10320.72,nt！
10321.07,nt
10321.483,nt！
10321.485,nt
10321.82,nt!
10322.882,おしぃnt
10323.273,nt
10323.266,nt
10323.846,nt
10324.996,nt
10325.727,nt
10326.355,nt
10329.889,nt!
10330.249,nt!
10334.282,nt
10334.345,まあこっからよ
10348.594,キモさで勝ってくか。
10351.987,タイミング悪かったーnt
10358.684,オタクダーツたのむw
10403.131,まだダーツバレてない
10411.416,ちぐちゃんww
10428.286,ひええ
10430.034,nt
10430.751,ラーク間に合わず、か。
10432.633,わぉ
10432.767,nt
10432.87,nt
10435.389,nt
10435.568,nt
10435.6,nt
10435.673,nt
10436.363,nt
10437.233,nt!
10437.531,nt
10441.366,nt!
10441.308,nt！
10446.819,無限バイ編か
10459.59,www
10464.634,www
10469.959,ないすわん！
10470.189,ないす
10470.556,ナイスワン！
10470.855,うっま
10471.907,デカすぎ
10472.841,nc
10473.184,うま
10474.657,わん
10477.788,うっま
10480.236,うますぎぃ
10483.258,うんま
10494.668,ゴリちゃんモク炊き慣れてきたな
10508.43,あたまぁ！
10509.615,ヘッショうま
10509.758,おしい
10510.614,ナイス頭！
10515.354,うま
10516.479,頭はいったら倒れてくれなやつ
10541.482,ないす！
10545.902,wwww
10551.964,wwww
10552.168,アレスほんまw
10553.979,アレスもいけますと
10570.102,知り合いだけのフレンド戦でここまでクソ武器使えるのまじで才能だろ笑笑
10572.917,オーメンさけでもｗ
10573.818,ｗｗｗ
10575.297,www
10575.999,飛んできたｗｗ
10576.182,でたぁぁぁぁｗ
10576.2,きっしょｗｗｗｗ
10576.432,ｗｗｗｗ
10576.595,オーメンだけは....wwwww
10576.725,wwwwwwwww
10577.646,wwww
10578.419,wwww
10579.024,wwwww
10579.106,wwww
10579.575,wwwww
10579.719,ｗｗｗ
10579.913,キモすぎwww
10580.893,wwwwww
10581.106,ww
10582.354,ABOほんまｗ
10583.225,きもーーwwwwwwwww
10583.272,wwwwwwww
10583.721,ここまで徹底できるのはすごいｗ
10584.082,nt
10584.333,www
10584.839,エグいw
10585.759,wwww
10585.979,きっしょwww
10586.034,うわぁw
10587.138,wwww
10588.706,www
10590.187, wwww
10590.836,きっしょwww
10595.892,マジで草
10596.56,まじでさあｗｗ
10602.793,見てるのはほんとにおもろい
10607.429,いいキモさしてるw
10608.407,この圧倒的大差よ...
10614.322,これ配信者じゃなかったら本当に嫌われるやつだぞ笑笑
10615.948,ここまで刺さってると楽しいだろうな〜we
10618.045,これがエビオよ
10624.659,もうここまでくると尊敬するよ
10662.937,wwww
10664.442,wwwwwwww
10665.629,www
10665.757,wwwwww
10667.269,ｗｗｗｗｗ
10667.418,wwww
10667.773,ないふぁいｗ
10667.894,gg
10668.389,wwwww
10668.616,wwww
10668.742,こんひな
10669.02,wwww
10669.651,ｗｗｗ
10669.734,ｗｗｗｗｗｗ
10669.843,nt
10669.859,ほんま草
10670.071,ないふぁい
10670.925,ないふぁいw
10671.033,ｗｗｗｗｗ
10671.13,wwwwwwww
10672.142,wwwww
10673.011,wwwww
10673.194, wwww
10674.36,wwwww
10674.758,お嬢もかよｗｗｗｗ
10674.846,nt gg
10676.404,なんやこれ！w
10679.483,nf
10681.262,ないふぁい
10683.138,ジャッジしかおらんｗｗｗｗ
10684.151,nt！
10684.249,まじでキモイ　エビオのIGL
10686.088,うまくてきもいはほんまｗｗ
10686.277,ww
10691.174,ふぅ
10692.673,nfGG
10693.451,ジャッジメントですの
10695.905,なにもなかったねｗ
10697.853,わこつ〜w
10699.242,bo3はじめるか
10700.455,わこつwwwww
10700.625,わこつwww
10701.487,GG
10701.797,wwwww
10703.752,わこつw
10707.443,わこつ
10715,wwwww
10717.228,ｗｗｗ
10717.926,wwwwwwwww
10718.386,草
10718.796,wwww
10719.302,wwwww
10719.355, wwww
10719.941,共演NGでたｗｗ
10721.527,NGでたｗｗｗ
10721.592,しらばっくれてますこれ
10723.681,一旦共演NGかwwww
10724.473,www
10725.056,共演NGw
10725.781,wwwww
10728.262,www
10731.106,ww
10733.066,NGでたかwww
10735.531,NGでました
10741.671,キモすぎwwwwww
10741.809,ニチャニチャしとるｗ
10743.776,ノリノリで草
10744.443,まずいｗ
10744.726,wwwwww
10748.967,wwwwwww
10749.079,あーあw
10749.184,これは訴訟です
10749.744,共演NGは草
10754.099,wwwwwwww
10755.214,www
10755.273, wwww
10755.565,www
10755.764,wwwwwwww
10756.656,wwwww
10759.582,ギアさんwww
10764.399,wwwwwwww
10766.623,味方にも言われるのえぐいw
10800.909,腫れ物
10804.9,wwwww
10805.125,wwww
10808.097,ほんまwww
10808.277,wwwww
10808.617,それはそうだろってw
10809.995, wwww
10810.458,みんなに嫌われてるやんwww
10810.834,www
10812.157,wwww
10812.928,ｗｗｗｗｗ
10813.722,www
10816.036,wwwww
10818.241,ギリw
10819.264,1v9はwwww
10825.614,1-9ｗｗｗ
10837.693,www
10842.802,wwwwww
10843.197,にじヴァロのろれさんもこんなかんじだったのか
10843.24,ｗｗｗｗｗ
10846.55,ｗｗｗ
10847.542,www
10847.566,草
10847.754, wwwwwwww
10847.881,wwwwwww
10847.925,だおwww
10848.039,だおが犠牲にwwwww
10848.234,被害者を決める会w
10848.718,ww
10850.029,wwwwwww
10850.859,wwwww
10851.218,サクリファイスダオ
10852.578,wwwww
10854.81,だお；；
10855.888,頑張れだおw
10860.063,ｗｗ
10860.672,www
10866.763,ｗｗｗｗｗｗ
10867.777,だおドンマイw
10869.566,だおが犠牲にwww
10875.529,wwwww
10881.311,ABO腫れ物あつかいでおもろい
10884.182,存分に味わってもらおうｗｗ
10886.349,ﾃﾉﾋﾗｸﾙｰ
10886.408,wwwww
10886.856,手のひら返しこわいw
10887.095,wwwwwwwww
10887.923,急にすり寄ったwwwww
10889.244,wwwww
10889.619,wwwwwwww
10889.692, wwww
10890.107,wwwwww
10890.464,wwwww
10891.445,www
10891.44,＾＾
10892.947,wwwwwww
10893.689,ｗｗ
10893.72,この女こえーwww
10896.023,wwwwww
10897.616,www
10898.53,www
10907.048,wwwww
10907.639,はいｗ
10909.007,www
10911.196,野郎が顔面で受ける配慮かぁ
10911.865,後でアーカイブ見てもらうかwww
10912.266,りりむちゃんがw
10920.852,ロ、－タス。
10921.446,あーあこのマップw
10923.82,ス、プリット
10925.219,橘さん頑張ってください！！たまたま時間があって送らせていただきます。ではまた今度の配信で
10927.846,いいんだww
10938.108,ひなーの得意マップ
10938.888,勝率8割きた！
10945.553,wwww
10945.78,wwww
10948.525,あｗ
10948.721,www
10949.889,きたきた～！
10950.227,ロータス
10950.268,たす！
10952.796,www
10956.355, wwww
10961.07,庭バンされたやん笑笑
10961.876,ふぁいと！
10964.89,うん・・・
10966.906,しなしなｗ
10972.786,ｗｗｗｗ
10973.122,wwwww
10973.237,ｗｗｗ
10975.651, wwwww
10977.67,謝るんだよねw
10978.21,wwwww
10979.105,wwwww
10982.989,www
10985.178,www
10986.153,エビオwwww
10987.371,仲間からの圧がすごいｗｗ
11000.309,www
11005.488,実際うまいんだよなｗ
11022.195,ここまで極めてるのは尊敬
11026.428,ここに来て悩むんだw
11042.418,リサちゃんピック広いな
11053.625,ﾋﾅﾉﾓｸ
11057.87,www
11059.25,www
11060.148,wwww
11061.823, wwww
11062.441,wwwww
11062.92,まあまあまあまあ・・・
11064.163,はなばなぁ
11064.314,はなばなてぇてぇ
11064.798,www
11065.181,てぇてぇ♡
11066.419,www
11067.274,一旦勝ちか
11067.484,ｗｗｗ
11068.915,なかよし
11070.924,www
11071.473,はなばな
11072.229,二人ははなばな
11074.419,はなばなてえてえ
11074.93,これ勝ちだな
11078.528,はなばな
11088.777,魔法少女はなばな
11094.628,wwww
11094.951, wwww
11095.654,wwwwww
11096.668,www
11096.662,ガハハはじまったｗ
11096.764,お嬢様のジェット久しぶりだ
11097.194,リサジェット久々や
11097.614,wwwww
11100.094,wwwwwwww
11100.349,wwww
11100.573,wwwww
11101.275,ｗｗｗｗｗ
11101.233,共鳴すんなw
11101.523,wwwwwwww
11101.545,あー共鳴するwww
11102.409,ｗｗｗ
11102.505,wwwww
11103.161,www
11103.946,www
11104.241,共鳴きたｗ
11105.01,女子3人のハウリングやばいやろｗ
11106.285,共鳴ｗ
11107.231,共鳴するなｗｗｗｗｗｗｗ
11107.591,まずいここ皆共鳴するぞｗｗ
11107.869,あーあーwww
11108.147,wwww
11108.507,きたあああああ
11109.484,共鳴はじまるｗｗｗ
11109.446,www
11110.76,wwwwwwwww
11111.554,共鳴はじまったw
11111.875,共鳴してるwww
11112.413,共鳴www
11115.922,www
11116.708,共鳴しちゃったｗｗｗ
11117.516,共鳴多めか
11119,まずいw
11120.029,何回も見たこの光景ｗｗｗ
11120.445,止まらんw
11122.591,女性3人の共鳴がwww
11122.707,えぐいww
11123.571,ガハハ三人衆おる
11124.625,共鳴しかしないwww
11126.019,共鳴してて草
11126.23,共鳴きちゃーwww
11127.859,共鳴が
11130.536,wwww
11130.638,ゲラ３人いるからなぁｗ
11132.455,やばすぎｗ
11133.5,うるさいプリキュアwww
11134.276,ｗｗｗｗｗ
11135.256,ギアさん以外共鳴もちか
11136.768,ガハハ三人衆えぐいw
11137.012,止まらんなったってｗｗ
11139.021,ゲラ3女子w
11139.315,共鳴が止まないw
11142.677,HAHAHAHA
11145.786,wwwwwwww
11146.033,ゲラ多いとやばいw
11151.946, wwww
11155.289,ｗｗｗｗｗｗ
11157.795,この3人はやばいなぁｗｗｗｗｗ
11161.503,止まらねぇwwwwww
11161.937,wwwwwww
11167.659,なずぴに続くひなーのキラーやろww
11169.82,ひいひいふぅ
11173.453,許可制w
11175.741,ｗｗ
11185.103,おめぇのアイデンティティだろぉ？ｗ
11199.408,こんひなー
11224.386,チャーム可愛い
11230.603,うまい
11237.468,nt
11238.027,おしぃー
11238.295,nt
11239.312,nt！おしい！
11239.476,おしい！nt！
11239.962,おしい
11239.988,nt
11240.091,おしぃnt
11240.103,nt
11241.301,nt!
11241.675,おしい
11241.91,nt!
11242.979,おしい～
11243.365,nt
11245.406,エコ！？
11245.965,エコ？
11245.983,ｗｗｗｗ
11247.066,草
11247.442,www
11247.773,nt
11247.877,nt
11248.861,おしーいnt
11251.25,1stなんだよねw
11252.458,エコラウンドやったかｗ
11253.374,www
11253.444,ファーストなのよwww
11253.762,適当すぎる笑笑
11255.62,エコかwww
11256.809,1ラウンド目はエコかぁ
11263.228,エコならしゃーないかww
11274.842,１人笑うと共鳴しちゃうww
11320.597,わん
11324.498,nt
11326.289,www
11326.298,nt
11326.883,ないえこww
11329.098,nt！
11329.454,nt
11329.704,wwww
11329.808,wwwww
11330.326,ｗｗｗｗｗ
11330.576,ナイエコ！
11330.844,ｗｗ
11330.927,nt
11331.166,弾ゼロトラップかぁw
11331.275,nt!
11331.481,ないえこ
11331.98,ないえこｗｗｗｗ
11332.328,nt!
11334.09,ないエコwwww
11335.631,らだおw
11335.715,nt！
11337.484,ホントのないエコ
11338.437,ntnt！
11341.246,nt
11346.54,ないエコ続くなぁw
11348.025,落ち着いてもろてw
11350.558,共鳴しかけてるなあｗ
11357.84,肩なのｗ
11358.963,左肩？
11359.568,ゲラコンボだどん
11360.934,肩？
11360.98,どうゆうことw
11371.354,迷い迷う
11373.27,AIM迷ったぁぁ
11375.573,多すぎて悩むやつ
11434.799,ある
11444.987,おしいい
11445.951,nt!
11446.135,nt！
11446.605,nt
11446.691,nt
11448.213,nt!
11448.491,nt
11448.825,おしい
11448.85,nt
11448.905,おしい！nt！
11448.909,nt
11449.537,おしい
11450.637,nt
11451.011,nt!
11454.376,nt
11455.99,おしい！nt
11456.97,惜しい〜
11463.437,ジャッジきたーーw
11463.859,wwww
11467.401,ｗｗｗｗｗ
11468.853,www
11469.784,草
11472.061,www
11474.67,www
11475.476,にじさんじ最悪や…
11491.14,印象最悪になっていってるｗ
11492.375,にじじゃっじか
11497.053,にじさんじの闇VALO部門
11506.621,え！？
11512.008,バッキーなんだよねぇ～
11518.182,ナイスキル
11522.944,おしーーーーー
11523.256,nt!
11523.788,おしぃぃnt
11524.384,nt！
11524.417,おっしいい
11527.376,nt!
11529.078,nt
11529.406,nt
11529.622,おしい！
11530.111,おっし
11532.512,おしいいいい
11533.745,おしいnt
11535.789,おしい～！
11539.449,バリ惜しかった
11543.161,おしい
11548.457,乱れてるならいいか・・・
11613.861,壁際見られてたかぁ
11625.665,nt！
11626.855,nt
11627.011,nt!
11628.888,nt
11629.215,nt！
11629.74,nt
11629.839,nt!
11631.007,nt
11631.938,nt
11632.123,nt
11634.492,nt
11636.455,nt
11638.709,nt
11641.039,nt！
11652.475,ｗｗｗ
11653.483,草
11707.361,うまｗ
11712.552,うまい
11712.66,バッキーつよ
11713.404,nt
11716.212,おしいnt
11716.595,nt!
11716.76,nt！
11717.237,nt！
11718.022,nt
11718.478,nt!
11719.59,nt
11720.391,nt
11720.839,nt
11720.911,nt
11721.32,nt
11722.747,nt
11728.82,やっぱSGなのか・・・
11729.998,nt
11750.003,お嬢様？w
11750.223,笑い方なによｗｗ
11758.732,www
11758.933,ちぐちゃんかw
11759.226, wwww
11774.161,なにこの声ww
11775.155,つよ
11793.979,えｗｗ
11796.034,ギアさんがギアさんしてる
11796.079,www
11796.716,冷め方ｗｗ
11796.912,ｗｗｗｗ
11798.539,草
11799.326,wwwwww
11799.687,wwww
11799.753,wwwwww
11800.197,wwwww
11801.121,wwwww
11802.838,あーエクスか
11803.33,ｗｗｗ
11803.644,www
11804.457,wwwww
11804.529,wwww
11805.588,www
11805.995,ABOの扱いよｗｗｗ
11806.188,ｗｗｗｗｗｗ
11806.662,wwwwwwww
11808.337, wwww
11808.432,wwwwwww
11810.016,冷め方えぐwww
11810.151,温度差えぐない？
11813.363,温度差w
11815.337,ち、ちぐちゃん？？？？・
11819.281,冷める速度えぐかったｗ
11820.064,wwwwww
11825.159,にじさんじｗ
11867.821,あ
11878.446,www
11880.261,ｗｗ
11880.382,wwwww
11881.335,www
11881.465,ｗｗｗ
11882.446,えぐw
11882.931,この視点マジでｗｗ
11883.518, wwww
11883.535,www
11883.611,キモいなぁwww
11883.685,きっしょ
11884.249,こいつほんまｗｗ
11884.797,バケモンwww
11886.99,えぐいまじでw
11891.175,きっめえw
11898.372,き・・・
11899.126,しかも上手いのなんだかなぁw
11901.579,なんかなあｗｗ
11909.523,え？ｗ
11909.847,ん？
11909.885,あ
11914.472,スキル全部のこってるｗ
11914.879,はなぶさ？
11918.37,なんで見逃したww
11919.193,????
11920.018,え？
11920.205,リサ？？？ｗ
11920.926,？
11921.173,おしい！！！nt！
11921.76,最悪ｗｗｗｗ
11922.545,あ
11923.881,wwwww
11925.269,おしい！
11925.266,www
11925.982,はなぶさ？？？
11926.128,えーっと？ｗｗ
11926.133,ん？？
11926.597,？
11927.385,今何してたの？ｗｗ
11927.718,www
11928.103,え？？ｗｗ
11928.713,やったなぁw
11928.909,nt！
11929.751,ｗｗ
11931.854,りさちゃん？w
11931.924,まじでwwwwwww
11932.502,www
11932.888,深い事しようとしたんだよね？
11933.223,え？
11933.711,充電かあｗ
11936.702,これトロールですw
11939.177,www
11939.354,今のはちょっと擁護できないｗ
11940.44,あ～そうだよね？ｗ
11942.406, wwwwwwww
11947.618,りーちゃん？
11948.03,深い事しようとしてとろったかw
11948.184,充電ならしゃぁないか、、、、
11950.541,ニカニカしてたw
11955.001,えぐすぎｗ
11960.631,仲間を見捨てはしたよｗ
11964.118,歯茎かな？笑笑
11972.316,泳がすには長すぎたなw
11985.566,ナイス
11988.908,わん
12002.205,nt！
12003.328,nt
12004.114,nt！
12004.952,nt
12005.198,nt!
12005.383,nt!
12005.7,nt
12005.975,眩しすぎた
12008.623,nt
12009.263,nt
12009.348,nt!
12010.606,nt
12010.867,nt
12011.309,nt
12012.841,nt
12030.156,ant
12073.413,ナイスツー
12073.755,ないすつー！
12073.891,索敵ガバ
12075.285,ないす！！
12076.6,ナイスナイス
12077.639,今の見られてないのかｗｗ
12081.601,2キルからのパラナイス
12082.488,つー
12084.584,ナイス！
12087.046,ないすー
12087.646,ないすうう！
12088.322,ないす！！
12092.509,ないす
12098.131,でかい
12099.462,ひなーのすくったあ
12111.417,索敵がｗ
12116.689,お散歩してたなあｗｗ
12123.403,ん？
12123.867,？
12125.178, wwww
12127.587,？
12129.211,どゆこと？ｗ
12131.746,どゆこと？www
12143.141,轟々
12145.441,イケイケって意味かな？
12164.059,あ
12165.129,あっ
12166.373,あｗ
12167.918,wwww
12168.884,www
12169.465,しっかりみてたなwww
12171.406,あ
12171.881,ｗｗｗ
12173.367,あｗ
12174.421,wwww
12176.369,こんにちわして草
12180.541,ずっと今日キモい言われてるなぁwww
12181.66,うまいなー
12186.622,帰さない辺りいい性格してる
12197.23,ないす！ｗ
12200.659,おお！
12207.015,nt
12207.263,nt
12207.273,スカッ
12207.346,nt
12207.508,nt
12207.512,nt！
12209.106,おっしい！
12209.351,nt
12209.413,おしい～
12209.507,nt
12209.538,おしい！nt！
12211.616,nt!
12211.684,www
12211.795,wwww
12212.066,nt
12223.447,欲張ったかww
12233.294,一旦3-9にするか
12247.64,ABO犯罪してるｗ
12250.492,ドドドドドドドドドド
12261.413,工事も始まります
12272.048,マジか
12305.314,うま
12311.229,うおおおお
12312.729,ないすぅー！！！！！！！！
12313.179,うまああ！
12313.243,うますぎ～～～～～～～～～
12313.701,ないすううう！！
12314.132,うめぇ！！
12314.644,うまああああああ
12315.327,ないす！！！ギアさんうまい！！
12316.156,ギアさん
12316.353,おおおおお
12320.966,ないす！！！
12322.609,うまーーーーい！！
12323.309,ないすすぎいいい
12325.17,すげぇ！
12326.787,ギアさん強いわあ
12329.225,さすがや
12330.784,ディスミス判断ヤバすぎ超強い
12331.473,かっけえっすわ
12340.294,高橋ナイスや！
12350.355,キャリー枠最高！
12362.391,エコラウンドか
12374.272,出た、葛葉からの受け売り
12379.246,Welcome to ひななー!
12394.046,ギアさんつよい
12437.32,ナイスゥ！！
12439.176,ナイス
12444.187,ｗｗｗｗ
12445.66,ないえこw
12445.672,ないす！
12446.233,ないえこｗｗ
12448.752,ないエコないエコ
12451.621,ないエコです
12452.245,一旦ないえこかｗｗ
12496.072,プラント
12503.795,ないす！
12504.026,ナイスー
12506.135,なーいす！
12506.61,はなりー！
12506.827,ないす！
12508.11,いいね！
12510.085,そんあことあるｗ
12510.912,今のりっさんめっちゃいいエントリーだったな～～！
12512.752,あるんだよねww
12514.456,いいねえ
12523.642, wwww
12523.987,wwww
12524.772,ｗｗｗｗｗｗ
12525.317,www
12526.162,wwww
12526.436,マジレスきたw
12527.762,wwww
12528.128,wwwww
12530.167,wwwww
12530.947,それはそうwww
12533.249,ww
12536.839,www
12538.263,おわってない？www
12538.575,えぐｗｗ
12540.438,www
12540.749,経験者の言うことは深み違うな
12567.668,ないす！
12568.478,わん
12572.592,ナイス
12593.799,いいナノスワーム
12612.353,いいよー
12621.269,裏！？
12622.627,nt
12624.796,まじかぁ
12625.047,うわあ～
12626.284,nt
12627.211,まじか
12629.452,大裏まじか
12629.584,nt
12630.081,裏まじか
12630.394,nt
12631.683,nt
12632.583,nt
12632.806,裏おるか
12632.89,バチャ偉いな
12633.829,nt!
12635.176,nt
12636.728,nt！ないえこよね
12679.97,次のラウンドとったら勝率７４％
12703.275,わん
12703.437,ないす！
12703.846,ナイスワン
12705.096,ないす！
12706.629,ナイスナイス
12707.848,おお！
12710.894,www
12712.176,あれw
12713.319,怖いってw
12714.488,歯茎じゃない？
12714.799,歯茎おったなぁw
12715.614,ないすｗｗ
12716.683,www
12716.758, wwww
12719.475,逝ってきますｗｗ
12723.911,歯茎ｗｗｗ
12724.163,逝ってきます
12724.651,www
12725.298,ｗｗｗ
12725.863,ww
12726.587,歯茎やって笑
12726.83,逝ったやついたな
12732.413,歯茎いたなww
12782.578,わん
12783.321,ナイス！！
12785.64,ないす！
12787.857,つよ
12788.746,ナイス！
12789.277,うま！
12798.182,見聞色ナイス
12816.628,ひなーのうまいな
12856.949,ナイスツー
12857.731,ないすつー！
12858.68,ナイス！
12868.021,ありゃ
12868.923,あれw
12868.976,ん？
12869.671,wwww
12869.733,ｗｗｗｗｗｗｗ
12869.979,ｗｗｗ
12872.321,あれwwww
12872.351,？
12873.589,あれw
12873.785,あっ
12874.192,www
12874.4,あれｗ
12874.431,www
12874.853,あれ？
12874.932,ん？
12875.152,？
12876.067,トロールおるな
12876.904,ｗｗｗｗｗ
12877.566,ん？
12877.813,nt！
12878.191,ｗｗｗ
12878.437,wwwww
12878.47,www
12878.829,www
12879.249,2個目壊されたかな?
12879.209,www
12879.576,wwwww
12879.65,nt!
12879.768,あれ？
12880.012,www
12888.725,www
12889.837,想定と違ったなぁww
12891.811,おっと？ww
12894.072,あ～風強いからねえ
12894.63,wwww
12899.293,壊されたなら仕方ない
12924.368,フェニのホットハンド置いとけば良いからな笑笑
12940.918,わん
12941.417,ないすわん！
12949.27,ないす！
12984.593,ナイス
12987.001,ナイス！
12993.404,nt!
12993.798,nt！
12993.907,nt！
12994.398,おしぃー
12994.646,nt
12994.947,音たかい
12995.551,nt
12996.106,nt
12997.006,えらすぎ
12999.613,nt
13002.077,おしい～
13002.823,nt!
13133.544,nt!
13133.812,だおつっよ
13134.465,まーじか
13134.847,ないふぁい！
13135.915,おしぃーgg
13136.136,ないふぁい
13138.587,nt
13139.721,ないふぁい
13139.72,nf
13140.071,ntgg
13140.127,ないふぁい
13140.365,ないふぁい
13141.943,nt
13142.296,nt
13145.693,nt！
13149.952,nt
13150.184,nf
13164.798,オーブンだったからヘブン行けたら熱かったね。時間なかったけど
13173.423,wwww
13176.269,セット組んでたからw
13203.297,wwww
13203.371,wwww
13203.503,wwww
13204.206,www
13205.057,ｗｗｗｗ
13208.909,ｗｗ
13211.361,www
13212.126,www
13216.167, wwww
13217.889,www
13223.479,だろうなぁww
13224.104,wwwww
13238.293,いってらっしゃお
13240.307,いってらっしゃい
13241.765,いってらっしゃい
13242.598,いてらー
13244.447,いってらっしゃい
13247.415,いてら
13250.492,いってらっしゃ～い
13251.419,いてら
13253.1,いってら
13255.249,まだまだやるの良いねぇー
13258.185,いってらっしゃい
13261.423,いってらー
13264.054,いってらっしゃい
13293.681,対面SGきたw
13306.119,対面アルファさんなのか
13321.131,おかえり～
13321.665,おかえり
13323.07,おか
13326.229,おかえりなさい
13327.794,おかえり
13328.177,おかえり
13328.404,おかえり
13328.595,おかえり
13329.267,おかえり
13332.073,おかえり〜
13333.725,おかえり
13338.984,おかえりー
13346.489,姫ｗ
13347.514,ナチュラル姫呼びやめてwww
13354.518,姫なんだよね
13355.568,りりむ姫
13405.611,www
13408.878,どうなりましたｗ
13409.911,wwww
13420.724,ｗｗｗｗ
13422.219,食べながらw
13422.94,モグモグやめろwww
13424.546,www
13425.692,パワーバランス平気か？
13450.003,wwww
13460.054,一旦やろうｗ
13460.399,レッツゴー
13460.502,ｗｗｗｗ
13467.751,え？
13471.609,www
13481.316,パールか
13484.758,パール味わうか
13500.15,wwww
13500.392,そりゃそうなるwww
13504.337,www
13506.572,ジャッジ出るかぁw
13509.225, wwww
13512.151,www
13523.876,あれw
13524.699,wwww
13527.436,wwww
13527.661,ｗｗｗｗ
13530.131,www
13530.278,SGのことしか考えとらんｗｗ
13543.421,あずれ
13547.093,スシ兄さんきた！
13560.197,ふぁいと〜
13562.594,天月さんいい声やぁ…
13589.452,いつもの
13597.656,天月さんと！チーム組むの見れて嬉しいな
13601.478,ﾋﾅﾉﾓｸ
13624.259,？？？ﾋﾅﾉﾓｸﾈ
13659.258,あーいｗｗｗ
13668.351,www
13671.921,うわーw
13674.08,インスモ注意か
13679.488,？
13684.851,自分で場所作るんだよね
13716.759,野鳥きたｗ
13717.363, www
13718.502,草
13723.478,野鳥と野犬使いw
13727.964,野鳥だあｗ
13749.616,オーバーレイ大丈夫？
13755.839,www
13758.617,nt
13759.284,nt!
13759.698,nt！
13760.071,nt
13761.819,nt
13763.01,nt
13763.867,nt！
13768.686,nt
13768.648,nt!
13769.185,調整感謝
13775.247,nt
13775.968,nt!
13780.089,感謝
13794.498,一旦が物騒ww
13795.467,感謝
13846.755,おでん、、、
13853.852,2ndおでんのバケモンw
13855.395,www
13858.278,セカンドオーディン草
13866.705,バケモンだろ
13867.018,www
13867.819,nt！w
13868.768,www
13869.418,とりあえずバケモンか
13869.722,wwwww
13870.14,wwww
13870.182,www
13870.604,wwwww
13872.605,nt!
13872.673,あ
13872.874,おでんまじかｗ
13873.858, wwww
13873.717,nt
13874.238,おいおい
13876.844,あ～あ～ｗｗ
13878.656,おっと
13883.198,あーあww
13884.468,おでんくん草
13956.383,わん！
13957.139,ナイスワン！
13959.077,わん！
13973.167,英ワンと
13995.613,もらおw
14039.825,Ohayoo Hina chan
14063.508,ひなーのーーーすきいーーー
14103.389,もう一回遊べるドン
14123.632,人数有利よ
14139.089,ナイスナイス
14145.13,ないす
14151.003,ないす！
14168.499,www
14170.916,イチャイチャすなぁww
14171.448,wwww
14171.695,ｗｗｗｗ
14172.966, wwww
14173.881,www
14174.728,ｗｗ
14178.42,oo)?
14180.125,ゴリちゃんwww
14182.019,ゴリちゃんw
14189.295,うまい
14206.703,つよ
14206.862,強いよー
14215.644,ないす！w
14217.213, www
14217.206,ｗｗｗｗ
14220.971,こんひなー
14221.375,バッキーなんだよねw
14226.548,www
14231.095,まーた持ってるよｗｗ
14234.853,ウルトの上げ方身削りすぎwww
14279.72,わん
14280.514,ナイスワン
14282.288,ラークナイス
14286.835,わん！
14304.276,ナイス！
14314.55,いい感じいい感じ
14387.948,えっぐｗｗｗ
14388.807,ないすw
14390.814, wwww
14391.479,wwww
14392.441,気持ちいいねぇwww
14392.662,w
14392.772,www
14394.745,ないすｗｗ
14397.113,www
14397.255,バケモンはこっちにもいたwww
14399.152,おでんw
14411.611,野生目覚めちゃった
14418.932,おでんもらってから負けないw
14429.524,笑い方よｗｗ
14451.004,わんよ
14452.001,ナイスワンピ
14485.383,ゴリちゃんがミッド押さえててくれてるのでけぇ
14502.126,ゴリちゃんおでん安心感あるわあｗｗ
14514.947,wwwwww
14514.971,www
14515.241,www
14516.93,wwww
14517.01,ｗｗｗ
14519.634,www
14520.531,www
14521.12, wwww
14522.097,wwwwww
14522.138,wwww
14522.386,wwwwww
14524.118,ｗｗｗ
14533.156,スミスにはなれんかぁ
14534.819,ソルダムにはなれんかww
14537.062,スミスチャレンジ
14589.944,みんなめっちゃabo警戒してるw
14604.353,ないす！
14604.68,つよーい
14606.491,www
14608.17, wwww
14614.464,メタ読みされてるやんwww
14642.854,しなーの
14680.574,遂におでんが
14681.119,味方強いねえ
14690.53,いいね～
14690.574,ないす！
14691.724,ww
14692.73,ｗｗｗ
14693.748,www
14694.019,wwww
14694.133,拾って上げるんだよねwww
14695.002,持ち帰りw
14695.859,www
14696.15,wwwww
14696.341,www
14697.637,www
14697.8,ｗｗｗｗ
14702.545,www
14704.535,仕事人アストラめっちゃいい
14712.68,ほら、お気に入りのおもちゃだよ
14717.94,そこまでしてw
14744.214,あぶねー
14749.637,ナイスワン
14750.925,わん
14765.539,ギアさんえぐいな
14773.278,ギアさんイケメンの顔してる
14780.228,ママーのからのおもちゃww
14800.615,おっかねぇ待ち方だなぁwww
14825.184,nt
14825.853,nt!
14825.896,nt！
14827.399,nt
14830.879,nt
14831.422,nt
14831.68,nt!
14831.86,nt
14832.927,nt
14833.146,nt!
14833.886,おしい！
14834.295,nt
14840.898,おでん落っこっちゃった
14845.033,ｗｗｗ
14846.042,買い置きw
14850.053,買い置きw
14871.165,ｗｗｗ
14874.652,www
14876.037,メタｗ
14878.145,www
14879.91,ひなーのいつもありがとう
14881.066,ｃｒのアセントみたい
14882.686,おっと…？
14886.425,厄介だなぁw
14890.953,おっと？
14916.182,使っていいんだw
14932.212,わん
14933.817,ナイスワン
14935.895,ないすわん！
14946.792,おでんおおくない？
14973.59,おしー
14975.301,nt
14975.435,nt！
14975.791,おしぃー
14975.887,nt!
14976.018,nt！
14976.876,弾がぁ
14978.938,ｗｗｗｗｗｗ
14980.183,nt!
14980.462,nt
14980.964,nt!
14980.992,おしー
14981.017,nt
14982.038,nt
14983.976,やっぱおでんなのか
14984.954,オーディンだったらｗ
14985.121,おしい！nt
15019.722, wwww
15021.146,キモいなぁwww
15021.316,wwww
15022.13,www
15023.88,ｗｗｗｗ
15024.172,www
15053.49,わん
15054.364,え？
15054.719,ないす！
15086.094,おしい！nt！
15086.897,おしい
15087.672,nt
15087.826,nt
15088.05,おしい！nt!
15088.602,おしぃー！nt
15088.652,nt!
15088.815,nt!
15088.838,おしーいnt
15090.833,ナイストライよ
15091.07,nt
15092.989,nt
15095.843,おしい！nt
15103.476,脱税しよう
15112.495, www
15117.081,理性ｗｗ
15124.91,今日旦那さん居ないんですか？
15127.744,Welcome to ひななー!
15181.17,おお！
15184.592,ナイス
15186.811,ナイス削り!
15187.292,nt！
15187.901,nt!
15188.23,nt
15188.507,おしぃnt
15188.935,nt
15190.177,nt
15191.848,nt
15191.954,ないえこ！
15192.007,nt
15192.605,おしー
15192.859,おしぃーnt
15196.425,nt!
15196.714,www
15200.221,nt
15258.248,nt
15270.997,ギアさんうめぇな
15283.168,ギアさんつぇぇ流石
15289.452,www
15289.554,ギアさんつよいねぇ
15308.674,えええ？
15310.76,ACEまじかぁ
15311.306,ACEえぐぅ
15311.481,えぐー
15311.682,ACEまじか！
15311.797,ACEまじか！
15311.83,nt!
15312.464,えぇぇぇーーー
15313.076,つよ！
15317.22,ACEまじか
15320.078,nt!
15320.815,nt
15321.084,nt！
15324.315,うまいなあ
15327.833,つえー
15331.528,ゴリラww
15332.345,チャットww
15340.716,www
15352.999,wwwww
15358.406, wwww
15404.708,？？？？？？
15436.242,nt
15436.229,ｲﾔｱｱｱｱｱ
15436.436,えっぐｗ
15437.85,引っ張られたぁ
15438.985,nt！
15439.23,nt！
15440.206,nt
15440.266,ボコボコだぁ；；
15440.514,nt!
15440.673,nt
15442.986,えぐいなｗ
15445.828,nt
15469.442,Bオペよな
15474.786,頑張れー
15537.907,カメラw
15538.432,ｗｗｗ
15542.345,wwwww
15543.098,wwwwww
15543.58,wwww
15544.482,wwwww
15545.329,wwwww
15546.215,wwwww
15546.413,ww
15547.232,wwwwwwwww
15548.069,nt！w
15549.675,nt！
15551.856,wwww
15552.589,wwwwwww
15554.311,わんちゃんあったよｗｗ
15554.448,みられてたなあwwwwww
15555.776,www
15556.238,www
15557.801,ずっと見られてーらｗｗ
15559.206,wwwwwwww
15560.017,ずっと見られてたかｗ
15563.361,wwwww
15563.319,ずっと見られてましたwwww
15563.742,www
15566.999,wwwwwwww
15568.399,www
15570.903,ｗｗｗ
15572.179,りさちゃんずっとみてる
15574.251,ｗｗｗｗｗ
15574.708,www
15577.243,りさ意地悪いな
15577.573,●RECされてた
15587.513,Twitchならクリップだったw
15640.022,ナイス
15642.594,ｗｗｗ
15644.808,ないす！！
15649.205,武器武器武器
15713.852,ナイス分かたれ
15726.439,ガチの女
15734.183,wwwww
15735.072,あぶねええｗ
15741.103,wwww
15750.612,ないすw
15781.943,今日はクリップにしたい画が、いっぱいやwww
15826.489,スシ兄つよ
15840.167,ナイス！
15842.304,うま
15846.625,うおおおおおおおおおお
15848.865,ないす！！！うま！
15854.004,天月さんつよい！
15926.931,ないすつー！
15927.224,うおおおおお
15928.857,ないすつー！
15931.757,つっよw
15933.839,つよ！
15934.549,天才！天才！
15935.073,つよすんぎ！
15939.776,つよ
15983.608,将棋のアナウンスみたいな声が聞こえたｗ〇〇秒～
15991.409,ないす！
15993.469,ナイス
15995.022,ｗｗｗ
15997.074,つよｗ
16004.926,マッチポンチ！
16005.517,ww
16008.19,マッチポンツ！
16010.865,マッチポンプ？
16011.614,こん
16017.289,マッツポンツw
16020.878,マッチポンツよー
16042.203,ナイスピップ
16057.929,ないす！
16059.417,ナイス
16061.971,うまーーい
16066.554,ナイス！
16068.285,置き幅いいよー
16068.927,ないす！
16077.228,つよ
16087.936,歯茎やめてｗ
16088.439,歯茎全開や
16089.444,www
16089.505,歯茎行きますｗ
16095.377,歯茎w
16098.007,ナイス！gg
16101.637,ないす！GG!
16101.957,ないす！！
16106.056,ナイス～！！
16106.6,nice！！
16113.075,GG!!ないすー！
16113.756,ないす！！
16115.808,GG 
16129.256,テンション次第か
16129.928,パールのモクは疲れる
16140.024,www
16140.388,ｗｗｗ
16140.852,wwww
16141.098,パール違ったかぁw
16144.996,www
16148.755,まだやる気やなぁwww
16150.038,う～んｗｗ
16150.581,湿気ｗ
16150.987,湿気の問題なんだwww
16151.27,www
16153.673,wwww
16158.581,www
16166.438,wwww
16166.616,メガネ曇ったなら仕方ないw
16169.874,ｗｗｗｗｗ
16171.779,www
16172.677,www
16180.004,ahahaha
16217.095,姫とやってないか
16237.976,左中々強いな
16252.344,www
16254.547,ひなーのの女おる？
16257.354, ww
16271.286,姫～～～；；
16284.149,姫
16320.413,一生、一緒にいてくれや？
16321.177,wwww
16321.213,wwww
16322.369,wwwww
16322.831,圧があったなw
16323.547,忖度あった？
16323.853,wwww
16324.898,なんかw
16325.241,Hahaha
16327.837,wwww
16331.501,圧がｗ
16331.87,縦社会…
16338.463,ロ、ータス
16342.231,ろー、たす
16345.024, wwww
16347.282,たす
16357.794,りっと、、
16359.291,こわれそうｗ
16360.928,直すｗｗ
16364.007,ロー、タス
16366.498,直す？？w
16376.002,直せるか？
16381.004,どういうことだ？ｗ
16381.353,スプ、リットの人おる
16387.418,むずいむずいwww
16390.413,www
16392.846,www
16396.798,wwww
16397.582,wwww
16400.357,しょうがないw
16404.288,別にカスタムやしまぁw
16426.297,ｗｗｗｗ
16428.498,はい・・・
16429.475,ナイフか銃突きつけられてたかも知らんなアルファさんww
16431.537,wwww
16431.625,ww
16431.697,www
16432.425,イチャイチャしてるｗ
16433.727,いちゃいちゃしてんなあｗｗ
16433.751,シルバーのらだおいりゃへーきだろ
16434.478,www
16436.568,姫〜♡
16436.965,www
16437.284,wwwww
16437.549,www
16437.556,www
16438.319,www
16440.375,www
16440.499,wwwwwwww
16440.499,www
16440.557,www
16440.7,www
16440.726,これはうふふも出ます
16444.848,てぇてぇ？
16448.982,なんかいちゃいちゃしてない？
16449.055,ｗｗｗｗｗ
16449.936,www
16450.099,wwwwwwww
16450.976, wwwwwwww
16454.226,姫♡
16454.371,姫浸透してて草
16454.403,wwwww
16454.536,ｗｗｗｗｗｗ
16456.985,wwwwww
16462.327,姫浸透してるw
16466.083,呼び方でこうもかわるかｗｗ
16468.131,てぇてぇしてる？
16468.085,何か２人でイチャイチャしてんなぁww
16469.025,りりむは寂しがりやな女の子だからな…
16475.553,wwww
16479.223,ひなーの語尾に♡ついてんのよ
16480.33,www
16481.871,いちゃいちゃｗ
16484.892,wwww
16484.883,www
16484.954,wwwwwwww
16485.418,二人きりですね♡
16485.443,ギアさんいないか？w
16485.954,ｗｗｗｗｗｗｗｗ
16486.353,wwww
16487.098,wwwww
16488.577,イチャイチャ垂れ流し配信w
16489.298,wwwww
16491.579,wwwwww
16491.536,wwww
16492.979,こんにちはー
16493.731,いちゃいちゃｗ
16495.334,wwww
16496.457,wwwww
16498.937,ｗｗｗｗｗｗ
16500.592,wwwwww
16505.561,wwwww
16505.691,イチャイチャ助かる
16506.058,wwwwww
16506.517,wwwww
16508.058,ちなみにらっだぁはトイレでも聞こえてますワイヤレス
16512.029,wwwwwww
16524.728,姫は姫だよ
16528.859,みんな草生やしてるから大丈夫
16535.391,ワイヤレスは草ｗ
16552.856,これおじさんたち黙ってるだろｗ
16555.132,wwwww
16557.088,即ピしてほしいw
16571.536,男子遅くね？www
16573.237,なかなかおらんw
16578.111,これ戻ってくるのむず～～～W
16582.816,3人ともいそうw
16583.446,そうね
16586.526,これ皆戻ってきてる説あるなｗｗ
16587.218,おじさんたちは場を察してミュート中だろw
16587.318,いつはいってくるかな？ｗ
16587.794,ｗｗｗ
16592.418,聞いてるだろコレ
16595.196,ｗｗｗ
16596.052,www
16596.291,男どもは帰ってくるタイミングがなくなってます
16597.882,wwwwwww
16598.136,wwww
16599.089,おじさんさぁwww
16599.151,www
16599.412,ｗｗｗ
16605.02,アズールいるぞｗ
16604.983,おじさんニッコニコですこれ
16606.21,www
16607.615,wwwww
16607.697,ｗｗｗｗｗｗ
16609.511,ｗｗｗ
16609.471,wwwwwwww
16610.401,wwww
16610.426,www
16611.553,www
16612.782,wwww
16613.309,wwwww
16614.132,wwwww
16614.411,やっぱりなwww
16614.684,全員いるんだよねｗｗ
16615.066,じいどもww
16615.111,みんなおるｗｗｗｗｗ
16615.531,wwwww
16617.321,やっぱ聞いてたなｗｗ
16619.822,wwww
16619.807,おじさんたちニッコニコで草
16621.601,しらこwwww
16624.836,wwwwwwww
16624.976, www
16626.214,WWWW
16626.258,2人の会話始まった時ギアさんのvc光ってたんだよなw
16629.148,www
16629.805,おじさんさぁ
16629.826,www
16633.378,喧嘩はじまったｗｗ
16634.372,ｗｗｗｗｗｗｗｗｗｗ
16634.788,しらこいなぁwww
16635.099,wwwwwwwww
16637.35,ピキｗｗｗ
16637.481,いったん空気悪いか
16637.519,wwwwwwww
16639.764,姫鋭いってｗｗｗ
16640.387,wwwww
16640.744,wwwww
16641.761,www
16642.434, wwwwww
16642.883,wwwwww
16645.69,wwwwww
16651.075,wwww
16652.132,wwwww
16670.805,若い？
16671.183,53歳…
16674.58,www
16678.514,だおが、若い？
16684.153,53歳さん？
16698.383,53歳もおったわｗ
16698.317,わかい・・
16698.586,53？
16705.723,wwww
16706.268,あw
16707.031,まずいw
16707.041,ギアさんやさ
16707.238,索敵体できたw
16708.148,www
16715.355,www
16718.835,ボディクリアリング
16719.591,ｗｗｗｗ
16722.952,身体で索敵よwww
16725.776,姫が体はるんかｗ
16728.057,姫が体で！？
16730.403,姫に仕える者たちやん
16733.731,ミッド怖すぎるwww
16743.993,w
16747.284,wwww
16748.952,ひなーのいつもありがとう
16751.475,スプリットで相手にABOいるの嫌すぎるｗｗｗｗ
16763.175,敵に回すと厄介すぎる
16767.138,AでもBでもショーティガン待ちしてそう
16768.496,またABOに怯えるのか
16778.01,www
16778.983,www
16782.782,www
16792.733,ABOが輝ける状況が整いすぎてる
16806.865,wwwwww
16810.36,あっそうかちぐちゃんもsgな民だったわww
16817.734,お迎えもきてます
16820.46,ないす！
16820.933,ないすーー！！！
16833.806,www
16834.172,wwww
16834.676,wwww
16836.349,wwwwww
16836.856,wwww
16838.387,めっちゃ増えたｗ
16838.522,www
16838.569,www
16841.818,www
16876.134,わん
16877.158,わん
16880.861,ナイス
16881.35,ないす
16881.761,わん
16894.256,まじ！？
16895.153,うま
16907.636,ないす！
16910.349,いいよー
16917.774,ナイス姫
16934.327,www
16934.428,www
16935.215,www
16938.766,こそ泥アズールもいます
16942.267,www
16959.605,姫はやいw
16962.42,ｗｗｗｗ
16963.081,姫？
16963.722,爆速エントリーで草
16964.111,姫がイケイケすぎる
16965.264,おてんば姫か
16974.633,nt
16975.441,nt！
16975.744,nt
16979.221,ww
16979.37,nt!
16981.114,nt
16981.474,nt!
16982.28,護衛はどうした護衛は
16982.41,www
16982.888,wwwwww
16984.209,wwwww
16985.673,姫についていけないほうが悪いか
16986.009,wwwww
16986.495,nt
16987.329,nt
16994.094,wwwww
16996.616,姫は止まらないww
16996.908,wwww
17001.937,wwww
17002.988,おもろすぎるw
17004.152,www
17009.486,www
17009.789,おもろいなあｗｗ
17012.189,姫ー笑
17014.434,ノンストッププリンセス
17088.13,プラント
17088.983,ナイス設置
17104.771,おっしいい
17106.064,nt！おしい！
17106.716,おしい
17107.166,nt!
17108.248,nt!
17108.394,nt!
17108.933,おしい！nt！
17109.523,nt!
17110.787,nt
17111.388,nt
17112.219,nt
17113.519,nt
17116.723,nt！
17117.697,nt
17121.166,ママ
17122.026,nt
17188.542,わかってんなｗ
17189.032,わからせてるw
17189.527,www
17189.811,wwwww
17192.283,ｗｗｗ
17193.837,www
17238.116,うめえな
17242.717,www
17242.867,おおｗ
17245.831,www
17254.992,nt！
17259.342,nt!
17260.842,nt
17261.496,nt
17262.033,ナイス削り
17265.72,ナイス持ち帰り
17266.81,nt
17269.083,いい削りだなぁw
17307.708,つよ
17355.283,えぐw
17363.497,ｗｗｗ
17367.378,www
17369.031,バレたか
17381.826,うま
17390.171,うま！
17392.555,おしい！！
17392.957,あｗ
17393.594,あ、ｗ
17394.963, www
17396.182,wwww
17396.24,まじかあああおっしいいい
17397.567,www
17398.325,ｗｗｗ
17398.386,ww
17399.05,nt
17399.299,wwwwwwww
17399.886,あっwww
17400.813,あ、ずーる
17400.883,あwww
17401.074,wwww
17401.371,負けた
17401.47,あああああ
17401.585,ww
17401.694,あ、ずーるさん
17401.7,www
17402.258,nt
17402.275,nt
17402.428,まじかよ！！
17402.469,おしいww
17404.308,ｗｗｗｗｗ
17407.939,nt!
17408.032,WWWW
17409.129,wwwwwwww
17409.262,あ、ずーる…
17410.506,あ、ずーる
17414.461,あ、ずーる
17415.904,銃口曲がってた？
17416.356,www
17420.427,wwwww
17435.94,www
17438.176,ｗｗｗ
17438.677,ク、ラシック
17439.16,ｗｗｗ
17444.615,www
17446.217,姫早いw
17446.596,姫早いw
17451.161,姫wwww
17453.49,うわぁぁぁぁぁ
17455.437,ボコボコだぁwww
17458.171,あわあわ
17460.029,wwww
17463.794,nt！
17466.406,nt
17467.137,nt!
17467.834,nt！
17470.27,nt
17470.339,まあまあまあまあ
17470.883,nt!
17474.286,nt
17478.687,気がついたら姫走り出してるw
17482.541,一旦お転婆か
17482.866,最初の宣言通りになりそうやな、、、
17483.083,てんやわんやwww
17499.965,www
17501.119,www
17501.394,www
17502.23,周りが遅いだけだよwwww
17585.806,www
17587.706,あっwww
17589.889,www
17590.62,ww
17592.326,www
17592.447,だおwww
17595.242,wwww
17595.786,ｗｗｗｗｗｗ
17595.86,wwwwwwwww
17606.255,ないすww
17606.369,wwwwwww
17606.712,ｗｗｗ
17608.664,www
17609.671,nt！
17609.858,こええwww
17610.259,こーれ必死です
17611.326,オペ
17611.362,ｗｗｗ
17611.585,ｗｗｗｗｗ
17612.461,wwww
17615.723,wwww
17624.18,wwwww
17625.661,wwwwww
17631.168,www
17659.769,でたwほらっwwww
17684.988,限界だーwww
17687.358,あっ
17688.549,www
17690.532,地獄ww
17690.624,ｗｗｗ
17691.8,HAHAHA
17692.904,www
17694.64,www
17694.902,www
17696.565,極限すぎるw
17721.058,でかい
17722.422,ないす！！！
17724.583,ないす
17724.82,ないす
17727.213,蘇生でかすぎた
17730.475,目標達成です
17734.994,タレット撃った時は終わったかと思ったｗ
17764.024,ないす！
17764.36,ナイスワン！
17764.639,ないすわん！
17765.608,わん
17775.107,つー
17775.755,ナイスツー！
17779.871,つー
17781.261,強いよー
17782.949,ないすつー！
17787.767,ナイス！
17855.116,www
17855.343,wwww
17856.303,www
17856.423,ないすーー！！！
17857.294,www
17858.241,ｗｗｗｗｗｗ
17859.486,ナイスナイスwww
17860.581,ないすwww
17862.554,wwwww
17864.74,ええぞええぞｗｗ
17873.125,www
17878.144,かわいそすぎるｗ
17885.985,面白すぎるw
17920.848,凄い悲鳴w
17973.045,ナイス！
17975.243,ないすわん！
17994.467,ないすー！！
17998.301,ナイス
17999.889,追いつけるよ
17999.953,ないす！！！！
18014.129,守マ６本あるよー
18015.407,www
18018.941,www
18025.211,www
18036.299,ｗｗｗｗｗ
18038.984,ｗｗｗ
18041.012,ぎいやあああｗ
18041.192,ｗｗｗ
18043.67,alphaさんw
18043.617,驚き方よwww
18044.24,www
18044.993,wwwwww
18047.806,www
18047.914,悲鳴よwww
18055.617,アルファさんの悲鳴独特なんだよｗｗ
18085.334,つよ
18098.404,ナイス！
18101.219,わん
18101.181,ないす！
18111.103,人数有利
18122.168,www
18122.918,だお？
18139.149,ないす！
18140.093,ないす
18140.518,ないす！う
18144.661,6本折り返しでかい！
18148.827,一人せーのｗ
18150.235,ｗｗｗ
18162.662,www
18163.271,スキルには準備必要なんだよね
18168.565,みんな過保護w
18168.893,6-6でけぇ
18172.994,姫を困らせないでくださいｗ
18224.691,ナイスパラ
18233.594,バカガンダやんww
18235.444,ナイス
18236.078,ないす
18238.638,あっぶないすｗ
18246.264,wwww
18247.286,ないす！！！
18248.816,wwww
18253.543,www
18268.588,ニコニコでSG
18271.125,やり返すか
18285.193,コミュニケーションへたか？
18290.11,ギアさんよく抜くな
18298.357,www
18302.682,wwww
18305.76,ww
18306.961,ｗｗｗｗ
18308.01,ｗｗｗｗｗｗｗ
18309.376,ｗｗｗ
18310.374,wwww
18310.383,ガチ悲鳴w
18311.198,wwwwww
18311.665,ｗｗｗ
18311.739,wwwww
18311.936,www
18312.284,www
18314.564,wwww
18314.75,wwwwwwwww
18314.896,wwwww
18315.949,ww
18316.599,事件が起きてた
18319.527,w
18319.58,wwwww
18319.707,リバーブしてない？ww
18320.04,ｗｗｗｗｗ
18321.447,ｗｗｗｗｗｗｗｗ
18322.099,wwwwww
18322.441,草
18322.728,だっっっっっっ
18322.844,www
18323.431,wwwwwwww
18325.831,www
18325.844,wwww
18327.116,wwww
18327.243,ｗｗｗｗｗ
18327.868,wwwww
18328.059,wwwwwwww
18330.198,何の戦い？ww
18331.1,めっちゃフラグ回収速かったな
18332.472,ひなーのの声ハウってない？
18334.389,おもろｗｗ
18349.082,なんか見本見せるみたいな雰囲気あったんだけどなぁw
18356.043,3人ジャッジｗ
18357.248,www
18357.49,www
18361.578,ぎやぁあああｗ
18398.954,あっw
18402.746,nt
18403.143,www
18403.637,nt!
18404.294,www
18406.168,nt！w
18406.354,nt
18407.265,nt！
18408.161,ﾊﾞｳ
18408.455,nt
18408.521,nt!
18409.085,nt
18409.293,うーんww
18412.886,nt!
18413.163,ふう
18414.401,ないエコ
18414.483,嫌な音してるって
18416.482,nt！
18433.293,wwww
18437.876,半笑いやんww
18439.93,www
18440.58,逆にねｗ
18473.191,削った
18493.304,え？
18493.334,www
18494.123,www
18494.377,姫ｗ
18494.691,wwwwww
18495.034,wwwww
18496.295,姫？www
18497.073,ｗｗ
18497.198,ｗｗｗ
18498.256,www
18498.505,ｗｗｗ
18499.254,www
18499.898,www
18500.028,www
18504.411,姫ぇ？w
18504.671,hahahaha
18516.897,声出さずに笑ってるの良いなｗ
18542.78,nt!
18543.876,nt！
18544.797,nt
18545.029,nt！
18545.194,nt
18545.599,nt!
18545.737,nt!
18546.929,nt
18547.242,nt
18547.897,nt
18550.643,nt!
18557.294,ここからここから
18618.812,nt！
18619.363,nt!
18619.914,まぁまぁまぁまぁ
18621.503,nt
18622.068,nt
18622.169,nt!
18624.06,nt!
18624.052,nt!
18625.652,wwww
18626.682,nt！
18629.229,踏んだり蹴ったりｗ
18630.784,www
18682.324,ナイスワン！
18684.613,ないすわん！
18684.613,わん
18693.614,ないすつー！
18693.985,ナイスツー！
18701.259,naisu！！
18703.172,つよー
18703.6,ないす！
18723.617,オペ強奪成功
18741.369,ナイスウルト
18764.549,ナイスナイス
18764.938,www
18766.417,ナイス連携！
18771.222,ナイスｗ
18779.065,ないすわん！
18779.637,ないすわん！
18780.413,ナイスワン！
18780.614,わん
18783.507,ナイス引き
18802.561,ミミミド
18802.983,みみーとｗ
18803.857,ｗｗｗ
18804.647,www
18805.712,ｗｗｗｗ
18807.012,www
18807.26,ないす！w
18810.018,ミント報告ナイスwww
18810.471,みみーとw
18815.185,www
18825.213,新手のベイトｗ
18833.627,ｗｗｗｗｗ
18839.413,wwww
18840.952,笑うなw
18844.673,いちゃいちゃしてんなあ
18846.632,うふっ
18847.199,wwww
18847.648,ww
18849.739,イチャイチャすなぁーwww
18851.049,この空気良いわあｗｗ
18888.132,ないすわん！
18888.955,うまい！
18890.948,わん！
18931.033,つー！
18932.173,ナイス！！
18933.031,ないすつー！
18941.379,ナイス
18943.07,ないす！！！
18949.11,ないす！
18969.659,武器買ってない！
18974.804,武器は？
18978.123,武器が
18979.939,あら
18987.182,あらま
18989.103,今日のか
18993,奪うしかない
19002.068,ｗｗｗｗ
19002.811,w
19002.976,wwwww
19005.427,www
19005.547,www
19005.585,なにしてんのｗｗｗ
19005.73,www
19008.812,ありゃwww
19008.989,wwww
19011.829,WWW
19017.358,そりゃそうｗｗ
19017.517,ぶ、武器は渡してないから、、、、
19047.407,めっちゃ確認してたから気付いてると思ったわ
19079.636,ｗｗｗｗ
19080.728,wwww
19081.666,きっw
19081.78,www
19081.846,nt
19082.311,nt
19082.612,wwwww
19082.646,ジャッジｗ
19083.037,バウ
19083.769,nt！
19084.432,www
19085.84,nt!
19086.675,wwww
19086.93,ぎやぁー
19087.497,nt!
19087.585,nt！
19088.902,nt
19088.917,w
19089.649,でたあああw
19090.252,nt
19098.69,これはクるなぁ
19098.75,一丁！
19113.102,トムとダルで迷ってるのかと思ったらw
19126.557,ないすわん！
19127.424,ナイスワン
19130.024,www
19130.328,キッス
19131.989,きsssｗ
19133.377,kiss
19133.369,きっsss
19134.148,www
19134.415,wwww
19138.148,やっぱりジャッジかぁwww
19147.104,wwwwwwww
19147.199,ｗｗｗ
19147.439,ｗｗｗ
19147.471,ないす！！
19147.738,wwwww
19149.387,www
19149.333,その悲鳴やめてくれｗｗｗｗ
19150.754,wwwww
19151.061,www
19152.826,ほんまにw
19153.409,ナイスナイスwww
19153.606,ギヤーーw
19156.227,ギィャァァァ
19158.4,ジャッジ狂ってるｗ
19158.938,アズール悲鳴まじでおもろい
19158.949,wwww
19162.676,ナイス！
19187.124,APEXしてない？ｗえびお
19196.231,ｗｗｗ
19196.737,ｗｗｗｗｗｗ
19200.444,あららww
19201.14,www
19202.365,www
19204.447,www
19206.31,www
19207.136,あら？www
19212.001,あwww
19212.14,集中力がもうw
19212.555,ひなーのとろーるなの
19222.997,いまの深いやつ？
19234.945,www
19235.409,え？ww
19239.742,www
19247.057,何があったんだろw
19259.551,わんよ
19262.582,おしい
19267.859,もう一回遊べるドン
19276.993,ナイスナイスgg
19278.658,gg
19282.335,ないす！！！gg!
19282.46,ないす！！
19286.559,シュラウドステップで移動した先に敵がいて、普通に失敗したやつやねｗ
19286.919,gg
19296.531,普通にネオンいい感じだったな
19302.176,カロリー高いなぁ
19312.006,ギィヤァァァおもろかった
19314.645,gg
19320.293,勝ち逃げ大事w
19321.292,お疲れさまね〜
19324.443,お疲れ様～
19327.948,お疲れ様でしたー
19327.922,お疲れ様でした
19328.434,お疲れ様でした〜
19329.882,お疲れ様ー
19330.701,お疲れ様でした！
19332.235,おつかれさまでした！
19332.498,お疲れ様でした～
19332.658,お疲れ様！
19333.541,お疲れ様ですー！
19334.058,お疲れさまやで
19334.465,お疲れ様でした!
19334.561,お疲れ様でした
19335.727,おつかれなーの
19336.951,皆さんお疲れ様でした～
19338.263,お疲れ様でした！
19338.652,お疲れ様
19339.136,お疲れ様でした
19339.444,今までこんなにショットガンの警戒したことないよなぁww
19340.489,皆さんお疲れ様でした
19340.871,おつ～
19341.554,おつかれさま！
19341.624,お疲れ様でした
19341.714,お疲れ様でした〜
19341.867,お疲れ様でした
19343.706,お疲れ様でした～
19345.389,久しぶりにおじちゃん達との絡み見れてよかった
19346.134,おつかれさまでした〜！
19346.598,お疲れ様～
19349.074,はーい
19349.437,お疲れ様でした〜
19349.55,ジャッジの悪夢をみたねｗ
19349.984,りょーかい！
19351.229,まーカロリー高かったなｗｗ
19351.109,はーい
19351.898,了解！
19352.176,お疲れ様でした！ジャッジの怖さを知るカスタムだったw
19353.572,了解
19354.281,はーい
19354.57,お疲れさまでした！
19355.661,はーい
19355.824,りょうかいです！
19356.93,お疲れ様〜〜
19357.585,お疲れ様でした！
19358.908,はーいおつひな～～～
19359.294,お疲れ様
19361.488,りょーかい
19361.643,ゆっくり休んでね
19361.787,はーい
19361.801,あいー
19362.335,お疲れ様でした！
19362.538,了解だよ
19363.247,いっぱい寝な〜〜
19363.618,ポキ農のからみ久々に見れて楽しかった
19365.225,まあハイカロリーだったしｗ
19365.351,あいよー
19366.12,おけー
19367.004,はーい！
19367.472,了解！
19367.48,ゆっくり休んでね〜〜
19368.314,お疲れさまでした!
19369.725,www
19369.852,決まったら教えてね
19369.885,はーい
19370.524,来週新衣装だね
19372.609,ゆっくり休んでね
19374.881,wwww
19376.642,ゆっくり休んでね
19377.353,おつひなー
19380.265,おつかれさまー
19381.126,お疲れ様
19381.487,じ、ゃっじ
19386.029,まじでたのしみ
19386.391,気になる
19386.715,楽しみです！
19389.072,新衣装マジで楽しみ！
19389.631,新衣装まじで楽しみ
19390.302,やったーーー
19391.967,うおおおおおおおおおおおおお！！！！！
19392.088,おお
19392.209,新衣装楽しみ！！！！！
19392.258,楽しみ！
19392.782,お歌とってもよかった！新衣装楽しみ！
19392.846,楽しみ
19392.981,たのしみ！！！
19393.048,おつかれやで
19393.093,WAKWAKが押し寄せてきてる
19393.179,来週の新衣装楽しみ！
19393.505,ありがとうポキ農；；
19394.676,たのしみー！
19394.775,またちらちら見せてくれるんか？
19394.946,楽しみすぎる！！
19395.147,気になる〜！
19395.207,新衣装きた！
19395.23,楽しみ~
19395.38,ﾔｯﾀｱｱｱｱｱｱｱ
19397.515,楽しみ〜
19398.931,うおおおお
19399.81,ポキ農見れてよかた
19400.267,楽しみ！！
19401.322,スパン短いな
19401.33,まじで楽しみ
19401.755,楽しみ！
19401.886,ｷﾀｰｰｰｰｰ
19402.125,たのシミ
19402.391,楽しみ〜
19402.493,きちゃきちゃー
19402.973,はーい
19403.445,可愛い感じ？？？
19403.651,フォー
19403.99,おお
19404.634,おお！
19405.07,おおおおお
19405.662,うおおおおおお
19405.885,おー！！！
19406.759,おお！！！
19406.867,楽しみだ
19407.123,お！
19407.229,おお！
19407.392,今の衣装は見納め？
19408.001,楽しみ
19408.558,おお！
19408.661,やった
19409.646,おおおおお！
19409.9,おおおお！！！！
19410.697,お！
19411.528,おおおおお！
19411.817,お！
19411.866,うおおおおおお
19412.271,頑張って
19412.436,おぉ
19413.346,おお〜
19413.583,おおー！
19414.446,まじ楽しみ
19415.113,新衣装楽しみ！
19417.01,おお！
19417.46,楽しみ！！
19418.885,ファイティン！
19421.022,あんたが出ないで誰が出るんだよ！
19421.151,両方楽しみや〜
19422.54,バタバタになるか
19422.989,おおおおお！！
19426.761,楽しみいっぱい！！
19428.637,ほな休めるときにはしっかり休んでもろて
19429.264,SBIのやつも楽しみ
19430.202,はあい！！
19431.046,はーい！
19431.285,はーい
19432.08,楽しみにしてます！
19432.233,はーい
19432.963,曲も聞いたよー
19436.269,おつ
19437.255,owリベンジがんばって！
19438.857,楽しみなことたくさんだああ
19439.937,おつ
19440.006,頑張れ！！寂しがりや少女！！！
19442.012,楽しみ！
19442.449,おつ
19442.548,crカップガンバ！
19443.114,otuhina
19446.067,おつ
19450.12,案件のときのよんだっけ？
19450.342,おつ
19452.682,楽しみなこと多くて嬉しい〜！
19453.209,出たよね
19453.726,バイチッ
19454.408,エモかったよ
19454.746,でたわね
19455.735,おつ
19456.176,めっちゃ良かった
19456.302,聞いたよ！むっちゃ良かった！
19456.822,おつ
19457.302,まじで良い
19457.356,めっちゃよかった
19457.921,まじでいい曲だった
19458.226,めっちゃよかった
19460.581,おつ
19461.596,めっちゃよかった〜
19462.121,あい
19462.688,聴いたけどひなのちゃんわかりやすかった！
19463.571,エモエモでした
19463.967,ひなのソロパートよかっつあよ
19464.63,泣いた；；
19466.11,おつひな
19467.208,良きだった
19467.489,きいたよ！
19468.931,そういえば遅延配信の時にアカペラリクエストしてる人がいたのってどうなった？
19469.889,むっちゃよかったです
19471.938,おつ
19472.948,おつ
19473.679,おつ
19475.919,おつひな～
19475.968,おつ～
19476.068,おつひな〜
19476.422,おつ〜！
19476.513,おつひな～
19476.556,おつひな
19477.088,おつ
19477.179,おつ
19477.991,おつ
19478.803,おつ
19479.887,おつ
19479.963,おつ
19480.199,おつはな
19481.862,おつ
19482,おつ
19482.094,おつ
19482.096,おつ
