時間,コメント,予測値
0.0,待機,0
97.407,待機,0
101.045,待機,0
130.573,待機,0
172.57,待機,0
421.734,待機,0
765.535,待機,0
907.551,待機,0
959.194,待機,0
1201.525,ポキ農メンだ！,0
1323.953,待機,0
1378.239,待機,0
1407.338,待機,0
1448.735,待機,0
1554.584,九人なの ?,0
1580.95,待機,0
1601.536,アルファさん主催なんやからそら参加するやろな,0
1884.892,待機！！,0
1904.461,ゲスト9人＋主催者じゃない？,0
1919.221,待機,0
2071.579,待機,0
2261.383,待機,0
2291.606,待機,0
2473.262,待機,0
2591.931,待機,0
2605.307,待機,0
2624.579,待機なの,0
2810.727,待機なの,0
2829.111,待機,0
2912.204,待機,0
2919.159,待機,0
3032.015,待機,0
3035.948,待機,0
3047.937,待機,0
3111.317,待機,0
3150.911,待機,0
3154.864,待機,0
3167.436,待機,0
3176.382,待機,0
3185.454,こん,0
3188.186,こん,0
3191.787,こん,0
3194.431,こん,0
3196.518,こん,0
3198.337,こん,0
3199.494,こんひなー,0
3202.112,こん,0
3203.753,こん,0
3204.216,え？www,1
3205.747,こん,0
3207.19,こん,0
3207.723,こん,0
3207.783,わこつ,0
3209.503,こんひなー,0
3209.723,こんひな！,0
3210.199,こん,0
3211.083,こん,0
3211.39,ん？,0
3212.78,こん,0
3213.053,こん,0
3213.94,こん,0
3214.62,こん,0
3217.666,こん,0
3219.861,こん,0
3222.952,こん,0
3222.959,こん,0
3223.936,こん,0
3239.289,ポキ農そろったぁ,0
3242.396,こん,0
3246.166,エペぶりのぎーあ,0
3247.073,こん,0
3248.08,こん,0
3248.09,こん,0
3249.894,こん,0
3256.866,こん,0
3261.742,こん,0
3263.513,え？www,1
3273.589,こん,0
3278.35,はなばなアイコンかわいい,0
3279.152,こん,0
3299.973,こん,0
3302.69,こん,0
3317.214,こんひなー,0
3317.91,こん,0
3321.667,こんばんわ～！,0
3327.905,でけえええええ,0
3331.054,こん,0
3341.161,ｗｗｗｗｗ,0
3347.232,www,1
3351.47,サムネ間違えてません？俺だけ？,0
3351.466,こん,0
3353.41,88888,0
3358.109,wwww,0
3366.59,かわいいｗ,1
3370.652,www,1
3384.737,こん,0
3388.959,覚悟決めすぎでは？,0
3389.472,こんばんは,0
3396.618,おっも,0
3398.203,wwwww,0
3405.349,www,1
3408.048,サムネ違うwww,1
3411.636,やる気がすごいんだから,0
3412.485,重すぎだろ,0
3412.531,サムネ間違ってるね笑,0
3414.998,wwww,0
3416.123,こん,0
3426.887,サムネ間違ってるんじゃなくてバグな,0
3436.894,こんばんは〜！配信頑張ってください〜,0
3444.396,こん,0
3449.128,同じか…,0
3450.442,www,1
3450.596,こん,0
3451.138,ｗｗｗｗ,0
3451.26,wwwww,0
3451.515,wwwwww,0
3452.337,www,1
3455.53,こん オリ曲良かった,0
3456.623,こん,0
3458.478,こんー,0
3461.534,wwww,0
3462.367,wwww,0
3463.677,www,1
3464.836,え？,0
3465.778,？？？,0
3466.323,ん？？？,0
3466.822,ん？,0
3467.508,こん,0
3469.929,こん,0
3472.441,こんひな！,0
3473.499,スルーｗ,1
3473.818,はい？,0
3473.873, ん,0
3474.462,for victoryよかったよ〜！,0
3474.726,無視でｗ,1
3475.8,for Victory!最高でした,0
3476.751,清楚担当サラッと流れたな,0
3476.785,もう誰もつっこまない,0
3478.692,もうええか…,0
3485.055,ん?,0
3493.455,!rank,0
3498.318,スシマスのアイコンいないかも,0
3499.386,呼び方の癖つよいてwww,0
3499.764,for victoryきいてきたぁ）,0
3503.199,こん,0
3503.653,www,1
3507.746,こんひなー,0
3510.928,サムネって合ってます？？,0
3511.538,で,0
3512.388,こん,0
3515.024,こん,0
3517.881,曲よかっだぁ,0
3522.409,for victoryめちゃいいやあああああん,0
3522.847,ん？,0
3527.769,こん,0
3530.335,歌めちゃくちゃよがっだよおおおおおお,0
3532.359,for victory最高だったぞーーーーー,0
3533.072,曲で泣いてきました,0
3533.604,神曲でした,0
3534.539,今日聞いてきましたこん,0
3536.951,こん,0
3543.779,こんひな,0
3545.254,名前なっがｗｗｗ,1
3547.513,サムネバグじゃない？,0
3549.315,サムネ・・・,0
3550.422,わこつ〜,0
3558.203,ポキ農そろったｗ,1
3558.558,ポキ農！,0
3559.469,ポキ農うおおおお,0
3562.964,ポキ農やｗ,1
3567.378,おお〜、1戦目からそろった！,0
3569.26,ポキ農きちゃ,0
3569.967,ほうほうほうｗｗ,1
3570.367,熱,0
3571.534,ポキ農うおおおおお！,0
3571.754,ｗｗｗｗ,0
3572.1,ポキ農う！,0
3572.104,アルファさん…,0
3573.37,おww,0
3573.481,おおおおおお,0
3574.404,ポキ農きた！,0
3575.671,サムネ違うぞ,0
3576.154,やんのか？,0
3579.98,揃ったのあっちぃ,0
3580.791,ポキ農きちゃ,0
3582.692,一戦目からpoki!,0
3583.203,アルファさんと対面w,1
3584.055,わああああ！,0
3586.426,こんひな,0
3588.217,Bメイン呼び出しｗ,1
3588.221,あち,0
3588.466,こん,0
3589.741,www,1
3592.444,ww,1
3593.38,ポキ農だ！！！！,0
3593.708,こん,0
3597.03,バインドやりたすぎる化身おるな,0
3597.236,ポキ農そろった,0
3597.825,こんひな,0
3597.834,ｗｗｗｗｗｗ,0
3598.013,wwww,0
3601.124,うるさぁwww,0
3601.596,www,1
3601.955,wwww,0
3602.131,wwwwww,0
3603.01,www,1
3603.316,かわいいｗ,1
3603.759,ｗｗｗ,1
3603.833,ｗｗｗｗ,0
3603.998,wwwwwww,1
3604.193,ええ？ｗｗ,1
3606.38,えぇぇぇぇww,0
3607.188,www,1
3609.1,だお強しw,1
3609.536,www,1
3610.393,かわいいw,1
3610.643,バインドだろーー,0
3610.653,www,1
3610.978,フ、ラクチャー,0
3611.002,声めっちゃ通ってたってｗｗ,0
3611.855,ｗｗｗ,1
3613.313,wwww,0
3614.113,wwwwww,0
3616.038,w,1
3616.693,検索よけにまけたｗｗ,1
3616.886,負けてて草,1
3620.83,ww,1
3627.801,大声ナイス,0
3631.54,ナイス声出し,0
3636.793,ちぐちゃんかｗ,1
3636.945,ちぐちゃんw,1
3637.943,なんで？w,1
3639.26,歌めっちゃよかった,0
3639.55,for victoryバカ良かったよ,0
3640.442,ポキ農きた,0
3642.222,ちぐちゃんなんやwww,0
3642.799,歌やん,0
3643.019,ちぐちゃんなの？,0
3643.518,wwww,0
3644.915,www,1
3645.376,ｗｗｗｗｗｗ,0
3645.527,なんで？？？,0
3645.532,ｗｗｗｗｗｗ,0
3645.948,wwww,0
3647.593,www,1
3648.524,www,1
3650.041,wwww,0
3651.001,無理ない？www,1
3651.283,エンジョイ？音楽はなり続ける？,0
3651.932,ポキ農揃った〜,0
3653.164,www,1
3653.255,どういうことｗｗ,0
3653.978,嘘だろｗｗｗｗ,1
3653.985,エンジョイ！,0
3654.387,www,1
3654.583,www,1
3655.125,www,1
3655.306,エンジョイ！,0
3655.484,Enjoy,0
3655.668,wwww,0
3657.03,ｗｗｗｗｗ,0
3657.213,歌うやついんのかよこわwwww,1
3657.425,すごww,0
3658.109,www,1
3659.466,関係あるかなぁ？w,1
3659.814,ちゃんと効果あるんやw,1
3659.948,wwwww,0
3660.006,まじかよwww,1
3660.296,ガチで草,1
3660.99,理由おもしろw,0
3660.981,そんなｗｗｗ,1
3662.837,歌の影響力すごいかｗ,1
3663.193,w,1
3663.887,世界平和そうだな,0
3664.338,アンコール沸かしてそう,0
3665.384,歌は強かったｗ,1
3665.81,ココロオドルは偉大だったw,0
3666.866,そんなシンフォギアみたいな,0
3668.014,野良でひどい目にあったかー,0
3668.068,マクロスみたいな事言ってる,0
3668.998,歌えっ！,0
3671.325,逆に歌われても困らん？,0
3671.531,あ,0
3671.859,おっと,0
3672.43,あ,0
3672.586,wwwww,0
3673.482,草,1
3674.079,wwww,0
3674.36,ｗｗｗｗ,0
3674.498,ｗｗｗｗｗｗｗｗｗｗ,1
3674.674,wwwwww,0
3674.796,WWW,0
3674.831,wwwwwwww,1
3674.869,wwww,0
3675.019,WWW,0
3675.059,wwww,0
3675.844,wwww,0
3675.948,あw,0
3676.139,wwwww,0
3676.231,ｗｗｗｗ,0
3676.31,ｗｗｗ,1
3676.316,ｗｗｗｗ,0
3676.673,wwwwwwww,1
3676.678,あ,0
3676.729,出たwwww,1
3677.382,あ,0
3678.917,wwwwww,0
3679.92,おっとw,0
3681.077,ひなーのじゃない？,0
3681.527,wwwwwwwww,1
3681.729,wwwwww,0
3681.771,www,1
3682.43,wwww,0
3682.828,あwww,0
3682.845,早速いじられてるw,1
3683.39,wwwwww,0
3683.393,ｗｗｗｗｗ,0
3683.504,さみしがりやいじりwwww,1
3683.836,別の配信者さんとマッチしててその人も歌ってたな笑,0
3683.936,wwww,0
3685.096,wwwww,0
3685.402,www,1
3685.609,ｗｗｗｗｗｗ,0
3686.122,寂しがり屋だもの,0
3686.633,wwwww,0
3686.637,寂しがりやな女の子www,0
3688.216,www,1
3688.594,wwwwww,0
3689.831,ええてｗ,1
3691.17,www,1
3691.209,ｗｗｗ,1
3691.659,寂しがり屋の女の子歌ってー,0
3691.892,こーれしばらく弄られます,0
3692.659,www,1
3693.808,こん,0
3694.949,寂しがり屋な女の子が浸透してきたな,0
3694.947,だりぃww,1
3695.366,こーれ特殊エンディングです,0
3696.797,ガチでおもろいwww,0
3698.563,ゴリちゃん歌みたあげてるよなあ？w,1
3699.71,寂しやがりやな女の子？w,0
3699.878,うたとげーむがすきななんだっけ？笑,0
3708.718,トロールクリップも晒されたしなww,1
3711.685,こん,0
3716.347,まじかｗ,1
3716.832,あっ,0
3717.141,え,0
3717.796,ｗｗｗｗ,0
3722.076,ら、だ,0
3722.909,え？,0
3723.483,距離近すぎたか,0
3725.179,だおまじかぁww,0
3726.248,wwwwww,0
3727.293,ww,1
3727.393,wwwwwwww,1
3730.268,wwww,0
3731.61,だおw,1
3731.706,www,1
3733.535,ｗｗｗ,1
3733.658,ｗｗｗｗｗ,0
3735.038,脅し方が特殊ｗ,0
3735.662,返し強いwww,0
3737.275,ちょうど今日フルバージョンが公開されましてね,0
3737.277,wwww,0
3750.324,ちぐちゃんピック広くない？w,1
3752.345,こん,0
3758.373,何を言ってる？www,1
3764.387,ポキ農揃ってるのエモ,0
3765.554,義務モク？,0
3765.784,アストラきた！,0
3767.649,モ，ク,0
3768.167,アストラきちゃー,0
3768.834,何もできないゴリラもいますよとｗ,0
3772.982,やっぱモクよ,0
3773.921,本職？,0
3785.988,ネオンも可,0
3786.112,ギアさんのレイズ見た事ないw,0
3787.391,きたぁw,1
3787.466,きたあｗ,1
3792.035,義務レイズ,0
3792.449,クソ短くなった,0
3795.115,ジェットでも加,0
3798.853,ギアさんのパッションレイズ見たいw,1
3798.893,wwww,0
3803.16,言わねえ…,0
3806.173,ギアさんのレイズは沼で有名,0
3809.937,wwwww,0
3815.558,あー,0
3816.378,あー,0
3817.718,あ～,0
3818.331,リークマジか,0
3820.569,あー,0
3822.423,知ってた,0
3823.314,グロめか,0
3824.977,ジャッジの人,0
3828.601,めたい,0
3828.682,リーク来たw,1
3829.129,リーク,0
3829.997,ないすリークw,0
3831.136,wwww,0
3831.277,人メタｗ,1
3832.437,犯罪者予備軍か,0
3832.424,ちゃんとリーク,0
3832.543,wwwwwwww,1
3832.756,メタ読み草,0
3834.27,えびおはモク中ジャッジしかせんからなｗｗｗ,0
3835.165,スパイいるの,0
3836.013,初見です,0
3836.077,リーク多いなｗ,1
3836.836,メタ読みがはかどるww,0
3837.07,インスモジャッジだから凶悪,0
3837.066,メタきたw,1
3837.987,リーク多めか,0
3839.523,人読みがリアルだなぁw,1
3840.22,リークデカい,0
3840.354,とんでもない量出てくるやん,0
3840.842,リークナイスw,0
3842.359,ちゃんとガチw,1
3843.959,内部告発かぁ,0
3844.93,人メタきた,0
3845.131,パラボラも好きやね,0
3849.205,りりむはいつものネオン,0
3853.948,２デュエかぁ,0
3858.497,GLHF！,0
3868.228,１戦目ふぁいてぃん,0
3871.268,GLHF!,0
3873.273,勝つぞー,0
3876.342,GLHF!,0
3878.284,ｗｗｗｗｗｗ,0
3879.962,今来たけどひなーのサムネと人なんか違くない？w,0
3880.096,www,1
3882.19,wwww,0
3882.976,買って買ってｗｗ,1
3883.448,www,1
3886.251,www,1
3886.987,難しいこと言われてもぉ！！,0
3887.462,wwww,0
3887.56,WW ,0
3887.589,www,1
3888.116,www,1
3888.888,あっ,0
3890.931,ｗｗｗ,1
3890.932,wwww,0
3891.972,ｗｗｗｗ,0
3892.098,ｗｗ,1
3893.294,ｗｗｗ,1
3893.995,wwwwww,0
3895.756,www,1
3896.088,いないw,1
3896.306,www,1
3897.032,だめだぁｗ,0
3897.131,ままーのしてるw,1
3897.311,ゴリちゃん！？,0
3897.318,ぐだぐだw,1
3897.706,www,1
3897.989,ｗｗｗ,1
3898.169,wwww,0
3898.185,www,1
3898.895,わちゃわちゃｗ,1
3900.042,wwwww,0
3906.523,ヨチヨチゴリラｗ,1
3913.129,スパァ？,0
3918.079,つよ,0
3926.937,wwwwwwww,1
3928.817,nt！w,1
3929.659,www,1
3930.523,えぐwww,1
3930.864,ｗｗｗ,1
3931.101,舐めプかぁ？？？,0
3931.134,wwww,0
3932.082,ｗｗｗ,1
3933.703,くっそｗｗｗ,1
3934.342,WWW,0
3934.797,なめぷ,0
3934.746,振り返ったらめっちゃいるｗｗ,0
3935.05,nt！,0
3935.278,www,1
3937.358,nt,0
3942.511,nt,0
3943.051,ドラミングしてけぇ,0
3943.121,ｗｗｗ,1
3961.754,キモすぎですw,1
3963.373,これはキモいww,0
3963.845,wwww,0
3963.989,多いてwww,1
3965.036,きっしぇｗｗ,0
3968.3,エグい待ち方しようとしてるw,1
3970.277,距離取られたら終わりやなwwww,1
3971.502,www,1
3973.173,ｗｗｗｗｗｗｗｗ,1
3974.327,ｗｗｗ,1
3974.973,いなくね？,0
3977.518,なんか静かだなぁ,0
3981.609,トコトコなんよね,0
3985.646,行くべｗｗ,1
3988.128,えぐいｗ,1
3988.195,きもｗｗｗ,1
3989.435,登下校の班かな？,0
3990.655,ドラクエやめてw,1
3990.731,wwwww,0
3991.912,www,1
3993.193,トコトコでワロタ,0
3995.548,一旦リテイクか,0
3998.853,戦国ゲーミングみたいなことしてるなw,1
3999.849,詰んだw,1
4000.594,www,1
4002.63,きもすぎｗｗ,1
4003.407,５段ｗ,1
4004.018,wwwww,0
4005.058,5段えぐいw,1
4005.995,wwww,0
4006.777,キモいなぁwwww,1
4007.651,www,1
4008.256,どうすんのよこれｗｗｗ,0
4012.613,きもすぎぃｗ,1
4013.382,サムネ間違ってません？,0
4013.662,もうこのラウンド捨ててるwwww,1
4015.695,こなかったらやべえｗ,1
4016.535,www,1
4017.87,www,1
4018.416,このラウンドなんだよw,0
4019.213,もう解除は捨ててるの草,0
4019.966,キモすぎです,0
4023.702,wwwwww,0
4023.804,これどうゆう状況w,1
4025.269,ｗｗｗｗｗ,0
4025.456,wwwwwwwww,1
4026.086,wwwww,0
4026.251,え？,0
4026.36,wwwwwwww,1
4026.799,ねぇー,0
4028.128,なにこれｗｗｗｗ,0
4028.243,wwwwwwww,1
4028.646,wwwwwwww,1
4028.657,滑稽すぎるww,1
4029.081,終わってるよwwwwww,1
4029.375,ｗｗｗｗｗｗｗ,1
4030.68,wwwww,0
4030.685,wwwww,0
4030.801,www,1
4030.868,ｗｗｗｗ,0
4031.009,wwwwww,0
4032.807,wwwww,0
4033.026,wwww,0
4033.033,wwww,0
4033.231,wwww,0
4033.601,全員かよ,0
4033.907,なにこれｗｗ,1
4034.042,ｗｗｗｗｗ,0
4035.058,www,1
4037.034,めちゃくちゃだよw,1
4037.964,全員吹っ飛んだしｗｗｗ,0
4038.358,wwww,0
4039.421,wwww,0
4039.405,www,1
4040.568,競技シーンですか？,0
4040.77,wwwww,0
4041.313,nt,0
4041.432,ガチで終わってるw,1
4041.579,www,1
4041.836,wwwww,0
4053.271,敵さん？？？？ってなってるよw,0
4054.993,まぁここからだよなぁ,0
4056.507,草,1
4057.316,おかわりw,1
4057.435,カスタムならではの面白さ,0
4066.218,きしょめwwwだ,0
4079.765,あれw,0
4082.167,www,1
4083.831,一旦空振りか,0
4105.142,こん,0
4130.134,サムネは関係ない感じ？,0
4133.797,つー,0
4140.032,サムネはバグ,0
4140.174,ないすー！,0
4142.19,うおおお,0
4142.369,uooooo,0
4142.42,つっよ,0
4143.2,うおおおおお,0
4143.699,ナイス！！！,0
4144.644,ギアさ～ん,0
4144.661,ないす！！！,0
4145.174,おおおお！,0
4145.327,つんよ！！！！,0
4145.404,あ,0
4145.96,おー,0
4146.806,ギアさんうまあ！,0
4147.277,つっよ,0
4150.907,りりむww,0
4151.01,りりむ！？,0
4151.093,ないすぅ！,0
4152.038,落下ｗｗ,1
4152.971,落下は草,1
4154.644,ないす,0
4155.337,え？,0
4156.497,りりむちゃんw,1
4157.318,落下・・・？,0
4157.712,どうやって？www,1
4157.917,いいむ・・・,0
4158.353,wwww,0
4162.378,落下死マ？ｗ,0
4166.965,さすがFNC,0
4167.309,Apexやってる？りりむ,0
4199.357,グレ来て逃げる→タワーから落下かな?,0
4201.822,www,1
4204.15,笑い声ｗｗ,1
4205.492,悪い笑い出てるw,1
4205.761,笑い方悪すぎ,0
4206.075,笑い方ｗｗｗ,1
4206.394,笑い方wwww,1
4206.739,ココロオドってるわ,0
4206.956,声w,0
4207.362,わっるいやついたなw,1
4207.612,笑い方ww,1
4207.734,笑い方よ,0
4207.779,笑い方w,1
4208.457,www,1
4209.42,踊ってるわ,0
4209.643,笑い方ｗｗ,1
4210.229,笑い方やばｗ,1
4211.365,悪魔みたいな笑い方おったけど,0
4237.764,わん,0
4241.161,ナイスワン,0
4250.48,ｗｗｗ,1
4252.128,ｗｗｗｗｗｗｗ,1
4252.483,おしぃーnt,0
4252.636,nt,0
4255.958,nt!,0
4256.225,nt！ｗ,1
4256.481,ntnt,0
4256.522,ｗｗ,1
4256.847,nt！w,1
4256.878,wwwww,0
4256.931,なんだ今のwww,0
4257.026,nt,0
4257.112,ナイスワン,0
4259.857,nt,0
4261.277,nt,0
4261.99,nt!,0
4262.661,nt!w,1
4270.26,nt,0
4272.038,nt！ww,0
4278.474,キャラコン…,0
4283.31,おじいちゃん反応速度が・・・,0
4290.185,あ,0
4293.117,www,1
4294.931,おっと,0
4301.634,ないすわん！,0
4302.648,わん,0
4303.126,ナイスワン,0
4304.537,ナイスワン,0
4308.496,ポキ農こっちチーム全員いるのか,0
4313.012,わん,0
4322.77,ないすつー！,0
4326.306,いいよー,0
4326.545,つー,0
4327.443,ナイスツー,0
4327.684,ワン,0
4331.114,ないすー,0
4334.872,ないす！,0
4338.018,ナイスナイス,0
4341.532,ちぐちゃんが心躍ってるなぁw,0
4342.944,www,1
4344.097,ないすーー！！,0
4344.871,wwww,0
4347.948,www,1
4349.496,www,1
4350.219,wwwww,0
4351.647,ココロオドル,0
4354.554,ココロオドル？！,0
4364.338,ひなーのも心躍らせてこ,0
4368.394,ココロオドってるなあｗ,1
4369.565,ココロオドルアンコール沸かせ,0
4378.333,www,1
4382.266,www,1
4441.834,ひなーの大人しくない？,0
4450.75,www,1
4450.691,めっちゃ真面目なのかミュートなのか,0
4460.667,www,1
4460.665,www,1
4464.646,なーいす,0
4465.58,ないすー！,0
4468.015,ｗｗ,1
4471.939,ないす！,0
4472.273,ないすー,0
4475.269,ないす！,0
4477.645,wwwww,0
4478.342,おおｗｗ,0
4479.335,いいねw,0
4479.702,乗ってきな的なｗｗ,1
4479.957,ここは心踊るところか,0
4481.352,ｗｗ,1
4481.489,wwww,0
4482.064,ｗｗｗ,1
4484.346,ないす～～～～～,0
4485.202,www,1
4486.394,wwwww,0
4487.367,ひなーの上手いね,0
4488.119,いいやんいいやん！,0
4496.004,ゴリちゃん歌乗ってくれるからいいよなぁww,0
4520.23,どぅーんは村上ジョージなんよ,0
4525.391,めがねかわいい,0
4541.83,わん,0
4546.794,ワン,0
4547.421,ないすわん！,0
4549.271,ん？,0
4554.631,www,1
4559.953,そうだよねそうだよね？,0
4560.463,キモくないか,0
4560.77,g!?!?!,0
4561.05,きもくはないか,0
4563.889,くない,0
4567.529,ナイスツー,0
4572.494,あるよ！,0
4574.673,あるよー,0
4580.527,うおおおおおおおお！,0
4581.628,まにあわんかー,0
4581.903,おしーい,0
4582.903,うま,0
4583.123,おしいいいいい,0
4583.547,おおおおおお,0
4584.16,おしぃnt,0
4584.366,うまい,0
4584.564,おしいいnt,0
4585.115,おおおお！！おしーーーー,0
4585.366,おしぃー；；,0
4585.601,おっしいいーー,0
4585.766,おしいいいいい,0
4585.951,おしいいい,0
4585.994,nt,0
4586.024,おしいいいいいい,0
4586.84,いいえいむ,0
4587.027,おしいい,0
4587.156,おしい！nt！,0
4587.47,おしい！,0
4587.727,nt,0
4587.755,つよ,0
4588.355,おしいーーー,0
4588.734,ないすうう,0
4588.823,つんよ,0
4589.307,nt,0
4589.31,うま,0
4590.266,nt,0
4590.886,nt!,0
4591.98,おっしぃぃぃ,0
4592.177,おしいーーー,0
4592.678,ナイスだけど,0
4593.196,ナイス削りきりよ！,0
4593.364,おしい！,0
4593.776,nt!,0
4593.891,wwwwwwww,1
4593.934,つよッ！！,0
4594.745,おしいいい,0
4594.884,ntnt,0
4597.208,nt!,0
4597.198,おしいいいい,0
4598.55,www,1
4599.202,nt,0
4600.719,シンプルに感謝,0
4601.663,www,1
4602.042,口説かれるのやめて,0
4602.083,nt！,0
4602.693,wwww,0
4602.906,wwww,0
4604.71,イチャイチャ…,0
4605.43,www,1
4607.03,ひなーの歯茎です,0
4607.264,おしいけど,0
4607.476,www,1
4609.024,www,1
4620.73,強かったなぁ,0
4622.582,これptの女性はちぐちゃん・・・？,0
4624.165,固まるのすき、、、？,0
4629.648,これはエンジョイです,0
4644.593,裏から全然来ないなぁ,0
4647.274,ちぐちゃん陽の者過ぎてまぶしいよぉ,0
4649.897,うま,0
4650.544,今来たけどサムネ間違ってね？,0
4650.744,うま！,0
4650.988,ナイスワン！,0
4652.038,つっよ！？,0
4652.217,わん！,0
4652.399,えっぐw,1
4652.744,ないす！でかい！！,0
4652.809,つよ,0
4654.623,つんよ,0
4654.848,？！,0
4654.933,つっよ,0
4655.826,うま,0
4655.989,つよ,0
4656.786,つよ,0
4657.353,わん,0
4660.261,ナイスワン！,0
4661.266,え？,0
4662.301,ワンショで沈めたってw,1
4663.224,らっだぁ、バーチャルゴリラ、スパイギア、橘ひなの、西園チグサです,0
4674.017,オラァ！？,0
4677.187,バッキーショーティでw,1
4678.215,声ふっとwww,0
4679.016,サムネはバグ,0
4687.12,nt,0
4687.377,nt,0
4687.993,気合いはいってんなぁw,1
4688.048,nt,0
4688.603,nt!,0
4688.602,nt！,0
4690.535,nt！,0
4690.659,nt!,0
4690.994,nt,0
4691.302,nt,0
4692.252,nt！,0
4692.597,ntnt,0
4692.59,メンバーありがと,0
4693.177,ひなのさんがかっこよすぎて！,0
4693.632,nt!,0
4696.491,nt,0
4697.356,サムネバグかty,0
4697.639,nt~,0
4700.378,nt,0
4707.291,ちぐちゃん,0
4713.521,サムネ詐欺きっつ,0
4718.547,www,1
4718.838,wwww,0
4718.845,wwww,0
4722.741,www,1
4724.618,www,1
4725.724,何でも好きやん,0
4725.798,www,1
4727.063,サムネバグ？,0
4745.971,定期的になるバグ,0
4747.305,バグです,0
4749.018,サムネはバグですね（最近ずっと）,0
4755.984,今だれとやってるんですか？,0
4765.196,俺もこの分たれ使お,0
4794.848,だおw,1
4801.546,ないす！！,0
4802.787,ないすー！,0
4803.463,おほほ,0
4804.32,つよい！！,0
4804.28,うおおおおおおお,0
4806.393,つよーい！！,0
4806.602,なーいす！！！,0
4807.023,おおお,0
4807.714,ひなーの！？,0
4807.768,つよすぎ,0
4809.157,ｂ,0
4810.04,ないす～！！,0
4810.112,強すぎ！！,0
4810.16,ナイス――！！！,0
4810.602,つよーい！,0
4811.086,つよ！,0
4812.928,今のは気持ち良すぎです,0
4815.224,かっこいい！,0
4816.566,wwwwwww,1
4817.429,wwwwww,0
4818.448,ｗｗｗｗ,0
4819.677,ｗｗｗ,1
4819.768,wwwwwww,1
4820.392,www,1
4820.419,ｗｗｗｗｗ,0
4820.753,wwwww,0
4821.875,本人やんw,1
4822.384,ちょっと似てるw,1
4822.414,wwwww,0
4822.442,wwwww,0
4822.687,wwwwwwwww,1
4823.048,wwwwwww,1
4823.243,wwwwww,0
4823.7,www,1
4824.646,結構似てるｗ,1
4824.886,ゴリちゃんｗｗｗ,1
4825.352,似てて草,1
4825.808,www,1
4826.037,www,1
4832.371,パリピの集まりですwww,0
4837.016,本人おるやんw,1
4837.111,ゴリちゃんw,1
4848.805,せーのがさんはい…？,0
4863.738,せーのがさんはいどん・・？,0
4868.287,どっかで聞いた掛け声だな,0
4872.669,ナイスワン,0
4872.859,ないす！,0
4873.248,うまい,0
4875.426,わん,0
4876.591,おお,0
4876.704,うますぎ,0
4883.108,わん,0
4890.024,お米さんひなーのにボコボコやんw,0
4890.69,www,1
4893.269,ないす！,0
4893.316,ｗｗｗ,1
4894.02,wwww,0
4894.58,ｗｗｗｗｗ,0
4894.91,ナイスジャッジ！,0
4896.808,ないすー,0
4896.924,www,1
4897.671,ナイスナイス,0
4899.484,ｗｗｗｗｗ,0
4902.269,www,1
4902.616,最高,0
4902.759,wwww,0
4902.943,wwwww,0
4903.655,wwwwww,0
4903.628,wwwww,0
4903.786,judge gaki,0
4904.848,ｗｗｗ,1
4905.545,終わってるw9,0
4906.035,www,1
4906.456,ギアさんえっぐいw,0
4906.618,くっそw,1
4906.783,性格悪すぎw,1
4908.205,悪魔か？w,1
4908.526,完全に悪役ｗ,1
4908.791,ギアさんわからせるの好きねw,1
4911.527,良い性格ゥ！！！！,0
4911.638,いい性格してる,0
4912.128,wwww,0
4912.938,ガラ悪いなぁw,1
4916.052,アスパラ育ちでたな,0
4917.99,性格いいなあｗｗｗ,0
4918.502,性格えっぐｗ,1
4923.953,こん,0
4926.145,いい性格してるなあｗ,1
4932.021,ジャッジなんだよねぇ〜,0
4953.262,おっしい,0
4953.617,えっど,0
4971.82,撃ち勝つんだよねw,0
5001.969,nt,0
5004.079,nt,0
5005.27,nt！,0
5005.577,nt,0
5005.836,ntnt,0
5006.122,nt！,0
5006.276,nt！,0
5006.892,nt,0
5007.48,nt,0
5007.775,nt!,0
5008.263,効いてる？,0
5011.191,nt,0
5011.323,nt！,0
5013.659,nt,0
5014.968,nt,0
5015.189,wwww,0
5017.782, wwww,0
5018.889,wwww,0
5019.156,nt！,0
5020.386,アルファさんえっどいなぁ,0
5026.336,みんな今日出るなぁw,0
5042.15,これめっちゃいいバランスかもしれんな,0
5042.789,まぁがまんよくないよね,0
5047.535,こん,0
5050.726,ひなーのサムネ間違ってね？,0
5064.442,サムネはYouTubeのバグです,0
5064.908,こんひな～の,0
5070.351,ないすー！,0
5071.128,ナイスナイス,0
5075.199,なーーいす！,0
5077.707,ないすー,0
5078.082,ないす！,0
5080.258,www,1
5081.004,サムネバグ,0
5083.586, wwww,0
5084.405,wwww,0
5085.369,wwwwww,0
5085.892,wwww,0
5086.128,ｻﾑﾈﾊﾞｸﾞ,0
5086.209,wwwwwww,1
5087.044,ww,1
5087.681,一生言われとるねｗ,1
5088.011,wwwwwwwww,1
5088.02,こわいってwww,1
5088.03,wwwwwww,1
5088.202,www,1
5088.612,wwwww,0
5088.58,りょーうかい！,0
5088.728,あーいｗ,1
5089.196,www,1
5089.467,了解了解了解了解,0
5089.473,WWW,0
5089.68,wwwwwww,1
5089.893,了解すｗ,1
5089.774,wwwww,0
5089.986,wwww,0
5090.048,分かったってw,1
5090.103,分かったwwww,1
5090.62,wwww,0
5090.631,そうなのかソーリー,0
5090.715,www,1
5091.067,www,1
5091.409,ナイス固定,0
5092.117,www,1
5092.074,サムネバグです,0
5092.235,www,1
5092.651,ｗｗｗ,1
5092.684,おけおけ笑,0
5094.018,ｗｗ,1
5094.12,www,1
5094.264,分かってるよｗ,1
5094.884,www,1
5095.44,サムネはバグです,0
5096.425,www,1
5096.595,わかってるーの,0
5097.937,ｗｗｗ,1
5098.557,ひなーのがバグったw,0
5099.871,wwww,0
5099.862,うるせえ,0
5105.02,はーい,0
5105.837,ひなのバグです,0
5108.31,サムネとメンバー聞いてくるのうっせえ,0
5108.584,wwww,0
5108.828,※サムネはバグです,0
5109.655,出たな,0
5111.966,きちゃーwwww,1
5111.999,ww,1
5115.666,分かったってw,1
5119.571,サムネはバグ,0
5122.448,ひなーのがバグってはいたなw,1
5123.055,ひなーのバグっちゃった,0
5125.132,ガンダの民きた,0
5128.731,コメントもバグです,0
5130.286,シンはジェクト,0
5131.479, wwww,0
5137.451,ﾋﾅｰﾉ名物ピストルアーケードラッシュ,0
5139.184,いけいけー,0
5139.444,イケイケ,0
5149.378,もう話しません,0
5154.264,走るなぁ！w,0
5155.163,そりゃはしるよ,0
5156.124,走るなぁｗ,0
5162.338,綺麗に避けたなあｗｗ,1
5168.757,ないすー,0
5170.235,ないす！,0
5170.335,ないすぅ,0
5173.487,ナイスー,0
5174.141,ナイスナイスー！,0
5175.026,ないすー,0
5176.195,おー！逆転！,0
5179.984,ナイス!!,0
5185.912,ディスコードあると嬉しいな,0
5189.61,あれw,0
5190.199,アケガンダの成功率高いなw,1
5195.245,a,0
5195.934,w,1
5197.063, wwww,0
5197.311,びっくりしたｗｗ,0
5199.671,wwww,0
5200.445,ありゃ,0
5200.937,出ないんか,0
5201.558,あらww,0
5202.476,wwwww,0
5202.757,お？,0
5202.857,www,1
5203.538,w,1
5204.643,よかったw,1
5204.696,おけ,0
5205.155,www,1
5205.876,ww,1
5207.956,ｗｗｗ,1
5209.954,名誉モデ,0
5224.922,一瞬だけの名誉モデ,0
5239.44,w,1
5244.712,良い人がモデになってよかったw,1
5261.333,なーいす,0
5261.976,ナイス,0
5264.469,ないす！,0
5264.619,ないす！,0
5267.587,wwwwwww,1
5268.757,ないすぅ,0
5269.322,な＾,0
5270.144,どんな褒め方？ww,0
5271.332,wwww,0
5272.182, www,1
5272.68,www,1
5273.672,ｗｗｗ,1
5274.128,ｗｗｗ,1
5274.178,ｗｗｗ,1
5276.431,www,1
5277.206,ギアさん実際の見込み早いw,1
5277.931,wwwwww,0
5278.089,シーズグレ…ｳｯ頭が,0
5279.47,いや流石ギアさんっす,0
5280.559,うめーひとはちげえなあ！,0
5283.301,www,1
5287.466,イケメンスナイパーね,0
5295.585,世界を射抜くイケメンスナイパー さん,0
5296.231,草,1
5296.26,wwwwwww,1
5296.92,ちゃんと殴るww,0
5302.997,w,1
5316.01,空気良すぎです！,0
5339.545,7wwww,1
5341.668,7ナイスw,0
5342.93,７ないすｗ,0
5343.654,7でかいよー！,0
5345.053,その報告ナイスwww,0
5348.298,7報告ｗｗｗｗ,1
5348.703,ちぐちゃんかわいいw,1
5352.936,ジャッジ！,0
5353.471,あｗｗ,0
5353.659,７でも,0
5354.809, www,1
5357.044,バウバウきちゃー,0
5362.632,ないす！,0
5362.673,ナイスワン！,0
5366.653,報告できるのえらすぎ！,0
5371.57,うっま,0
5375.235,www,1
5376.744,きるくりっぶのやつねw,1
5376.965,つよ,0
5377.306,おしいいい,0
5377.736,nt,0
5378.387,うっま,0
5378.799,nt,0
5379.045,nt！,0
5379.121,え,0
5379.197,nt,0
5381.872,nt,0
5382.102,nt！,0
5382.853,うまかった！ないえこ！,0
5383.162,ないえこ,0
5385.077,wwww,0
5387.255,nt,0
5387.674,wwwww,0
5388.513,nt,0
5389.183,wwwwwwww,1
5389.233,nt,0
5389.718,かっこいいなあｗｗｗ,0
5390.364,nt,0
5390.889,だるいwwwww,0
5392.245,草,1
5392.398, wwww,0
5393.35,ｗｗｗ,1
5394.519,ダルいなぁwwww,0
5395.069,ｗｗｗｗｗ,0
5395.696,nt,0
5396.941,www,1
5398.551,ﾏｧﾏｧ,0
5401.884,だおーw,0
5402.09,こん,0
5402.376,なんでも褒めてくれるやんｗｗ,0
5427.338, wwww,0
5437.316,ナイスワン,0
5451.466,ナイス分かたれ,0
5460.87,スパイクまずいか,0
5465.854,いい壁出すなあ,0
5477.008,おっしいい,0
5477.989,まじか～,0
5479.37,おしぃー！！！,0
5479.654,nt,0
5481.026,おしいいいい,0
5481.2,nt！おしい！,0
5481.315,おしい,0
5481.601,おしい,0
5481.813,nt,0
5481.981,nt！,0
5482.085,nt!,0
5483.21,nt!,0
5483.844,nt！,0
5483.961,おしいいいい,0
5484.669,おしいい！,0
5485.356,アルファさんつええ,0
5486.885,nt,0
5487.775,nt~,0
5488.25,nt,0
5488.884,nt,0
5490.012,いい勝負,0
5490.95,やらしいとこおった,0
5491.397,nt,0
5493.459,nt!,0
5493.951,nt！,0
5496.454,nt！,0
5505.085,なんでもカッコいいラ＝ダオ,0
5506.792, www,1
5507.342,本当オートバランス優秀だよな,0
5507.343,ん？ww,1
5509.225,wwww,0
5509.38,話の振り方なに？ｗｗ,0
5510.483,www,1
5513.237,ゴリハラ？,0
5513.464,物理ｗｗ,1
5514.658,物理的強者,0
5548.146,嫌な音したなw,1
5551.095,声ｗｗｗ,0
5551.604,わからされてるｗｗ,1
5556.788,こんひな,0
5560.385,うっま,0
5560.393,うんま！,0
5561.23,うま！,0
5561.662,うんま,0
5561.742,うますぎ,0
5562.452,えぐ,0
5563.156,うっま,0
5566.105,うっま,0
5572.097,ひなーののハンドガンは最強よ,0
5579.684,www,1
5586.503,モクうぜえ～,0
5587.069,シェリフ冴えてんねえ,0
5589.569,www,1
5590.14,えびおいるよな,0
5591.185, ww,1
5610.139,あ,0
5612.392,wwwww,0
5612.482,ｗｗｗｗｗｗｗ,1
5612.726,wwwww,0
5613.294,うおおおおおお,0
5613.444,ナイスw,0
5613.983, wwww,0
5614.016,www,1
5614.826,wwww,0
5615.186,ｗｗｗｗｗｗｗ,1
5615.497,草,1
5615.747,wwwwwwwww,1
5615.835,ｗｗｗｗｗ,0
5616.002,草,1
5616.001,ｗｗｗｗ,0
5616.302,wwwwww,0
5616.343,wwwwwww,1
5616.599,ww,1
5616.683,wwwww,0
5617.205,www,1
5617.286,ｗｗｗｗｗ,0
5617.585,ww,1
5618.528,nt,0
5619.653,草,1
5620.706,wwwwwwwww,1
5620.767,wwwww,0
5621.593,ないす！,0
5621.702,すげええｗｗｗｗ,1
5621.856,www,1
5621.889,うま！,0
5622.455,wwwwww,0
5622.46,ナイスナイスwww,0
5623.145,www,1
5623.229,ｗｗｗｗｗｗｗｗｗｗ,1
5623.167,うめえ,0
5624.5,wwww,0
5624.587,うっまｗｗ,1
5624.734,wwwwww,0
5625.576,２つ持ってたのおいしいw,1
5625.551,ｗｗｗｗｗｗ,0
5625.869,www,1
5626.258,www,1
5626.363,www,1
5626.451,wwwww,0
5626.489, wwwwwwww,1
5628.282,ｗｗｗ,1
5628.638,wwww,0
5629.619,うっまいw,1
5629.773,www,1
5629.885,ｗｗｗｗｗｗ,0
5630.63,うますぎｗｗｗｗｗ,0
5630.742,やべえ,0
5630.687,いたなあｗｗｗｗｗ,0
5631.246,wwww,0
5632.012,www,1
5632.217,スカッとｗ,1
5632.225,wwwww,0
5633.306,www,1
5634.163,うんま,0
5634.282,wwwww,0
5634.292,wwwwww,0
5635.616,そこに身晒してんのはさあｗｗｗ,0
5641.174,ナーイス！笑,0
5641.814,wwww,0
5645.416,二人もってったのナイス,0
5645.624,ほんといて草,1
5660.965,ジャッジにオールインしてるわ,0
5682.737,またジャッジ,0
5684.704,ジャッジやんけww,0
5685.194,えーと？,0
5686.906,またジャッジ買ってるｗｗ,0
5687.615,恨みがｗｗ,0
5687.839,なんで？w,1
5687.987,え？,0
5688.873,一生ジャッジもっとるw,1
5689.739,wwww,0
5692.312,なんでｗ,1
5692.573,どゆこと？www,1
5727.079, wwww,0
5729.957,上級生ペアがんばれ！！,0
5734.542,あるよー,0
5741.088,がんばれ,0
5745.835,nt,0
5746.091,nt！おしい！,0
5746.132,nt,0
5747.598,おしぃーnt,0
5747.915,おしいいいいいい,0
5748.072,ntnt,0
5748.505,nt,0
5748.655,nt！,0
5749.102,nt,0
5749.719,nt！,0
5751.686,nt,0
5752.212,nt,0
5752.885,nt!,0
5764.74,nt!,0
5772.731,nt!,0
5794.628,寂しがりや女子,0
5832.954,？,0
5833.238,こんひな〜,0
5838.599,？,0
5839.794,バグってないよ,0
5841.784,バグってなさそうだけど,0
5851.285,こっちはなんともないね,0
5856.085,こっちは大丈夫だったよ,0
5858.836,バグってンの？,0
5858.911,こちらは正常ね,0
5864.58,大丈夫ですぞ,0
5872.453,お母さんやめてw,1
5880.431,www,1
5883.932,ナイス,0
5888.14,じっくりみるじゃんw,1
5891.55,ああああああ,0
5891.99,おしいいいい,0
5893.553,おしいいいい,0
5893.999,おしい！,0
5894.824,おしい,0
5894.82,おしい！nt！,0
5895.059,wwww,0
5895.445,えっぐいw,1
5896.075,くっそｗｗｗ,1
5897.909,バウバウしてきたなぁ,0
5898.086,おしいｗ,1
5898.24,www,1
5899.391,ジャッジwww,1
5899.925,おしいいいいい,0
5900.263,おしい！,0
5900.501,まじかあああ,0
5901.302,nt,0
5901.247,www,1
5901.349,ジャッジなんだよねえ,0
5902.863,おしい,0
5903.923,nt,0
5905.241,おしいいいい,0
5906.028,スシマスえらすぎだろｗｗｗｗ,0
5911.768,受け継がれしジャッジ,0
5916.206,持ち替えたの偉すぎるな,0
5917.63,マジでいい勝負,0
5921.363,の意志を継ぐもの,0
5922.694,怨念の如くジャッジが…,0
5923.659,エビオジャッジ,0
5928.602,ABOへのヘイトｗ,1
5931.85,おっしwwwww,0
5933.375,人読みがすごいw,1
5941.386,ぶいにじカスタムか！,0
5944.594,解除泳がせなければ勝ってたなw,1
5957.063,わん,0
5957.173,ないす！,0
5963.22,ないすわん！,0
5964.993,うまい,0
5965.319,ゲスやったw,1
5981.325,そろそろ晴れるよ！,0
5984.081,ないすー,0
5988.684,ないすー！,0
5989.176,ないすｗ,1
5992.248,ないす～,0
5995.581,そろそろ晴れるよｗ,1
6002.163,www,1
6014.27,SGの怖さw,1
6086.956,ジャッジ２,1
6087.141,ｗｗｗ,1
6088.747,きめええええええええ,0
6089.119,えぐwww,1
6089.463,ジャッジｗｗｗ,1
6089.815,ジャッジｗｗｗｗ,0
6090.629,nt,0
6090.875,えっぐwww,1
6091.127,ジャッジなんだよねぇww,0
6092.019,やってるわｗ,1
6094.224,きっもww,1
6094.322,キモすぎるwww,1
6094.922,えぐww,1
6095.535,www,1
6096.235,やばすぎw,1
6099.112,えぐいなあｗｗ,0
6100.539,えっぐw,1
6102.656,えぐWWW,0
6103.834,不快なやーつww,0
6106.448,キルログがぐろいw,1
6107.226,ジャッジ集団えぐw,1
6110.855,えっぐｗきっしょｗ,1
6112.472,滲み出てるな,0
6194.188,可爱上线了,0
6229.284,ないすー！,0
6231.116,ないす！,0
6232.778,稼ぎ,0
6243.191,ないす,0
6244.58, wwww,0
6245.004,www,1
6247.49,ｗｗｗｗ,0
6248.373,ｗｗｗ,1
6249.994,だおオペきたw,1
6250.225,wwww,0
6250.517,ｗｗｗｗｗ,0
6251.235,だおｗｗ,0
6252.364,www,1
6253.083,ないす！！！,0
6266.917,だおのこと笑うわけないやんw,1
6266.987,かっこいい〜,0
6314.102,わん,0
6315.591,ないすわん！,0
6317.656,ナイスツー,0
6318.903,うま,0
6319.437,ないすつー！,0
6322.037,すぎ,0
6335.762,バウバウされたぁww,1
6336.515,ないふぁい～,0
6337.317,おしいいいいいいい,0
6338.727,ntgg,0
6338.854,nt！,0
6339.161,GG,0
6342.998,ないふぁい,0
6343.097,えぐいてw,1
6343.34,どまーい,0
6343.367,キモすぎるwww,1
6343.411,ntgg,0
6344.302,ないふぁい,0
6345.73,バウバウが,0
6345.768,nt！,0
6346.859,バウつよ,0
6347.022,nt,0
6347.141,ないふぁい！,0
6348.884,nf,0
6350.07,ないふぁい,0
6353.047,今更だけどポキ農じゃん,0
6353.279,nf,0
6353.293,ないふぁい,0
6354.563,ないふぁい,0
6355.537,ないふぁい,0
6355.842,えいゆううううううううううう,0
6359.271,nt,0
6360.181,nt,0
6361.522,t,0
6365.283,ないふぁい,0
6367.279,nf,0
6367.906,nf,0
6369.42,ばりおしす,0
6374.325,nt,0
6374.961,ちゃんとリーク正しかったw,0
6383.752,良い試合だったなあ,0
6395.923,www,1
6396.237,ｗｗｗｗ,0
6396.577,wwwww,0
6397.38,ｗｗｗｗｗｗｗ,1
6400.357,wwwww,0
6406.594,www,1
6408.814,www,1
6410.06,楽しんでんなぁｗ,1
6410.303,www,1
6411.3, wwww,0
6412.24,あ,0
6412.929,あっ,0
6416.084,すれ違い通信、、、,0
6419.117,お散歩してた時かｗ,1
6422.095,ｗｗｗ,1
6423.509,5段待ちｗ,1
6424.182,あっ,0
6426.202,wwww,0
6428.448,wwwww,0
6429.218,www,1
6437.665,wwww,0
6446.705,wwwww,0
6447.108,wwwwww,0
6447.321, wwwww,0
6449.739,www,1
6452.289,wwww,0
6453.911,売られたえびおw,1
6458.107,www,1
6464.706,レスバおもろいｗ,1
6467.867,あずーる？w,0
6470.607,主催に対してw,1
6470.907,ｗｗｗ,1
6475.749,なんか決めつけじゃない？,0
6483.114,ｗｗｗｗ,0
6486.931,wwww,0
6491.727,ｗｗｗ,1
6491.832, wwww,0
6492.108,うるせｗ,1
6493.552,ロータスｗｗ,0
6494.815,さあどれが選ばれるｗ,0
6495.735,ロータス草,1
6505.498,バインドきちゃああ,0
6512.363,まぁまぁ、ここは間をとってアイスボックスという事で一つ,0
6512.597,バインドきちゃあ！,0
6515.33,バインドジャッジでは…？,0
6516.899,SG強いぞ,0
6521.326,壁すり抜けるか,0
6522.855,バインドジャッジ…,0
6526.88,バインドジャッジつええぞお,0
6527.861, www,1
6531.947,さぁsgマップどうなる,0
6534.457,www,1
6543.459,ｗｗｗ,1
6544.696,ｗｗｗ,1
6545.167,wwwww,0
6545.984, wwwww,0
6546.355,wwwww,0
6547.335,こっわw,1
6550.785,wwww,0
6551.171,www,1
6556.889,モク中にトラウマ植え付けるか,0
6557.018,www,1
6559.491,ジャッジでやり返そうw,1
6560.899,怖いwww,1
6562.236,こんばんは,0
6564.703,もうオーディン出すか,0
6567.929,www,1
6568.22,圧かけてけ,0
6572.56,台パンのフラグが建ちました,0
6579.202,オーバーレイ感謝,0
6592.683,こんひな！,0
6596.85,ブーブー広まってきたな,0
6602.805,あのルンバは強すぎたんや,0
6604.542,3歩歩いて壊れる,0
6611.802,こん,0
6613.027,wwww,0
6614.187, wwwww,0
6615.978,野鳥wwww,1
6617.359,www,1
6617.551,野鳥ｗ,1
6617.717,野鳥まじかｗ,1
6618.549,ぱたぱたしちゃうか,0
6619.593,wwwwwww,1
6619.739,野鳥www,1
6619.889,wwwww,0
6619.922,野鳥ｗｗｗ,1
6620.516,野鳥www,1
6621.247,www,1
6621.683,おもろすぎるだろ,0
6621.634,え？ww,1
6622.423,野鳥wwww,1
6623.615,www,1
6623.664,ほなしゃあないか,0
6623.862,輝く前ｗ,1
6625.949,野鳥ｗｗｗ,1
6627.393,wwwww,0
6628.035,www,1
6629.586,ｗｗｗｗｗｗ,0
6631.172,野鳥w,1
6632.41,www,1
6632.986,ｗｗｗｗｗ,0
6634.009,ツボりすぎｗｗｗｗｗ,1
6634.485,くそツボっとるw,1
6634.884,バカウケですwwww,1
6636.701,おもろすぎw,1
6638.001,ｗｗｗｗ,0
6642.748,シンプルにウケすぎwwwwww,1
6644.044,野に放つのかw,1
6647.391,買ったのにどっか行っちゃうまじか,0
6649.879,こういう鳴き方する鳥いそう,0
6652.285,ツボ入っちゃったって,0
6661.954, wwwww,0
6664.748,やっばｗｗ,0
6665.462,ぐろすぎるwww,1
6666.177,チェンでもいいよ,0
6669.736,鳥のモノマネだったか,0
6672.039,wwwww,0
6672.245,www,1
6673.195,全員レイズいいなぁw,0
6678.513,え？ｗ,1
6678.924,wwww,0
6680.951,ヨルだすか,0
6683.583,BO3まじかw,1
6692.238,BO3だったのか,0
6713.687,おほほw,1
6713.773,ヴァロ博士？,0
6714.24,ウルトでも強いからな,0
6716.423,チェンバーw,1
6717.921,おほほ,0
6718.335,おほ,0
6719.049,おっほ,0
6719.197,チェンバーのナーフより全然まし,0
6720.927,そのアプデってもう入ったの？,0
6725.776,スカイか？,0
6731.927,レイズGO,0
6737.183,ジェッ、と,0
6752.649,スパジェ,0
6757.989,えっ,0
6758.391,おじさんwww,0
6758.473,ガンガンに詰めてくるやんｗ,0
6758.561, wwww,0
6761.124,wwwwwwww,1
6763.214,おっとw,0
6764.728,wwwww,0
6765.804,www,1
6766.168,www,1
6766.463,wwwww,0
6766.709,おじさんはちょっとまずいか,0
6767.213,草,1
6767.864,wwww,0
6768.397,これだからポキ農は,0
6768.991,おぢさん,0
6770.913,wwww,0
6771.318,え！”って呼ばれてるって・・・ことぉ？,0
6771.584,おじさんs,0
6775.251,wwww,0
6775.295,wwwwww,0
6775.987,ｗｗｗ,1
6778.584,イイゾモットヤレ,0
6781.876,おじさんさぁ,0
6785.162,地獄で草,1
6786.079,野鳥がいっちゃん怖いｗｗ,0
6788.01,野犬ｗ,1
6793.022,野犬w,1
6795.811,えぐww,1
6795.971,野犬はまずいwww,0
6797.46,野鳥（白色,0
6798.375,野犬もいますかw,1
6799.065,敵しかおらんか？,0
6805.782,おじさん2人と女１人のポキ農,0
6811.64,wwwww,0
6814.621,最悪チートで逃げれば勝てるなw,1
6816.926,野ゴリラもいます,0
6820.847,ショーティしか持てん,0
6849.028,懐かしのバインド,0
6856.461,ギアさんエントリーのタイミングうま,0
6863.49,ハーバー？,0
6883.26, wwww,0
6883.726,www,1
6884.427,wwwwwww,1
6885.413,ｗｗｗ,1
6885.429,ないすーｗ,0
6885.528,wwwwwww,1
6885.729,www,1
6885.745,ｗｗｗｗ,0
6886.917,wwwww,0
6886.843,www,1
6888.047,wwwww,0
6888.402,ｗｗｗｗｗ,0
6889.329,wwww,0
6889.451,wwww,0
6889.647,www,1
6890.018,草,1
6891.262,ｗｗｗ,1
6891.779,wwww,0
6893.42,nt,0
6895.733,wwww,0
6896.013,www,1
6896.567,www,1
6896.77,www,1
6898.744,ｗｗｗｗ,0
6899.985,wwww,0
6902.291,wwww,0
6903.468,www,1
6908.023,え？w,1
6908.222,じぃじぃ？,0
6908.76,www,1
6913.824,爺爺,0
6914.715,じいじい,0
6915.076,www,1
6915.951,こん,0
6916.325,爺爺w,0
6918.461,じじ？,0
6919.693,www,1
6922.479,爺爺ね,0
6923.441,www,1
6929.958,拾い方がどっちもえぐいw,1
6931.39, wwww,0
6936.63,SPYじぃA,0
6977.505,こん,0
6984.505,歯茎w,1
6985.999,歯茎,0
6988.97,おいおいあいつしんだわ,0
6989.784,おいおいあいつ,0
6990.25,オイオイオイ,0
6990.846,あw,0
6992.972,ないすー,0
6994.076,ないすー,0
6994.204, ,0
6997.438,ナイスw,0
7012.297,ｗｗｗ,1
7017.145,ないす～ｗ,0
7055.653,ギアさん犬と一緒に行くの上手いな,0
7066.265,相互ヒール,0
7069.202,相互ヒール大事,0
7074.206,相互ヒールあったけぇ,0
7085.267,だおwww,1
7088.085,ナイス,0
7094.025,ナイエコ,0
7094.294,nt,0
7094.916,え,0
7094.944,nt,0
7095.295,nt,0
7097.07,nt！,0
7097.697,ないえこ,0
7098.459,nt,0
7098.623,おしぃー！ナイス削り,0
7099.369,nt,0
7100.531,ないえこないえこー,0
7103.371,nt！ないえこ,0
7105.782,nt,0
7108.882, wwww,0
7109.652,wwwww,0
7110.294,ｗｗｗ,1
7110.544,ｗｗｗ,1
7111.202,ｗｗｗｗｗｗｗｗ,1
7114.02,ｗ,1
7114.229,ｗｗｗ,1
7115.137,ｗｗｗ,1
7116.718,www,1
7118.154,wwww,0
7118.958,wwww,0
7119.974,ＷＷＷＷＷＷ,1
7121.641,ｗｗｗｗ,0
7122.324,wwwwww,0
7125.528,191cm専用w,0
7125.795,wwwww,0
7127.758,進撃やんww,1
7128.077,屋根上設置ｗ,1
7128.824,wwww,0
7131.217,でかすぎる,0
7137.873,岩手の巨人狩り,0
7147.881,他の人解除できんｗ,1
7153.496,リスから1歩でサイト入れそう,0
7160.532,ヘッドライン違うからな1人だけ,0
7209.206,あれ？www,1
7209.987,ｗ,1
7210.214,ｗｗｗ,1
7212.556,www,1
7212.796,ｗｗｗｗｗｗ,0
7213.166, wwww,0
7214.476,wwwwww,0
7214.858,きんもｗｗｗｗｗｗｗｗ,1
7215.038,きっもwwww,1
7215.207,www,1
7216.098,読まれてたｗ,0
7216.095,えぐw,1
7216.52,wwwwww,0
7216.847,www,1
7216.956,www,1
7218.114,えっぐw,1
7218.294,wwwww,0
7218.81,wwwww,0
7219.597,きっっっっっっ,0
7222.434,上手いのが余計キモい,0
7226.549,らだおが正解だったかｗｗ,0
7242.042,やばいｗ,1
7249.9,もう一回遊べるドン,0
7254.867,ないす！！,0
7255.751,なーいす！,0
7255.789,ないすーー！！！,0
7257.125,あぶね,0
7260.688,ナイスナイス,0
7267.983,ｗ,1
7307.727,カバー,0
7308.398,ナイスワン,0
7320.078,また待ってんなあ,0
7322.032,バウバウ,0
7326.312,こんひな～,0
7335.524,www,1
7336.504,wwwww,0
7336.837,www,1
7340.159,ｗ,1
7341.476, wwww,0
7341.612,神の恵みww,0
7346.626,www,1
7350.98,ギアさん？,0
7353.915,wwwww,0
7357.981,草,1
7360.865,あ～ｗ,0
7367.209,まっずいw,1
7372.334,あぶねｗ,1
7373.331,ｗｗｗｗｗｗｗｗｗｗ,1
7374.805,ｗｗｗ,1
7376.052,うおおおおw,1
7377.545,ないす！,0
7377.768,ないすｗ,1
7378.073,バウバウ,0
7380.744,sgしか勝たん,0
7381.839,わからしたぞｗｗ,0
7382.96,wwwww,0
7383.416,ないす！！w,0
7385.529,ないばう！！,0
7388.776,wwwww,0
7396.073,ジャッジなんだよねぇーやめて？w,1
7397.474,ジャジオジ,0
7401.901,あの距離をジャッジで勝つのきもすぎるｗ,1
7469.912,ナイス,0
7471.883,ｗｗｗｗｗ,0
7471.937, wwww,0
7472.403,きっっっっ,0
7472.816,www,1
7473.067,wwwwwwwww,1
7473.361,www,1
7474.045,きんもｗｗｗｗ,1
7474.703,wwwwwwwww,1
7474.887,きっっっ,0
7475.08,ｗｗｗ,1
7475.84,ｗｗｗ,1
7476.133,ショットガンばっかで草。,0
7476.269,どんだけキモいねんｗ,1
7477.193,wwww,0
7477.238,キッッッッ！！,0
7479.021,きｓｓｓｓｓｓｓｓｓｓ,0
7480.97,ｗｗｗｗｗ,0
7481.973,キッ！,0
7484.156,きんもｗ,1
7486.346,SGしかおらんｗｗｗｗｗｗ,0
7494.706,封印草,0
7520.613,いいよー,0
7521.715,うまだお,0
7526.502,ｗｗｗ,1
7527.901,wwwwwwwww,1
7527.952,負けたw,1
7528.185,wwww,0
7528.292,ｗｗｗｗ,0
7528.877, ww,1
7530.031,wwwwww,0
7530.025,ｗｗｗｗ,0
7530.943,負けるんだよねwww,0
7531.323,ｗｗｗ,1
7531.793,www,1
7532.552,www,1
7534.136,ないすｗ,1
7535.2,wwww,0
7535.532,分かってたwwww,1
7535.573,だおーーー！www,0
7535.866,ｗｗｗｗｗ,0
7536.854,いやぁぁぁ,0
7539.661,wwww,0
7540.126,ｗｗｗ,1
7543.495,気持ちは勝ってた,0
7543.934,www,1
7546.657,あwww,0
7550.106,ラウンドとったから、、、,0
7568.114,ひなーのに乗せられたなww,0
7576.478,なつ！？,0
7583.052,abo相変わらずずっとジャッジなんだよな,0
7638.785,わん,0
7663.511,リサｖひなーの！？,0
7666.224,まにあえ！,0
7668.464,負けたくねぇ,0
7678.617,これ相手誰ですか？,0
7681.596,プラント,0
7689.544,ｗｗｗ,1
7689.799,勝てるぞ！！,0
7690.852,ふん,0
7691.435,笑笑,1
7693.01,あ,0
7694.75,あーw,1
7694.943,nt,0
7695.8,ぐあああ,0
7696.465,ぐわぁ,0
7697.63,nt,0
7698.882,おしぃー！！！！,0
7698.899,思うてた倍近い,0
7699.529,わろた,0
7700.08,nt,0
7701.354,nt,0
7702.258,nt,0
7702.267,nt,0
7702.33,nt,0
7703.75,おしｗnt,1
7704.921,nt！,0
7705.175,んｔ,0
7705.165,ntnt,0
7705.509,つよいねぇ,0
7705.976,nt!,0
7712.069,nt,0
7713.558,nt,0
7714.398,nt,0
7742.248,リサちゃんとカマ一緒なんやね,0
7770.536,ｗ,1
7771.963,グレふんだなww,0
7790.907,わん,0
7793.537,ナイス,0
7796.235,こん,0
7821.632,ないすー！,0
7824.998,www,1
7825.404,ｗｗ,1
7826.481, wwww,0
7826.518,ないすー！ｗｗ,0
7826.605,ないす～,0
7829.033,ないす！,0
7830.673,ないすー,0
7848.78,ｗ,1
7867.979,見捨てる準備は出来てる,0
7879.183,蛇口の落書きかわいい,0
7884.541,しっかり角待ちw,1
7886.766,居るなぁwwww,0
7889.512,不動の構え,0
7905.433,しっかり構えてたなぁ,0
7922.024,こう見てるとやっぱバインドて面白いなぁ～。,0
7939.561,選ばれたのはひなーの,0
7946.309,パーティーされたのはひなちゃんでした,0
7957.415,ウルトきたw,1
7958.641,nt,0
7960.094,ｗｗｗ,1
7960.198,nt,0
7961.032,ntwwwww,1
7961.191,ｗｗｗｗ,0
7961.422, nt,0
7963.372,nt！,0
7963.593,nt,0
7963.832,あ～ｗ,0
7963.976,最後もバッキーｗ,1
7964.095,nt,0
7964.449,nt,0
7964.885,nt!,0
7965.085,ｗｗｗｗ,0
7965.642,nt,0
7965.727,nt,0
7968.327,ルンバッキー,0
7970.025,nt,0
8012.321,嫌な音がしたなぁ,0
8019.361,つよ,0
8025.679,ジェット本物や,0
8032.509,ないすー,0
8032.863,ないすー！！！,0
8033.171,ないすー！！！,0
8036.987,ないす！,0
8038.454,ワーオ,0
8038.765,ギアさんつよ！,0
8041.973,っぱギアさんなんよな～。,0
8042.07,ないす～ｗ,0
8042.258,ないす！！,0
8043.937,ギアさんさすがやなあ,0
8044.717,ギアさんかっけーー,0
8046.869,ギアさんジェットかっけえ,0
8061.556,ギアジェットうおおおお,0
8067.428,ドッグランかな?,0
8085.178,www,1
8086.046,ｗｗｗｗｗ,0
8086.218,ｗｗｗ,1
8087.011,ｗ,1
8087.992,www,1
8090.734,wwww,0
8095.134,wwきもｗ,1
8096.121,マジで怠いｗｗ,1
8104.012,バッキー大暴れて草はえる。,0
8113.414,ｗｗｗｗｗｗ,0
8113.48,www,1
8114.433,ｗｗｗｗｗ,0
8116.935,ｗｗｗ,1
8120.464,なにしてんだかwwwwww,0
8120.829,うおおおおお,0
8121.847,ないすーーｗｗｗｗｗ,0
8122.404,おおおおおおお,0
8122.853,うおおおおおお,0
8123.417,ｗｗｗｗｗｗ,0
8124.407,うおおおおおおおおおお,0
8124.504,ｗｗｗｗｗｗｗｗ,1
8125.038,おおお,0
8125.106,うおおおおお！,0
8125.324,ないす！！,0
8127.091,つっよ,0
8127.185,うおおおおおお,0
8127.278,おおおおおおお,0
8127.635,www,1
8127.647,ひなーの！！！！,0
8128.03,それはうますぎ,0
8128.046,wwwww,0
8128.225,結果オーライｗ,1
8128.259,うおおおおｗｗ,0
8128.461,強ぉー！笑,0
8128.52,うますぎーー！,0
8129.119,ｗｗｗｗｗ,0
8129.465,どっちにしようかなぁ～ｗ,0
8129.564,ないすー！！,0
8130.922,うおおおおおおおおお！,0
8131.321,ナイスゥ！？,0
8133.848,つよー！,0
8135.097,wwww,0
8135.944,うおおおお,0
8136.354,www,1
8136.356,うおおおおお,0
8139.691,嫌トロールだよwww,0
8141.572,2回死んだｗ,1
8145.936,www,1
8148.337,ww,1
8148.694,ひなーのいつもありがとう！！！,0
8149.935,ひなーのいつもありがとう,0
8180.871,ひないつあり！,0
8192.942,バウバウ,0
8194.444,ｗｗｗｗ,0
8204.29,だぁ？,0
8206.934,皆が居なくなる；；,0
8210.689,右ツーえぐいw,1
8220.435,回収,0
8237.863,わん,0
8238.664,お,0
8240.921,ナイス!,0
8243.689,つよよ,0
8247.364,おしぃー,0
8250.046,nt,0
8251.116,nt,0
8251.641,んｔ,0
8251.655,nt,0
8252.843,nt！,0
8253.907,nt,0
8255.27,8-4だ～。,0
8255.739,nt,0
8255.776,nt!,0
8255.849,nt!,0
8258.993,nt,0
8262.349,9-3回避ね,0
8263.3,nt!惜しい,0
8264.648,nt,0
8267.486,ジャッジですの,0
8268.062,ないす84,0
8268.263,覚悟があるやつだけだ！,0
8270.591,nt,0
8274.685,nt!,0
8275.06,撃っていいのは撃たれる覚悟があるやつだけだ,0
8275.228,使われても文句は言えんよなあ！,0
8278.847,こっちのチームはジャッジ使ったほうが弱そう,0
8280.814,使っていいのは使われる覚悟のある奴だけだ！,0
8321.346,ばかおるww,1
8321.813,めっちゃいるw,1
8322.197,多っ,0
8323.156,めっちゃおる,0
8323.571,300人！,0
8325.199,３００ｗ,1
8325.45,100倍もるな,0
8325.833,300人w,1
8327.301,わあ,0
8329.659,ワーオwwww,0
8331.277,300人了解,0
8331.864,300人,0
8336.499,わあ,0
8342.105,bfでも居ないw,1
8348.545,フラッシュへたかも,0
8367.345,www,1
8369.09,やばw,1
8370.283,ｗｗｗ,1
8370.665,ないすーーｗｗｗｗ,0
8371.319,なんで勝ったｗ,1
8371.322,あ～ｗ,0
8371.371,なんやねんこれｗｗｗ,0
8371.978,wwwww,0
8372.141,ｗｗｗｗ,0
8372.985,なにこれｗ,0
8373.101,ないす！w,0
8373.447,wwwwww,0
8374.595,www,1
8374.82,なんか勝ってて草,1
8375.643,わちゃわちゃｗｗｗ,1
8376.636,ns,0
8376.856,ないす～www,0
8377.105,わちゃわちゃｗ,1
8377.173,wwww,0
8377.45,なんだこれ？,0
8379.085,グチャグチャだw,1
8379.295,最後のわちゃわちゃよww,0
8379.499,www,1
8380.078,wwww,0
8381.607,なんだこれｗｗｗｗｗ,0
8381.762,こっわw,1
8383.971,ワチャワチャすぎwww,1
8384.214,大混戦w,0
8392.429,えぐいｗ,1
8397.068,SGの権化,0
8397.787,はじまったよw,1
8398.879,インスモ大好きｗ,1
8405.792,やばいってｗ,1
8406.416,エグいｗ,1
8409.979,ニチャニチャしてんなぁww,0
8411.913,ジャッジ4えぐいw,1
8412.101,aboジャッジ固定だからなw,1
8412.206,ショットガンが連鎖してるｗ,0
8421.204,4ジャッジま！？w,1
8439.118,バウバウ,0
8442.111,wwww,0
8442.522,www,1
8443.783,ｗｗｗ,1
8444.694,www,1
8445.164,ｗ,1
8445.977,ｗｗｗ,1
8449.426,wwwww,0
8449.941,ガンダですw,1
8450.931,wwwwww,0
8451.348,wwww,0
8453.071,wwww,0
8461.625,ジャッジしかねえｗｗ,0
8472.114,ジャッジしかないんwww,0
8478.98,ｗｗｗｗ,0
8479.571, wwwwwwww,1
8479.71,ないすーー！！！,0
8480.091,草,1
8480.304,www,1
8480.726,うわぁｗ,1
8480.949,wwwwwwww,1
8481.713,ｗｗｗｗｗｗｗｗ,1
8481.783,wwww,0
8481.847,wwwww,0
8482.145,ｗｗｗｗ,0
8482.75,wwwww,0
8484.395,www,1
8484.965,遠距離ジャッジわろた,0
8485.584,ジャッジなんだよねぇ〜w,0
8488.944,ｗｗｗｗｗ,0
8491.84,らだお上手いなSGｗｗ,1
8492.578,ジャッジつええw,1
8493.076,ジャッチ,0
8493.084,ジャッジなんだよねぇ～,0
8493.562,わぁ〜,0
8494.23,ジャッジなんだよねぇ～ｗ,0
8494.73,あの距離勝ったらダメだろｗ,0
8498.746,LET'S GOｰｰｰ!!!!,0
8499.941,エビオｗ,1
8502.486,ジャッジマッチかｗｗｗｗ,0
8507.018,味しめてるwww,0
8508.402,きっしょw,0
8512.774,えぐいｗ,1
8514.29,ジャッジゲーですこれ,0
8515.843,アンチエコで近距離挑むなｗｗ,1
8521.424,www,1
8521.768,4ジャッジｗ,1
8523.42,こんなヴァロラントは嫌だ,0
8524.777,ジャッジメタカスタム,0
8527.188,武器構成キモいなぁwww,0
8527.872, wwww,0
8528.869,セカバイ潰せるジャッジえぐいw,1
8532.998,お前もジャッジを持たないか？,0
8534.529,右大臣左大臣風神雷神w,0
8550.382,www,1
8551.53,ｗｗｗｗｗｗ,0
8553.579,キモw,1
8553.682,きもすぎるｗ,1
8553.728,ジャッジしかいねぇww,0
8560.455,ｗ,1
8561.457,wwwwww,0
8562.581,SG大戦,0
8563.001,至るところでバウバウwww,0
8563.205,wwwww,0
8563.312,うまーーー！！,0
8563.608,負けたwww,1
8563.798,www,1
8564.523,SGゲー,0
8564.687,終わってるってこの試合ｗ,0
8566.104,どの視点飛んでもジャッジwww,1
8570.9,なにこれｗ,0
8572.65,ｗｗｗｗ,0
8573.26,www,1
8573.342, wwww,0
8574.103,www,1
8574.224,www,1
8575.375,ｗｗｗｗｗ,0
8575.353,ショットガン祭りすぎる,0
8576.604,www,1
8577.112,ｗｗｗ,1
8582.757,www,1
8582.89,www,1
8586.02,バッキーとジャッジしかおらんｗ」,0
8586.237,apexやれw,1
8590.091,これがヴァロラントで、すか。,0
8592.71,そろそろおでんも出しておくか,0
8595.854,知らないゲームｗ,1
8596.557,え？ww,1
8596.754,ジャッジのプライドバトルがいろんなところでｗ,1
8600.858,みんなジャンプ撃ちなんよ,0
8601.691,このゲームショットガンしか無いの？ｗ,0
8602.136,なにしてんだw,1
8604.814,さっきジャッジ勝ったかどうかの差やろｗ,1
8605.136,w,1
8607.593,たしかにおでん見たいなw,1
8619.831,ひなーのが手綱握らないとww,0
8637.069,くっそ後ろでまってるwwm,0
8659.782,これってみんな左利きなの,0
8666.056,ジャッジキモすぎる...ww,0
8666.648,ないすー,0
8668.446,ないすー,0
8676.538,視点主が左だとみんな左になるよ,0
8683.208,ひなちゃんが左もちだから左になってる,0
8694.24,ありがとうございます！,0
8710.186,ショーティは？がままーのすぎるw,1
8715.692,てことはひなーのちゃん左利きなの？,0
8716.83,wwwwwww,1
8719.912,一旦パタパタか,0
8722.311,森へお帰り・・・,0
8740.613,wwww,0
8741.602,あぶねー,0
8742.644,ｗ,1
8745.445,交通事故ですw,1
8747.858,後ろにいたってｗｗ,0
8750.767,ナイスワン,0
8765.616,ただの設定なので見やすさ重視だったりする,0
8767.393,左利き＝左持ちではないよ,0
8790.804,なるほどですありがとうございますm(*_ _)m,0
8793.524, wwww,0
8794.386,くもｗ,1
8794.683,wwwww,0
8794.883,草,1
8795.921,草,1
8797.117,草,1
8800.132,www,1
8801.351,ひなーのは利き目の関係で左持ち,0
8801.754,独特すぎん？ｗｗ,0
8802.652,wwwww,0
8803.32,www,1
8804.066,ドラゴンと蜘蛛w,0
8804.572,ないすｗ,1
8806.082,そこに親和性はあるんか？w,0
8807.277,そのドラゴン剥製じゃない？,0
8810.37,wwwww,0
8815.84,www,1
8816.613,wwww,0
8822.698,www,1
8824.062,剥製なのもっとウケるw,1
8830.506,バチャさんw,0
8832.899,wwww,0
8833.772,wwwww,0
8836.694,バチャはなかなかおらんて,0
8867.071,キャベツ出陣,0
8876.107,楽しく勝てるって1番最高だよな,0
8884.266,ポキ農懐い！,0
8893.365,やっぱバロのカスタム面白いな～。,0
8896.275,つよ,0
8897.219,ギアさん！？,0
8897.335,つよー,0
8898.06,つんよ,0
8898.408,え！？,0
8900.176,エース？,0
8900.371,ギアさん！？,0
8900.637,えぐ,0
8901.232,高橋！,0
8901.714,うっま,0
8903.461,世界を射抜いてる！,0
8907.746,ＡＣＥ！！,0
8907.977,うますんぎ,0
8908.401,うおおおおおおおおおおおおおおお,0
8910.714,ないす！！！,0
8911.069,GG,0
8911.379,うまっ,0
8912.032,エース〆どりゃああああああ,0
8912.321,ナイスエース！,0
8912.353,うおおおおお,0
8912.452,うおおおおおおおおおお,0
8912.456,うおおおおお,0
8912.959,うおおおおおお！！！！,0
8913.357,つよ！,0
8913.494,高橋いいいいいいいいいい,0
8913.482,ACE!,0
8914.09,ないすう！GGWP,0
8914.176,ACE,0
8914.773,うっまい,0
8914.805,つよすっぎ！,0
8914.886,うますぎぃ！,0
8915.026,ナイス！,0
8915.061,いえ～いｗ,1
8915.483,おお,0
8916.007,つよおおおお！！！,0
8916.241,つよすぎぃ！ｗ,0
8917.354,つよすぎいいいいいいい,0
8917.358,ギアさーーーん！！！,0
8917.967,うひょおおおおおお,0
8918.089,uoooooooooooooo,0
8918.992,ないす！！！！！！,0
8919.818,うま！！！,0
8922.515,最後かっこよw,0
8923.37,高橋ACE！！！,0
8923.746,ぎぃぎ！？！？！,0
8924.225,ないす～ｗ,0
8924.604,うわあああああああ,0
8926.259,つよすぎぃ！！,0
8927.189,ないすGG,0
8927.393,ACE,0
8927.938,うま,0
8928.115,スパイギア最強！スパイギア最強！,0
8928.858,これは高橋名人,0
8928.939,ACEフィニッシュかっこよすぎる,0
8940.246,ほなもう一回か。,0
8941.41,www,1
8941.556,www,1
8942.757,流石にbo3かw,1
8943.096,さすが世界を撃ち抜くイケメンスナイパー,0
8944.197,www,1
8945.316,wwwww,0
8945.36,ｗ,1
8946.082,楽しくなっちゃってんだよなｗｗ,0
8955.69,wwww,0
8970.183, wwww,0
8973.347,ガキの喧嘩はじまりました,0
8973.329,ｗｗｗｗｗ,0
8973.51,www,1
8974.235,wwwwwww,1
8974.57,ｗｗｗｗｗｗ,0
8975.723,BO3くる？,0
8976.122,wwwwwwwww,1
8976.749,ｗｗｗｗ,0
8977.431,ｗｗｗ,1
8977.626,ｗｗｗ,1
8978.356,www,1
8978.308,bo2 HAHAHA,0
8978.324,wwww,0
8978.962,www,1
8979.975,とばされたw,1
8980.913,wwwww,0
8981.208,強制ですwwww,0
8982.156,wwwwww,0
8983.33,?,0
8983.459,権力振りかざしてるやついるw,1
8983.563,でかw,1
8983.623,www,1
8985.155,www,1
8987.504,えぐいwww,1
8988.382,wwww,0
8990.066,ハテナでっかwww,0
8995.718,凝ったはてなを出すなｗｗ,0
9004.37,ひなのジェットくる？,0
9005.301,でかクエスチョンマークｗ,1
9006.329,ジェット？,0
9007.085,ひなのジェットこいっ！,0
9009.605,誰がデュエになるんだそれ？,0
9011.381,スパイギアのご褒美ソーヴァ,0
9020.897,出来ないんかいw,1
9024.397,wwww,0
9029.577,ひなジェット？,0
9032.104,義務モク？,0
9036.001,きた！,0
9036.807,ジェットきたぁ！,0
9041.494, wwww,0
9041.467,ｗｗｗｗ,0
9043.291,やったことないｗｗ,0
9044.519,きたぁぁぁぁぁぁぁ,0
9044.841,ひなジェットきちゃー,0
9049.101,ひなジェきちゃああああ,0
9050.564,ミリしらオーメンきたああああああああああ,0
9051.494,www,1
9054.257,ファーストタイムオーメンきちゃｗ,0
9057.372,オーディン楽しいw,1
9059.233,それはそう,0
9060.101,ひなーの頑張れ,0
9063.984,www,1
9064.224,楽しみ方終わってたwww,0
9065.737,わりとアセントだとソバつかうよなギアさん。,0
9073.892,どこでもジャッジｗ,1
9079.574,ｗ,1
9084.277,ワイン待ちｗ,1
9084.375, wwww,0
9086.431,アセントだとソーヴァばっか使ってる,0
9088.567,www,1
9088.731,やばすぎww,1
9089.005,www,1
9089.608,wwww,0
9090.126,wwwwww,0
9090.881,wwwwwww,1
9092.973,www,1
9093.43,www,1
9110.846,2デュエ対決,0
9112.935,格付けしなくちゃ,0
9116.059,ガチできてるなぁー,0
9118.074,what is the bgm ??,0
9120.752,向こうのジェット分からせてやろう,0
9124.286,分からせるべｗ,1
9130.734,ジャッジでワインは見たことないw,1
9140.249, wwww,0
9140.923,ファラマ？,0
9141.261,草,1
9142.079,まっずいwww,1
9142.151,ｗｗｗｗ,0
9143.371,コントローラーがコントロールされとるやん,0
9144.01,www,1
9145.199,www,1
9145.596,おわってるｗｗｗ,1
9145.999,wwww,0
9146.255,操作方法からｗ,0
9146.373,一旦まずいか？,0
9146.969,一旦大丈夫ではない,0
9147.708,まずいwww,0
9149.376,wwww,0
9151.33,オーメンすら初めてか？,0
9158.117,ラジコントローラー,0
9159.216,そこからかw,1
9162.769,wwwwwwwww,1
9162.964,ｗｗｗｗ,0
9163.3,wwww,0
9164.605,wwwwww,0
9164.856,www,1
9165.063,え？ｗｗ,1
9165.762,まずいw,1
9168.472,まっずいなぁ,0
9168.84,wwwww,0
9168.938,まずいｗ,1
9171.681,wwwww,0
9173.342,これまずそうだなあｗｗｗ,0
9174.571,まっずいwww,1
9175.368,やっばいいwwwww,0
9178.403,エイムで破壊や,0
9179.363,ww,1
9188.809,草,1
9189.169,wwwwwww,1
9191.803,モクなかabo,0
9192.284,ｗ,1
9194.288,wwwwwwwww,1
9194.952,こわれたあ！,0
9197.335,まじかｗ,1
9197.61,きっしょw,0
9199.043,nt,0
9199.159,しっかりインスモショーティwww,0
9199.485,nt,0
9200.041,aboｗｗ,0
9201.549,きめぇ笑,0
9202.311,wwwww,0
9203.885,nt,0
9204.651,そらそうw,1
9205.383,伝家の宝刀モク中ショーティ,0
9205.831,きんもおおおお,0
9205.946,ピックやり直すかwww,0
9206.94,wwwww,0
9206.965,はいきもーいｗ,1
9207.822,エビオまじでsgしか使わんやんww,0
9210.665,忘れてたなw,1
9213.642,nt,0
9218.44,こっちもイライラしてくるww,0
9221.354,完全に理解させられたw,1
9228.857,ガチキモやなwww,0
9230.361,もっかいスキル押すとモクだすよ、武器チェン,0
9231.773,マウスホイール,0
9234.191,武器チェンとか,0
9234.58,インスモーク・エビ,0
9234.925,アセントのモクだいぶ大事だぞｗｗｗ,0
9237.056,ナイフ構えれば良いんじゃない,0
9239.522,ガチでaboキモすぎ笑笑,0
9239.595,出禁レベルのきもさだな,0
9240.399,身体に染み付きすぎてるwww,0
9246.781,まさかの練習w,1
9246.817,www,1
9249.892,勉強会しよwww,0
9259.049,ﾖﾁ･･･ﾖﾁ･･･,0
9274.229,はや,0
9274.63,おでんwww,0
9275.651,えぐい,0
9277.051,ｗｗｗｗ,0
9277.438,おでんはっやwww,0
9277.577,オーディン！？,0
9278.297,マジかよw,1
9278.858,金持ちだ,0
9278.937,まじか,0
9282.414,おでんなのか,0
9282.406,えぐいってｗｗ,0
9285.055,nt,0
9285.133,ぐろいってw,1
9286.156,えぐいww,0
9286.583,はやいなww,0
9286.639,ぐろｗｗ,1
9288.057,キモさ極めきってるwww,0
9289.501,エグいなぁwww,1
9292.617,おもろｗ,1
9293.585,wwww,0
9293.832,いいかｗｗ,1
9295.033,絶対スキル勝ってないw,1
9295.758,いいよｗ,0
9296.365,ｗｗ,1
9299.749,wwwww,0
9300.175,ｗｗｗ,1
9303.727,セカバイでオデンがやってるｗ,1
9304.664,キモの境地,0
9314.859,嫌いです。えーびーおー,0
9333.45,なんならキモさそのもの,0
9359.325,うま！,0
9360.703,ナイス,0
9361.999,わん,0
9369.966,ナイス,0
9383.66,AIMは最強w,0
9388.652,うま,0
9389.553,ゴリちゃんのエイム綺麗だな,0
9390.305,エイムでなんとかなるかこれ,0
9396.109,ないすー！,0
9396.442,もうゴリちゃんは撃ち合おうwww,0
9398.043,最強能力持って転生してきたゴリラ,0
9400.453,ないす！,0
9404.843,草,1
9405.394,ぱわー,0
9405.624,ｗ,1
9406.372,エイム強者なのにｗｗ,1
9413.158,あかちゃんゴリラ,0
9414.934,ゴリラだからフィジカルは最強,0
9415.048,バブwww,1
9415.088,www,1
9417.277,ばぶw,1
9418.201,あ,0
9418.215,エイムゴリラだから仕方ないかw,1
9418.646,あかちゃんｗ,0
9419.002,声低いて,0
9422.45,脳筋です（,0
9422.669,バブゴリ,0
9422.687,バブゴリがよぉ,0
9433.849,ダオ喋ってる？,0
9437.609,ほんと可愛んだから,0
9482.297,ちぐちゃんがんばや,0
9497.573,キルジョイ対決,0
9512.413,nt,0
9512.504,おしい！nt！,0
9512.756,nt,0
9512.881,おしい！nt！,0
9513.825,おしいいnt,0
9514.231,nt,0
9515.785,nt,0
9516.506,おっしぃnt,0
9517.372,nt!,0
9517.337,おしい～,0
9517.546,おしい,0
9520.075,nt,0
9552.098,エビオARのエイム良いのにsg使うからぐろいwww,0
9568.374,ギアさん抜くねぇ,0
9569.921,はいジャッジ,0
9570.962,www,1
9574.544,ジャッジｗ,1
9578.333,待ち方キモw,1
9578.901,このジャッジさあｗｗ,0
9593.177,ジャッジｗｗ,1
9595.02,エビオｗｗ,1
9605.576,www,1
9620.155,nt,0
9620.298,nt,0
9620.336,nt,0
9620.673,nt！w,1
9622.543,nt！,0
9623.078,nt,0
9623.58,nt,0
9625.05,nt,0
9625.945,nt,0
9626.192,ほんまにw,1
9627.949,nt!,0
9628.336,nt,0
9629.293,nt,0
9629.509,nt,0
9629.945,ジャ....ｗ,1
9630.997,ｼﾞｬ･･･,0
9635.814,nt!,0
9636.312,一応ヴァロだよね？ww,0
9636.626,トラウマできちゃうwww,0
9642.415,ｗ,1
9649.96,怖い,0
9650.81,心折に来てるw,1
9668.093,心に傷おったな,0
9675.546,ジャッジマジでさぁ,0
9685.726,aboジャッジ抱いて寝てんだろ,0
9688.159,バウバウバウ,0
9689.92,あっ,0
9690.257,またジャッジw,1
9690.781,ｗｗｗ,1
9691.803,wwwww,0
9695.421,www,1
9695.519,ww,1
9697.472,そりゃ倒されたらねw,1
9699.292,ジャッジマンｗ,1
9699.526,怖くないｗ,1
9702.802,おしい！！,0
9703.946,おっしい,0
9704.931,おっし,0
9705.034,nt！,0
9707.158,おしいねー,0
9707.846,nt!,0
9708.572,マップもディフェンダーからも勝手に決まって、ディフェンダー有利マップでジャッジ持つのマジできめぇw,0
9708.866,おしーい,0
9709.161,おしいいいい,0
9709.799,nt,0
9710.327,nt！,0
9712.135,トラウマがｗ,0
9712.295,おしい！nt,0
9713.061,おしいnt,0
9714.503,ｗ,1
9715.753,トラウマになってるw,1
9719.901,nt,0
9720.494,温まってきたな,0
9735.703,ジャッジ恐怖症になるってwwwww,0
9736.189,こわいｗ,1
9744.333,こーれつぎオーディンです（）,0
9776.813,コンペなら死体撃たれても文句言えないほどの使用率だよ,0
9784.501,つよ,0
9790.45,nt,0
9791.365,nt,0
9791.579,nt！,0
9791.653,nt,0
9795.467,nt,0
9795.815,nt!,0
9796.671,アイツｗ,0
9798.303,nt,0
9798.501,nt！,0
9798.953,ええぞええぞｗｗ,0
9799.163,nt!,0
9801.272,nt,0
9805.413,ｗ,1
9807.64,許せないなあ,0
9811.234,nt,0
9812.934,これで普通に撃ち合っても強いからおもろいw,0
9814.327,みんなのヘイトが溜まってきてますwww,0
9814.639,エクスか強いっていうか武器が強い笑笑,0
9829.13,1イニシだから索敵アビ足りないのきついねぇ〜,0
9877.274,ｗ,1
9883.92,配信者ならw,1
9884.963,歯茎だせ！,0
9891.202,www,1
9894.905,ナイスw,0
9895.379,ないすｗ,1
9896.856,いいよ～ｗ,0
9898.522, www,1
9913.654,ｗｗｗ,1
9915.282,wwwww,0
9915.922,ｗｗｗｗ,0
9916.212,いたw,1
9916.502,見てたｗ,1
9917.023,見てんだよねｗｗ,0
9919.381,うわぁw,1
9919.719,www,1
9919.784,nt,0
9920.746,nt,0
9921.295,ww,1
9922.132,www,1
9922.212,うわあああ,0
9922.832,www,1
9923.119,待ってたｗ,1
9923.294,nt！w,1
9926.052,そりゃそうｗｗｗ,1
9927.421,www,1
9980.857,詰めてくるのはやいな,0
9990.041,www,1
9996.045,ガチすぎるw,1
10000.368,魂のよっしゃぁでます,0
10004.078,雄叫びも出ます,0
10010.004,全力の喜びやったなｗ,1
10012.426,詰め待ちジャッジ刺さるのおもろいなwww,0
10036.443,nt！,0
10038.884,nt,0
10039.022,nt,0
10040.185,あ、きもww,0
10040.789,nt,0
10040.814,nt!,0
10040.887,キモが出た,0
10040.915,ntｗ,0
10043.64,nt,0
10045.403,ｗ,1
10046.394,ｗｗｗ,1
10046.358,普通に暴言でました,0
10046.718, wwww,0
10046.982,wwwww,0
10049.086,むっちゃ自然に言ったねｗｗ,0
10049.514,言い慣れてるw,1
10050.402,耐えられなくなったw,1
10051.953,心の声そのまま出たな,0
10052.927,謝ったからセーフ,0
10054.817,暴言も出ます,0
10055.018,www,1
10067.658,あれは仕方がない,0
10070.88,一旦Twitterブロックで手を打つか,0
10104.265,サムネバクってどういう意味ですか,0
10141.776,ｗｗｗｗｗｗ,0
10142.704,ｗｗｗｗｗｗ,0
10143.5,ｗｗｗｗｗｗｗ,1
10144.139,wwwwww,0
10144.295,ｗ,1
10144.401,www,1
10144.463,ｗｗｗ,1
10144.697,wwwwwww,1
10145.214,wwwww,0
10145.545, wwww,0
10146.076,wwww,0
10146.378,ｗｗｗｗｗ,0
10146.804,草,1
10147.062,ｗｗｗ,1
10147.454,wwww,0
10147.848,wwwww,0
10147.908,ｗｗｗｗｗ,0
10148.396,カチコミｗ,1
10148.49,横にいるんだよねｗｗｗ,0
10148.512,www,1
10148.753,ntｗｗｗｗｗｗ,1
10148.939,これは酷いｗ,0
10148.97,草,1
10150.394,www,1
10150.918,ｗｗｗｗｗ,0
10151.164,www,1
10152.878,ｗｗｗ,1
10153.309,wwwwwww,1
10154.283,nt,0
10154.528,ｗｗｗｗｗ,0
10155.526,マジで草,1
10156.161,wwwww,0
10156.373,おもろすぎるw,1
10156.516,ガン待ち,0
10157.785,wwww,0
10157.822,めっちゃ手前ｗｗｗｗ,1
10159.591,ＷＷＷＷＷＷＷＷ,1
10161.103,突っ込んできたｗ,1
10162.777,めっちゃワロタｗ,0
10165.922,今日一おもろいｗ,1
10165.903,絵面ｗｗｗ,1
10166.303,おりゃああああああ！ｗｗ,0
10166.937,wwww,0
10176.282,今の絵最高だったなｗｗ,1
10199.875,わん,0
10202.195,殺意たっかｗ,1
10209.351,ないすつー！,0
10213.205,すりー,0
10213.247,ないすすりー！,0
10214.922,強いよ,0
10215.763,ないすすりー！,0
10215.819,ないすー！,0
10221.647,死にかけもいます,0
10221.851,ないすー,0
10223.029,ナイスナイス,0
10223.128,ないすーー,0
10223.349,ナイスゥ！,0
10252.689,Nice,0
10261.361,オペ決めてくれ,0
10320.72,nt！,0
10321.07,nt,0
10321.483,nt！,0
10321.485,nt,0
10321.82,nt!,0
10322.882,おしぃnt,0
10323.273,nt,0
10323.266,nt,0
10323.846,nt,0
10324.996,nt,0
10325.727,nt,0
10326.355,nt,0
10329.889,nt!,0
10330.249,nt!,0
10334.282,nt,0
10334.345,まあこっからよ,0
10348.594,キモさで勝ってくか。,0
10351.987,タイミング悪かったーnt,0
10358.684,オタクダーツたのむw,1
10403.131,まだダーツバレてない,0
10411.416,ちぐちゃんww,0
10428.286,ひええ,0
10430.034,nt,0
10430.751,ラーク間に合わず、か。,0
10432.633,わぉ,0
10432.767,nt,0
10432.87,nt,0
10435.389,nt,0
10435.568,nt,0
10435.6,nt,0
10435.673,nt,0
10436.363,nt,0
10437.233,nt!,0
10437.531,nt,0
10441.366,nt!,0
10441.308,nt！,0
10446.819,無限バイ編か,0
10459.59,www,1
10464.634,www,1
10469.959,ないすわん！,0
10470.189,ないす,0
10470.556,ナイスワン！,0
10470.855,うっま,0
10471.907,デカすぎ,0
10472.841,nc,0
10473.184,うま,0
10474.657,わん,0
10477.788,うっま,0
10480.236,うますぎぃ,0
10483.258,うんま,0
10494.668,ゴリちゃんモク炊き慣れてきたな,0
10508.43,あたまぁ！,0
10509.615,ヘッショうま,0
10509.758,おしい,0
10510.614,ナイス頭！,0
10515.354,うま,0
10516.479,頭はいったら倒れてくれなやつ,0
10541.482,ないす！,0
10545.902,wwww,0
10551.964,wwww,0
10552.168,アレスほんまw,1
10553.979,アレスもいけますと,0
10570.102,知り合いだけのフレンド戦でここまでクソ武器使えるのまじで才能だろ笑笑,1
10572.917,オーメンさけでもｗ,1
10573.818,ｗｗｗ,1
10575.297,www,1
10575.999,飛んできたｗｗ,1
10576.182,でたぁぁぁぁｗ,0
10576.2,きっしょｗｗｗｗ,1
10576.432,ｗｗｗｗ,0
10576.595,オーメンだけは....wwwww,1
10576.725,wwwwwwwww,1
10577.646,wwww,0
10578.419,wwww,0
10579.024,wwwww,0
10579.106,wwww,0
10579.575,wwwww,0
10579.719,ｗｗｗ,1
10579.913,キモすぎwww,1
10580.893,wwwwww,0
10581.106,ww,1
10582.354,ABOほんまｗ,1
10583.225,きもーーwwwwwwwww,0
10583.272,wwwwwwww,1
10583.721,ここまで徹底できるのはすごいｗ,0
10584.082,nt,0
10584.333,www,1
10584.839,エグいw,1
10585.759,wwww,0
10585.979,きっしょwww,1
10586.034,うわぁw,1
10587.138,wwww,0
10588.706,www,1
10590.187, wwww,0
10590.836,きっしょwww,1
10595.892,マジで草,1
10596.56,まじでさあｗｗ,0
10602.793,見てるのはほんとにおもろい,0
10607.429,いいキモさしてるw,1
10608.407,この圧倒的大差よ...,0
10614.322,これ配信者じゃなかったら本当に嫌われるやつだぞ笑笑,0
10615.948,ここまで刺さってると楽しいだろうな〜we,0
10618.045,これがエビオよ,0
10624.659,もうここまでくると尊敬するよ,0
10662.937,wwww,0
10664.442,wwwwwwww,1
10665.629,www,1
10665.757,wwwwww,0
10667.269,ｗｗｗｗｗ,0
10667.418,wwww,0
10667.773,ないふぁいｗ,1
10667.894,gg,0
10668.389,wwwww,0
10668.616,wwww,0
10668.742,こんひな,0
10669.02,wwww,0
10669.651,ｗｗｗ,1
10669.734,ｗｗｗｗｗｗ,0
10669.843,nt,0
10669.859,ほんま草,0
10670.071,ないふぁい,0
10670.925,ないふぁいw,1
10671.033,ｗｗｗｗｗ,0
10671.13,wwwwwwww,1
10672.142,wwwww,0
10673.011,wwwww,0
10673.194, wwww,0
10674.36,wwwww,0
10674.758,お嬢もかよｗｗｗｗ,1
10674.846,nt gg,0
10676.404,なんやこれ！w,1
10679.483,nf,0
10681.262,ないふぁい,0
10683.138,ジャッジしかおらんｗｗｗｗ,1
10684.151,nt！,0
10684.249,まじでキモイ　エビオのIGL,0
10686.088,うまくてきもいはほんまｗｗ,0
10686.277,ww,1
10691.174,ふぅ,0
10692.673,nfGG,0
10693.451,ジャッジメントですの,0
10695.905,なにもなかったねｗ,0
10697.853,わこつ〜w,0
10699.242,bo3はじめるか,0
10700.455,わこつwwwww,1
10700.625,わこつwww,0
10701.487,GG,0
10701.797,wwwww,0
10703.752,わこつw,1
10707.443,わこつ,0
10715.0,wwwww,0
10717.228,ｗｗｗ,1
10717.926,wwwwwwwww,1
10718.386,草,1
10718.796,wwww,0
10719.302,wwwww,0
10719.355, wwww,0
10719.941,共演NGでたｗｗ,1
10721.527,NGでたｗｗｗ,1
10721.592,しらばっくれてますこれ,0
10723.681,一旦共演NGかwwww,0
10724.473,www,1
10725.056,共演NGw,0
10725.781,wwwww,0
10728.262,www,1
10731.106,ww,1
10733.066,NGでたかwww,1
10735.531,NGでました,0
10741.671,キモすぎwwwwww,1
10741.809,ニチャニチャしとるｗ,1
10743.776,ノリノリで草,1
10744.443,まずいｗ,1
10744.726,wwwwww,0
10748.967,wwwwwww,1
10749.079,あーあw,1
10749.184,これは訴訟です,0
10749.744,共演NGは草,0
10754.099,wwwwwwww,1
10755.214,www,1
10755.273, wwww,0
10755.565,www,1
10755.764,wwwwwwww,1
10756.656,wwwww,0
10759.582,ギアさんwww,1
10764.399,wwwwwwww,1
10766.623,味方にも言われるのえぐいw,1
10800.909,腫れ物,0
10804.9,wwwww,0
10805.125,wwww,0
10808.097,ほんまwww,1
10808.277,wwwww,0
10808.617,それはそうだろってw,0
10809.995, wwww,0
10810.458,みんなに嫌われてるやんwww,0
10810.834,www,1
10812.157,wwww,0
10812.928,ｗｗｗｗｗ,0
10813.722,www,1
10816.036,wwwww,0
10818.241,ギリw,1
10819.264,1v9はwwww,0
10825.614,1-9ｗｗｗ,1
10837.693,www,1
10842.802,wwwwww,0
10843.197,にじヴァロのろれさんもこんなかんじだったのか,0
10843.24,ｗｗｗｗｗ,0
10846.55,ｗｗｗ,1
10847.542,www,1
10847.566,草,1
10847.754, wwwwwwww,1
10847.881,wwwwwww,1
10847.925,だおwww,1
10848.039,だおが犠牲にwwwww,1
10848.234,被害者を決める会w,1
10848.718,ww,1
10850.029,wwwwwww,1
10850.859,wwwww,0
10851.218,サクリファイスダオ,0
10852.578,wwwww,0
10854.81,だお；；,0
10855.888,頑張れだおw,1
10860.063,ｗｗ,1
10860.672,www,1
10866.763,ｗｗｗｗｗｗ,0
10867.777,だおドンマイw,0
10869.566,だおが犠牲にwww,0
10875.529,wwwww,0
10881.311,ABO腫れ物あつかいでおもろい,0
10884.182,存分に味わってもらおうｗｗ,0
10886.349,ﾃﾉﾋﾗｸﾙｰ,0
10886.408,wwwww,0
10886.856,手のひら返しこわいw,1
10887.095,wwwwwwwww,1
10887.923,急にすり寄ったwwwww,0
10889.244,wwwww,0
10889.619,wwwwwwww,1
10889.692, wwww,0
10890.107,wwwwww,0
10890.464,wwwww,0
10891.445,www,1
10891.44,＾＾,0
10892.947,wwwwwww,1
10893.689,ｗｗ,1
10893.72,この女こえーwww,1
10896.023,wwwwww,0
10897.616,www,1
10898.53,www,1
10907.048,wwwww,0
10907.639,はいｗ,0
10909.007,www,1
10911.196,野郎が顔面で受ける配慮かぁ,0
10911.865,後でアーカイブ見てもらうかwww,0
10912.266,りりむちゃんがw,1
10920.852,ロ、－タス。,0
10921.446,あーあこのマップw,1
10923.82,ス、プリット,0
10925.219,橘さん頑張ってください！！たまたま時間があって送らせていただきます。ではまた今度の配信で,0
10927.846,いいんだww,0
10938.108,ひなーの得意マップ,0
10938.888,勝率8割きた！,0
10945.553,wwww,0
10945.78,wwww,0
10948.525,あｗ,0
10948.721,www,1
10949.889,きたきた～！,0
10950.227,ロータス,0
10950.268,たす！,0
10952.796,www,1
10956.355, wwww,0
10961.07,庭バンされたやん笑笑,0
10961.876,ふぁいと！,0
10964.89,うん・・・,0
10966.906,しなしなｗ,1
10972.786,ｗｗｗｗ,0
10973.122,wwwww,0
10973.237,ｗｗｗ,1
10975.651, wwwww,0
10977.67,謝るんだよねw,1
10978.21,wwwww,0
10979.105,wwwww,0
10982.989,www,1
10985.178,www,1
10986.153,エビオwwww,1
10987.371,仲間からの圧がすごいｗｗ,0
11000.309,www,1
11005.488,実際うまいんだよなｗ,1
11022.195,ここまで極めてるのは尊敬,0
11026.428,ここに来て悩むんだw,1
11042.418,リサちゃんピック広いな,0
11053.625,ﾋﾅﾉﾓｸ,0
11057.87,www,1
11059.25,www,1
11060.148,wwww,0
11061.823, wwww,0
11062.441,wwwww,0
11062.92,まあまあまあまあ・・・,0
11064.163,はなばなぁ,0
11064.314,はなばなてぇてぇ,0
11064.798,www,1
11065.181,てぇてぇ♡,0
11066.419,www,1
11067.274,一旦勝ちか,0
11067.484,ｗｗｗ,1
11068.915,なかよし,0
11070.924,www,1
11071.473,はなばな,0
11072.229,二人ははなばな,0
11074.419,はなばなてえてえ,0
11074.93,これ勝ちだな,0
11078.528,はなばな,0
11088.777,魔法少女はなばな,0
11094.628,wwww,0
11094.951, wwww,0
11095.654,wwwwww,0
11096.668,www,1
11096.662,ガハハはじまったｗ,1
11096.764,お嬢様のジェット久しぶりだ,0
11097.194,リサジェット久々や,0
11097.614,wwwww,0
11100.094,wwwwwwww,1
11100.349,wwww,0
11100.573,wwwww,0
11101.275,ｗｗｗｗｗ,0
11101.233,共鳴すんなw,1
11101.523,wwwwwwww,1
11101.545,あー共鳴するwww,0
11102.409,ｗｗｗ,1
11102.505,wwwww,0
11103.161,www,1
11103.946,www,1
11104.241,共鳴きたｗ,1
11105.01,女子3人のハウリングやばいやろｗ,1
11106.285,共鳴ｗ,1
11107.231,共鳴するなｗｗｗｗｗｗｗ,1
11107.591,まずいここ皆共鳴するぞｗｗ,0
11107.869,あーあーwww,0
11108.147,wwww,0
11108.507,きたあああああ,0
11109.484,共鳴はじまるｗｗｗ,1
11109.446,www,1
11110.76,wwwwwwwww,1
11111.554,共鳴はじまったw,1
11111.875,共鳴してるwww,1
11112.413,共鳴www,1
11115.922,www,1
11116.708,共鳴しちゃったｗｗｗ,0
11117.516,共鳴多めか,0
11119.0,まずいw,1
11120.029,何回も見たこの光景ｗｗｗ,0
11120.445,止まらんw,1
11122.591,女性3人の共鳴がwww,1
11122.707,えぐいww,0
11123.571,ガハハ三人衆おる,0
11124.625,共鳴しかしないwww,0
11126.019,共鳴してて草,1
11126.23,共鳴きちゃーwww,1
11127.859,共鳴が,0
11130.536,wwww,0
11130.638,ゲラ３人いるからなぁｗ,1
11132.455,やばすぎｗ,1
11133.5,うるさいプリキュアwww,0
11134.276,ｗｗｗｗｗ,0
11135.256,ギアさん以外共鳴もちか,0
11136.768,ガハハ三人衆えぐいw,1
11137.012,止まらんなったってｗｗ,0
11139.021,ゲラ3女子w,1
11139.315,共鳴が止まないw,1
11142.677,HAHAHAHA,0
11145.786,wwwwwwww,1
11146.033,ゲラ多いとやばいw,1
11151.946, wwww,0
11155.289,ｗｗｗｗｗｗ,0
11157.795,この3人はやばいなぁｗｗｗｗｗ,0
11161.503,止まらねぇwwwwww,0
11161.937,wwwwwww,1
11167.659,なずぴに続くひなーのキラーやろww,0
11169.82,ひいひいふぅ,0
11173.453,許可制w,1
11175.741,ｗｗ,1
11185.103,おめぇのアイデンティティだろぉ？ｗ,0
11199.408,こんひなー,0
11224.386,チャーム可愛い,0
11230.603,うまい,0
11237.468,nt,0
11238.027,おしぃー,0
11238.295,nt,0
11239.312,nt！おしい！,0
11239.476,おしい！nt！,0
11239.962,おしい,0
11239.988,nt,0
11240.091,おしぃnt,0
11240.103,nt,0
11241.301,nt!,0
11241.675,おしい,0
11241.91,nt!,0
11242.979,おしい～,0
11243.365,nt,0
11245.406,エコ！？,0
11245.965,エコ？,0
11245.983,ｗｗｗｗ,0
11247.066,草,1
11247.442,www,1
11247.773,nt,0
11247.877,nt,0
11248.861,おしーいnt,0
11251.25,1stなんだよねw,0
11252.458,エコラウンドやったかｗ,1
11253.374,www,1
11253.444,ファーストなのよwww,0
11253.762,適当すぎる笑笑,0
11255.62,エコかwww,0
11256.809,1ラウンド目はエコかぁ,0
11263.228,エコならしゃーないかww,0
11274.842,１人笑うと共鳴しちゃうww,0
11320.597,わん,0
11324.498,nt,0
11326.289,www,1
11326.298,nt,0
11326.883,ないえこww,0
11329.098,nt！,0
11329.454,nt,0
11329.704,wwww,0
11329.808,wwwww,0
11330.326,ｗｗｗｗｗ,0
11330.576,ナイエコ！,0
11330.844,ｗｗ,1
11330.927,nt,0
11331.166,弾ゼロトラップかぁw,1
11331.275,nt!,0
11331.481,ないえこ,0
11331.98,ないえこｗｗｗｗ,1
11332.328,nt!,0
11334.09,ないエコwwww,1
11335.631,らだおw,1
11335.715,nt！,0
11337.484,ホントのないエコ,0
11338.437,ntnt！,0
11341.246,nt,0
11346.54,ないエコ続くなぁw,0
11348.025,落ち着いてもろてw,1
11350.558,共鳴しかけてるなあｗ,1
11357.84,肩なのｗ,1
11358.963,左肩？,0
11359.568,ゲラコンボだどん,0
11360.934,肩？,0
11360.98,どうゆうことw,1
11371.354,迷い迷う,0
11373.27,AIM迷ったぁぁ,0
11375.573,多すぎて悩むやつ,0
11434.799,ある,0
11444.987,おしいい,0
11445.951,nt!,0
11446.135,nt！,0
11446.605,nt,0
11446.691,nt,0
11448.213,nt!,0
11448.491,nt,0
11448.825,おしい,0
11448.85,nt,0
11448.905,おしい！nt！,0
11448.909,nt,0
11449.537,おしい,0
11450.637,nt,0
11451.011,nt!,0
11454.376,nt,0
11455.99,おしい！nt,0
11456.97,惜しい〜,0
11463.437,ジャッジきたーーw,1
11463.859,wwww,0
11467.401,ｗｗｗｗｗ,0
11468.853,www,1
11469.784,草,1
11472.061,www,1
11474.67,www,1
11475.476,にじさんじ最悪や…,0
11491.14,印象最悪になっていってるｗ,1
11492.375,にじじゃっじか,0
11497.053,にじさんじの闇VALO部門,0
11506.621,え！？,0
11512.008,バッキーなんだよねぇ～,0
11518.182,ナイスキル,0
11522.944,おしーーーーー,0
11523.256,nt!,0
11523.788,おしぃぃnt,0
11524.384,nt！,0
11524.417,おっしいい,0
11527.376,nt!,0
11529.078,nt,0
11529.406,nt,0
11529.622,おしい！,0
11530.111,おっし,0
11532.512,おしいいいい,0
11533.745,おしいnt,0
11535.789,おしい～！,0
11539.449,バリ惜しかった,0
11543.161,おしい,0
11548.457,乱れてるならいいか・・・,0
11613.861,壁際見られてたかぁ,0
11625.665,nt！,0
11626.855,nt,0
11627.011,nt!,0
11628.888,nt,0
11629.215,nt！,0
11629.74,nt,0
11629.839,nt!,0
11631.007,nt,0
11631.938,nt,0
11632.123,nt,0
11634.492,nt,0
11636.455,nt,0
11638.709,nt,0
11641.039,nt！,0
11652.475,ｗｗｗ,1
11653.483,草,1
11707.361,うまｗ,1
11712.552,うまい,0
11712.66,バッキーつよ,0
11713.404,nt,0
11716.212,おしいnt,0
11716.595,nt!,0
11716.76,nt！,0
11717.237,nt！,0
11718.022,nt,0
11718.478,nt!,0
11719.59,nt,0
11720.391,nt,0
11720.839,nt,0
11720.911,nt,0
11721.32,nt,0
11722.747,nt,0
11728.82,やっぱSGなのか・・・,0
11729.998,nt,0
11750.003,お嬢様？w,0
11750.223,笑い方なによｗｗ,0
11758.732,www,1
11758.933,ちぐちゃんかw,1
11759.226, wwww,0
11774.161,なにこの声ww,1
11775.155,つよ,0
11793.979,えｗｗ,1
11796.034,ギアさんがギアさんしてる,0
11796.079,www,1
11796.716,冷め方ｗｗ,1
11796.912,ｗｗｗｗ,0
11798.539,草,1
11799.326,wwwwww,0
11799.687,wwww,0
11799.753,wwwwww,0
11800.197,wwwww,0
11801.121,wwwww,0
11802.838,あーエクスか,0
11803.33,ｗｗｗ,1
11803.644,www,1
11804.457,wwwww,0
11804.529,wwww,0
11805.588,www,1
11805.995,ABOの扱いよｗｗｗ,1
11806.188,ｗｗｗｗｗｗ,0
11806.662,wwwwwwww,1
11808.337, wwww,0
11808.432,wwwwwww,1
11810.016,冷め方えぐwww,0
11810.151,温度差えぐない？,0
11813.363,温度差w,0
11815.337,ち、ちぐちゃん？？？？・,0
11819.281,冷める速度えぐかったｗ,1
11820.064,wwwwww,0
11825.159,にじさんじｗ,1
11867.821,あ,0
11878.446,www,1
11880.261,ｗｗ,1
11880.382,wwwww,0
11881.335,www,1
11881.465,ｗｗｗ,1
11882.446,えぐw,1
11882.931,この視点マジでｗｗ,1
11883.518, wwww,0
11883.535,www,1
11883.611,キモいなぁwww,0
11883.685,きっしょ,0
11884.249,こいつほんまｗｗ,0
11884.797,バケモンwww,1
11886.99,えぐいまじでw,1
11891.175,きっめえw,1
11898.372,き・・・,0
11899.126,しかも上手いのなんだかなぁw,1
11901.579,なんかなあｗｗ,0
11909.523,え？ｗ,1
11909.847,ん？,0
11909.885,あ,0
11914.472,スキル全部のこってるｗ,0
11914.879,はなぶさ？,0
11918.37,なんで見逃したww,1
11919.193,????,0
11920.018,え？,0
11920.205,リサ？？？ｗ,0
11920.926,？,0
11921.173,おしい！！！nt！,0
11921.76,最悪ｗｗｗｗ,0
11922.545,あ,0
11923.881,wwwww,0
11925.269,おしい！,0
11925.266,www,1
11925.982,はなぶさ？？？,0
11926.128,えーっと？ｗｗ,0
11926.133,ん？？,0
11926.597,？,0
11927.385,今何してたの？ｗｗ,0
11927.718,www,1
11928.103,え？？ｗｗ,1
11928.713,やったなぁw,1
11928.909,nt！,0
11929.751,ｗｗ,1
11931.854,りさちゃん？w,0
11931.924,まじでwwwwwww,1
11932.502,www,1
11932.888,深い事しようとしたんだよね？,0
11933.223,え？,0
11933.711,充電かあｗ,0
11936.702,これトロールですw,0
11939.177,www,1
11939.354,今のはちょっと擁護できないｗ,1
11940.44,あ～そうだよね？ｗ,0
11942.406, wwwwwwww,1
11947.618,りーちゃん？,0
11948.03,深い事しようとしてとろったかw,1
11948.184,充電ならしゃぁないか、、、、,0
11950.541,ニカニカしてたw,1
11955.001,えぐすぎｗ,1
11960.631,仲間を見捨てはしたよｗ,1
11964.118,歯茎かな？笑笑,0
11972.316,泳がすには長すぎたなw,0
11985.566,ナイス,0
11988.908,わん,0
12002.205,nt！,0
12003.328,nt,0
12004.114,nt！,0
12004.952,nt,0
12005.198,nt!,0
12005.383,nt!,0
12005.7,nt,0
12005.975,眩しすぎた,0
12008.623,nt,0
12009.263,nt,0
12009.348,nt!,0
12010.606,nt,0
12010.867,nt,0
12011.309,nt,0
12012.841,nt,0
12030.156,ant,0
12073.413,ナイスツー,0
12073.755,ないすつー！,0
12073.891,索敵ガバ,0
12075.285,ないす！！,0
12076.6,ナイスナイス,0
12077.639,今の見られてないのかｗｗ,0
12081.601,2キルからのパラナイス,0
12082.488,つー,0
12084.584,ナイス！,0
12087.046,ないすー,0
12087.646,ないすうう！,0
12088.322,ないす！！,0
12092.509,ないす,0
12098.131,でかい,0
12099.462,ひなーのすくったあ,0
12111.417,索敵がｗ,1
12116.689,お散歩してたなあｗｗ,0
12123.403,ん？,0
12123.867,？,0
12125.178, wwww,0
12127.587,？,0
12129.211,どゆこと？ｗ,1
12131.746,どゆこと？www,1
12143.141,轟々,0
12145.441,イケイケって意味かな？,0
12164.059,あ,0
12165.129,あっ,0
12166.373,あｗ,0
12167.918,wwww,0
12168.884,www,1
12169.465,しっかりみてたなwww,0
12171.406,あ,0
12171.881,ｗｗｗ,1
12173.367,あｗ,0
12174.421,wwww,0
12176.369,こんにちわして草,1
12180.541,ずっと今日キモい言われてるなぁwww,0
12181.66,うまいなー,0
12186.622,帰さない辺りいい性格してる,0
12197.23,ないす！ｗ,0
12200.659,おお！,0
12207.015,nt,0
12207.263,nt,0
12207.273,スカッ,0
12207.346,nt,0
12207.508,nt,0
12207.512,nt！,0
12209.106,おっしい！,0
12209.351,nt,0
12209.413,おしい～,0
12209.507,nt,0
12209.538,おしい！nt！,0
12211.616,nt!,0
12211.684,www,1
12211.795,wwww,0
12212.066,nt,0
12223.447,欲張ったかww,1
12233.294,一旦3-9にするか,0
12247.64,ABO犯罪してるｗ,1
12250.492,ドドドドドドドドドド,0
12261.413,工事も始まります,0
12272.048,マジか,0
12305.314,うま,0
12311.229,うおおおお,0
12312.729,ないすぅー！！！！！！！！,0
12313.179,うまああ！,0
12313.243,うますぎ～～～～～～～～～,0
12313.701,ないすううう！！,0
12314.132,うめぇ！！,0
12314.644,うまああああああ,0
12315.327,ないす！！！ギアさんうまい！！,0
12316.156,ギアさん,0
12316.353,おおおおお,0
12320.966,ないす！！！,0
12322.609,うまーーーーい！！,0
12323.309,ないすすぎいいい,0
12325.17,すげぇ！,0
12326.787,ギアさん強いわあ,0
12329.225,さすがや,0
12330.784,ディスミス判断ヤバすぎ超強い,0
12331.473,かっけえっすわ,0
12340.294,高橋ナイスや！,0
12350.355,キャリー枠最高！,0
12362.391,エコラウンドか,0
12374.272,出た、葛葉からの受け売り,0
12379.246,Welcome to ひななー!,0
12394.046,ギアさんつよい,0
12437.32,ナイスゥ！！,0
12439.176,ナイス,0
12444.187,ｗｗｗｗ,0
12445.66,ないえこw,1
12445.672,ないす！,0
12446.233,ないえこｗｗ,0
12448.752,ないエコないエコ,0
12451.621,ないエコです,0
12452.245,一旦ないえこかｗｗ,1
12496.072,プラント,0
12503.795,ないす！,0
12504.026,ナイスー,0
12506.135,なーいす！,0
12506.61,はなりー！,0
12506.827,ないす！,0
12508.11,いいね！,0
12510.085,そんあことあるｗ,0
12510.912,今のりっさんめっちゃいいエントリーだったな～～！,0
12512.752,あるんだよねww,0
12514.456,いいねえ,0
12523.642, wwww,0
12523.987,wwww,0
12524.772,ｗｗｗｗｗｗ,0
12525.317,www,1
12526.162,wwww,0
12526.436,マジレスきたw,1
12527.762,wwww,0
12528.128,wwwww,0
12530.167,wwwww,0
12530.947,それはそうwww,0
12533.249,ww,1
12536.839,www,1
12538.263,おわってない？www,0
12538.575,えぐｗｗ,1
12540.438,www,1
12540.749,経験者の言うことは深み違うな,0
12567.668,ないす！,0
12568.478,わん,0
12572.592,ナイス,0
12593.799,いいナノスワーム,0
12612.353,いいよー,0
12621.269,裏！？,0
12622.627,nt,0
12624.796,まじかぁ,0
12625.047,うわあ～,0
12626.284,nt,0
12627.211,まじか,0
12629.452,大裏まじか,0
12629.584,nt,0
12630.081,裏まじか,0
12630.394,nt,0
12631.683,nt,0
12632.583,nt,0
12632.806,裏おるか,0
12632.89,バチャ偉いな,0
12633.829,nt!,0
12635.176,nt,0
12636.728,nt！ないえこよね,0
12679.97,次のラウンドとったら勝率７４％,0
12703.275,わん,0
12703.437,ないす！,0
12703.846,ナイスワン,0
12705.096,ないす！,0
12706.629,ナイスナイス,0
12707.848,おお！,0
12710.894,www,1
12712.176,あれw,0
12713.319,怖いってw,1
12714.488,歯茎じゃない？,0
12714.799,歯茎おったなぁw,1
12715.614,ないすｗｗ,1
12716.683,www,1
12716.758, wwww,0
12719.475,逝ってきますｗｗ,0
12723.911,歯茎ｗｗｗ,1
12724.163,逝ってきます,0
12724.651,www,1
12725.298,ｗｗｗ,1
12725.863,ww,1
12726.587,歯茎やって笑,0
12726.83,逝ったやついたな,0
12732.413,歯茎いたなww,1
12782.578,わん,0
12783.321,ナイス！！,0
12785.64,ないす！,0
12787.857,つよ,0
12788.746,ナイス！,0
12789.277,うま！,0
12798.182,見聞色ナイス,0
12816.628,ひなーのうまいな,0
12856.949,ナイスツー,0
12857.731,ないすつー！,0
12858.68,ナイス！,0
12868.021,ありゃ,0
12868.923,あれw,0
12868.976,ん？,0
12869.671,wwww,0
12869.733,ｗｗｗｗｗｗｗ,1
12869.979,ｗｗｗ,1
12872.321,あれwwww,1
12872.351,？,0
12873.589,あれw,0
12873.785,あっ,0
12874.192,www,1
12874.4,あれｗ,0
12874.431,www,1
12874.853,あれ？,0
12874.932,ん？,0
12875.152,？,0
12876.067,トロールおるな,0
12876.904,ｗｗｗｗｗ,0
12877.566,ん？,0
12877.813,nt！,0
12878.191,ｗｗｗ,1
12878.437,wwwww,0
12878.47,www,1
12878.829,www,1
12879.249,2個目壊されたかな?,0
12879.209,www,1
12879.576,wwwww,0
12879.65,nt!,0
12879.768,あれ？,0
12880.012,www,1
12888.725,www,1
12889.837,想定と違ったなぁww,0
12891.811,おっと？ww,0
12894.072,あ～風強いからねえ,0
12894.63,wwww,0
12899.293,壊されたなら仕方ない,0
12924.368,フェニのホットハンド置いとけば良いからな笑笑,0
12940.918,わん,0
12941.417,ないすわん！,0
12949.27,ないす！,0
12984.593,ナイス,0
12987.001,ナイス！,0
12993.404,nt!,0
12993.798,nt！,0
12993.907,nt！,0
12994.398,おしぃー,0
12994.646,nt,0
12994.947,音たかい,0
12995.551,nt,0
12996.106,nt,0
12997.006,えらすぎ,0
12999.613,nt,0
13002.077,おしい～,0
13002.823,nt!,0
13133.544,nt!,0
13133.812,だおつっよ,0
13134.465,まーじか,0
13134.847,ないふぁい！,0
13135.915,おしぃーgg,0
13136.136,ないふぁい,0
13138.587,nt,0
13139.721,ないふぁい,0
13139.72,nf,0
13140.071,ntgg,0
13140.127,ないふぁい,0
13140.365,ないふぁい,0
13141.943,nt,0
13142.296,nt,0
13145.693,nt！,0
13149.952,nt,0
13150.184,nf,0
13164.798,オーブンだったからヘブン行けたら熱かったね。時間なかったけど,0
13173.423,wwww,0
13176.269,セット組んでたからw,1
13203.297,wwww,0
13203.371,wwww,0
13203.503,wwww,0
13204.206,www,1
13205.057,ｗｗｗｗ,0
13208.909,ｗｗ,1
13211.361,www,1
13212.126,www,1
13216.167, wwww,0
13217.889,www,1
13223.479,だろうなぁww,0
13224.104,wwwww,0
13238.293,いってらっしゃお,0
13240.307,いってらっしゃい,0
13241.765,いってらっしゃい,0
13242.598,いてらー,0
13244.447,いってらっしゃい,0
13247.415,いてら,0
13250.492,いってらっしゃ～い,0
13251.419,いてら,0
13253.1,いってら,0
13255.249,まだまだやるの良いねぇー,0
13258.185,いってらっしゃい,0
13261.423,いってらー,0
13264.054,いってらっしゃい,0
13293.681,対面SGきたw,1
13306.119,対面アルファさんなのか,0
13321.131,おかえり～,0
13321.665,おかえり,0
13323.07,おか,0
13326.229,おかえりなさい,0
13327.794,おかえり,0
13328.177,おかえり,0
13328.404,おかえり,0
13328.595,おかえり,0
13329.267,おかえり,0
13332.073,おかえり〜,0
13333.725,おかえり,0
13338.984,おかえりー,0
13346.489,姫ｗ,1
13347.514,ナチュラル姫呼びやめてwww,1
13354.518,姫なんだよね,0
13355.568,りりむ姫,0
13405.611,www,1
13408.878,どうなりましたｗ,1
13409.911,wwww,0
13420.724,ｗｗｗｗ,0
13422.219,食べながらw,1
13422.94,モグモグやめろwww,0
13424.546,www,1
13425.692,パワーバランス平気か？,0
13450.003,wwww,0
13460.054,一旦やろうｗ,1
13460.399,レッツゴー,0
13460.502,ｗｗｗｗ,0
13467.751,え？,0
13471.609,www,1
13481.316,パールか,0
13484.758,パール味わうか,0
13500.15,wwww,0
13500.392,そりゃそうなるwww,0
13504.337,www,1
13506.572,ジャッジ出るかぁw,1
13509.225, wwww,0
13512.151,www,1
13523.876,あれw,0
13524.699,wwww,0
13527.436,wwww,0
13527.661,ｗｗｗｗ,0
13530.131,www,1
13530.278,SGのことしか考えとらんｗｗ,0
13543.421,あずれ,0
13547.093,スシ兄さんきた！,0
13560.197,ふぁいと〜,0
13562.594,天月さんいい声やぁ…,0
13589.452,いつもの,0
13597.656,天月さんと！チーム組むの見れて嬉しいな,0
13601.478,ﾋﾅﾉﾓｸ,0
13624.259,？？？ﾋﾅﾉﾓｸﾈ,0
13659.258,あーいｗｗｗ,1
13668.351,www,1
13671.921,うわーw,0
13674.08,インスモ注意か,0
13679.488,？,0
13684.851,自分で場所作るんだよね,0
13716.759,野鳥きたｗ,1
13717.363, www,1
13718.502,草,1
13723.478,野鳥と野犬使いw,1
13727.964,野鳥だあｗ,1
13749.616,オーバーレイ大丈夫？,0
13755.839,www,1
13758.617,nt,0
13759.284,nt!,0
13759.698,nt！,0
13760.071,nt,0
13761.819,nt,0
13763.01,nt,0
13763.867,nt！,0
13768.686,nt,0
13768.648,nt!,0
13769.185,調整感謝,0
13775.247,nt,0
13775.968,nt!,0
13780.089,感謝,0
13794.498,一旦が物騒ww,0
13795.467,感謝,0
13846.755,おでん、、、,0
13853.852,2ndおでんのバケモンw,0
13855.395,www,1
13858.278,セカンドオーディン草,0
13866.705,バケモンだろ,0
13867.018,www,1
13867.819,nt！w,1
13868.768,www,1
13869.418,とりあえずバケモンか,0
13869.722,wwwww,0
13870.14,wwww,0
13870.182,www,1
13870.604,wwwww,0
13872.605,nt!,0
13872.673,あ,0
13872.874,おでんまじかｗ,1
13873.858, wwww,0
13873.717,nt,0
13874.238,おいおい,0
13876.844,あ～あ～ｗｗ,0
13878.656,おっと,0
13883.198,あーあww,1
13884.468,おでんくん草,1
13956.383,わん！,0
13957.139,ナイスワン！,0
13959.077,わん！,0
13973.167,英ワンと,0
13995.613,もらおw,1
14039.825,Ohayoo Hina chan,0
14063.508,ひなーのーーーすきいーーー,0
14103.389,もう一回遊べるドン,0
14123.632,人数有利よ,0
14139.089,ナイスナイス,0
14145.13,ないす,0
14151.003,ないす！,0
14168.499,www,1
14170.916,イチャイチャすなぁww,0
14171.448,wwww,0
14171.695,ｗｗｗｗ,0
14172.966, wwww,0
14173.881,www,1
14174.728,ｗｗ,1
14178.42,oo)?,0
14180.125,ゴリちゃんwww,1
14182.019,ゴリちゃんw,1
14189.295,うまい,0
14206.703,つよ,0
14206.862,強いよー,0
14215.644,ないす！w,0
14217.213, www,1
14217.206,ｗｗｗｗ,0
14220.971,こんひなー,0
14221.375,バッキーなんだよねw,0
14226.548,www,1
14231.095,まーた持ってるよｗｗ,0
14234.853,ウルトの上げ方身削りすぎwww,0
14279.72,わん,0
14280.514,ナイスワン,0
14282.288,ラークナイス,0
14286.835,わん！,0
14304.276,ナイス！,0
14314.55,いい感じいい感じ,0
14387.948,えっぐｗｗｗ,1
14388.807,ないすw,1
14390.814, wwww,0
14391.479,wwww,0
14392.441,気持ちいいねぇwww,0
14392.662,w,1
14392.772,www,1
14394.745,ないすｗｗ,1
14397.113,www,1
14397.255,バケモンはこっちにもいたwww,0
14399.152,おでんw,1
14411.611,野生目覚めちゃった,0
14418.932,おでんもらってから負けないw,1
14429.524,笑い方よｗｗ,0
14451.004,わんよ,0
14452.001,ナイスワンピ,0
14485.383,ゴリちゃんがミッド押さえててくれてるのでけぇ,0
14502.126,ゴリちゃんおでん安心感あるわあｗｗ,0
14514.947,wwwwww,0
14514.971,www,1
14515.241,www,1
14516.93,wwww,0
14517.01,ｗｗｗ,1
14519.634,www,1
14520.531,www,1
14521.12, wwww,0
14522.097,wwwwww,0
14522.138,wwww,0
14522.386,wwwwww,0
14524.118,ｗｗｗ,1
14533.156,スミスにはなれんかぁ,0
14534.819,ソルダムにはなれんかww,0
14537.062,スミスチャレンジ,0
14589.944,みんなめっちゃabo警戒してるw,1
14604.353,ないす！,0
14604.68,つよーい,0
14606.491,www,1
14608.17, wwww,0
14614.464,メタ読みされてるやんwww,0
14642.854,しなーの,0
14680.574,遂におでんが,0
14681.119,味方強いねえ,0
14690.53,いいね～,0
14690.574,ないす！,0
14691.724,ww,1
14692.73,ｗｗｗ,1
14693.748,www,1
14694.019,wwww,0
14694.133,拾って上げるんだよねwww,0
14695.002,持ち帰りw,1
14695.859,www,1
14696.15,wwwww,0
14696.341,www,1
14697.637,www,1
14697.8,ｗｗｗｗ,0
14702.545,www,1
14704.535,仕事人アストラめっちゃいい,0
14712.68,ほら、お気に入りのおもちゃだよ,0
14717.94,そこまでしてw,1
14744.214,あぶねー,0
14749.637,ナイスワン,0
14750.925,わん,0
14765.539,ギアさんえぐいな,0
14773.278,ギアさんイケメンの顔してる,0
14780.228,ママーのからのおもちゃww,1
14800.615,おっかねぇ待ち方だなぁwww,0
14825.184,nt,0
14825.853,nt!,0
14825.896,nt！,0
14827.399,nt,0
14830.879,nt,0
14831.422,nt,0
14831.68,nt!,0
14831.86,nt,0
14832.927,nt,0
14833.146,nt!,0
14833.886,おしい！,0
14834.295,nt,0
14840.898,おでん落っこっちゃった,0
14845.033,ｗｗｗ,1
14846.042,買い置きw,1
14850.053,買い置きw,1
14871.165,ｗｗｗ,1
14874.652,www,1
14876.037,メタｗ,0
14878.145,www,1
14879.91,ひなーのいつもありがとう,0
14881.066,ｃｒのアセントみたい,0
14882.686,おっと…？,0
14886.425,厄介だなぁw,1
14890.953,おっと？,0
14916.182,使っていいんだw,0
14932.212,わん,0
14933.817,ナイスワン,0
14935.895,ないすわん！,0
14946.792,おでんおおくない？,0
14973.59,おしー,0
14975.301,nt,0
14975.435,nt！,0
14975.791,おしぃー,0
14975.887,nt!,0
14976.018,nt！,0
14976.876,弾がぁ,0
14978.938,ｗｗｗｗｗｗ,0
14980.183,nt!,0
14980.462,nt,0
14980.964,nt!,0
14980.992,おしー,0
14981.017,nt,0
14982.038,nt,0
14983.976,やっぱおでんなのか,0
14984.954,オーディンだったらｗ,1
14985.121,おしい！nt,0
15019.722, wwww,0
15021.146,キモいなぁwww,0
15021.316,wwww,0
15022.13,www,1
15023.88,ｗｗｗｗ,0
15024.172,www,1
15053.49,わん,0
15054.364,え？,0
15054.719,ないす！,0
15086.094,おしい！nt！,0
15086.897,おしい,0
15087.672,nt,0
15087.826,nt,0
15088.05,おしい！nt!,0
15088.602,おしぃー！nt,0
15088.652,nt!,0
15088.815,nt!,0
15088.838,おしーいnt,0
15090.833,ナイストライよ,0
15091.07,nt,0
15092.989,nt,0
15095.843,おしい！nt,0
15103.476,脱税しよう,0
15112.495, www,1
15117.081,理性ｗｗ,1
15124.91,今日旦那さん居ないんですか？,0
15127.744,Welcome to ひななー!,0
15181.17,おお！,0
15184.592,ナイス,0
15186.811,ナイス削り!,0
15187.292,nt！,0
15187.901,nt!,0
15188.23,nt,0
15188.507,おしぃnt,0
15188.935,nt,0
15190.177,nt,0
15191.848,nt,0
15191.954,ないえこ！,0
15192.007,nt,0
15192.605,おしー,0
15192.859,おしぃーnt,0
15196.425,nt!,0
15196.714,www,1
15200.221,nt,0
15258.248,nt,0
15270.997,ギアさんうめぇな,0
15283.168,ギアさんつぇぇ流石,0
15289.452,www,1
15289.554,ギアさんつよいねぇ,0
15308.674,えええ？,0
15310.76,ACEまじかぁ,0
15311.306,ACEえぐぅ,0
15311.481,えぐー,0
15311.682,ACEまじか！,0
15311.797,ACEまじか！,0
15311.83,nt!,0
15312.464,えぇぇぇーーー,0
15313.076,つよ！,0
15317.22,ACEまじか,0
15320.078,nt!,0
15320.815,nt,0
15321.084,nt！,0
15324.315,うまいなあ,0
15327.833,つえー,0
15331.528,ゴリラww,1
15332.345,チャットww,1
15340.716,www,1
15352.999,wwwww,0
15358.406, wwww,0
15404.708,？？？？？？,0
15436.242,nt,0
15436.229,ｲﾔｱｱｱｱｱ,0
15436.436,えっぐｗ,1
15437.85,引っ張られたぁ,0
15438.985,nt！,0
15439.23,nt！,0
15440.206,nt,0
15440.266,ボコボコだぁ；；,0
15440.514,nt!,0
15440.673,nt,0
15442.986,えぐいなｗ,1
15445.828,nt,0
15469.442,Bオペよな,0
15474.786,頑張れー,0
15537.907,カメラw,1
15538.432,ｗｗｗ,1
15542.345,wwwww,0
15543.098,wwwwww,0
15543.58,wwww,0
15544.482,wwwww,0
15545.329,wwwww,0
15546.215,wwwww,0
15546.413,ww,1
15547.232,wwwwwwwww,1
15548.069,nt！w,1
15549.675,nt！,0
15551.856,wwww,0
15552.589,wwwwwww,1
15554.311,わんちゃんあったよｗｗ,0
15554.448,みられてたなあwwwwww,1
15555.776,www,1
15556.238,www,1
15557.801,ずっと見られてーらｗｗ,1
15559.206,wwwwwwww,1
15560.017,ずっと見られてたかｗ,1
15563.361,wwwww,0
15563.319,ずっと見られてましたwwww,0
15563.742,www,1
15566.999,wwwwwwww,1
15568.399,www,1
15570.903,ｗｗｗ,1
15572.179,りさちゃんずっとみてる,0
15574.251,ｗｗｗｗｗ,0
15574.708,www,1
15577.243,りさ意地悪いな,0
15577.573,●RECされてた,0
15587.513,Twitchならクリップだったw,0
15640.022,ナイス,0
15642.594,ｗｗｗ,1
15644.808,ないす！！,0
15649.205,武器武器武器,0
15713.852,ナイス分かたれ,0
15726.439,ガチの女,0
15734.183,wwwww,0
15735.072,あぶねええｗ,1
15741.103,wwww,0
15750.612,ないすw,1
15781.943,今日はクリップにしたい画が、いっぱいやwww,1
15826.489,スシ兄つよ,0
15840.167,ナイス！,0
15842.304,うま,0
15846.625,うおおおおおおおおおお,0
15848.865,ないす！！！うま！,0
15854.004,天月さんつよい！,0
15926.931,ないすつー！,0
15927.224,うおおおおお,0
15928.857,ないすつー！,0
15931.757,つっよw,0
15933.839,つよ！,0
15934.549,天才！天才！,0
15935.073,つよすんぎ！,0
15939.776,つよ,0
15983.608,将棋のアナウンスみたいな声が聞こえたｗ〇〇秒～,0
15991.409,ないす！,0
15993.469,ナイス,0
15995.022,ｗｗｗ,1
15997.074,つよｗ,0
16004.926,マッチポンチ！,0
16005.517,ww,1
16008.19,マッチポンツ！,0
16010.865,マッチポンプ？,0
16011.614,こん,0
16017.289,マッツポンツw,0
16020.878,マッチポンツよー,0
16042.203,ナイスピップ,0
16057.929,ないす！,0
16059.417,ナイス,0
16061.971,うまーーい,0
16066.554,ナイス！,0
16068.285,置き幅いいよー,0
16068.927,ないす！,0
16077.228,つよ,0
16087.936,歯茎やめてｗ,1
16088.439,歯茎全開や,0
16089.444,www,1
16089.505,歯茎行きますｗ,1
16095.377,歯茎w,1
16098.007,ナイス！gg,0
16101.637,ないす！GG!,0
16101.957,ないす！！,0
16106.056,ナイス～！！,0
16106.6,nice！！,0
16113.075,GG!!ないすー！,0
16113.756,ないす！！,0
16115.808,GG ,0
16129.256,テンション次第か,0
16129.928,パールのモクは疲れる,0
16140.024,www,1
16140.388,ｗｗｗ,1
16140.852,wwww,0
16141.098,パール違ったかぁw,1
16144.996,www,1
16148.755,まだやる気やなぁwww,0
16150.038,う～んｗｗ,1
16150.581,湿気ｗ,1
16150.987,湿気の問題なんだwww,0
16151.27,www,1
16153.673,wwww,0
16158.581,www,1
16166.438,wwww,0
16166.616,メガネ曇ったなら仕方ないw,1
16169.874,ｗｗｗｗｗ,0
16171.779,www,1
16172.677,www,1
16180.004,ahahaha,0
16217.095,姫とやってないか,0
16237.976,左中々強いな,0
16252.344,www,1
16254.547,ひなーのの女おる？,0
16257.354, ww,1
16271.286,姫～～～；；,0
16284.149,姫,0
16320.413,一生、一緒にいてくれや？,0
16321.177,wwww,0
16321.213,wwww,0
16322.369,wwwww,0
16322.831,圧があったなw,1
16323.547,忖度あった？,0
16323.853,wwww,0
16324.898,なんかw,1
16325.241,Hahaha,0
16327.837,wwww,0
16331.501,圧がｗ,0
16331.87,縦社会…,0
16338.463,ロ、ータス,0
16342.231,ろー、たす,0
16345.024, wwww,0
16347.282,たす,0
16357.794,りっと、、,0
16359.291,こわれそうｗ,1
16360.928,直すｗｗ,0
16364.007,ロー、タス,0
16366.498,直す？？w,0
16376.002,直せるか？,0
16381.004,どういうことだ？ｗ,0
16381.353,スプ、リットの人おる,0
16387.418,むずいむずいwww,0
16390.413,www,1
16392.846,www,1
16396.798,wwww,0
16397.582,wwww,0
16400.357,しょうがないw,0
16404.288,別にカスタムやしまぁw,0
16426.297,ｗｗｗｗ,0
16428.498,はい・・・,0
16429.475,ナイフか銃突きつけられてたかも知らんなアルファさんww,0
16431.537,wwww,0
16431.625,ww,1
16431.697,www,1
16432.425,イチャイチャしてるｗ,1
16433.727,いちゃいちゃしてんなあｗｗ,0
16433.751,シルバーのらだおいりゃへーきだろ,0
16434.478,www,1
16436.568,姫〜♡,0
16436.965,www,1
16437.284,wwwww,0
16437.549,www,1
16437.556,www,1
16438.319,www,1
16440.375,www,1
16440.499,wwwwwwww,1
16440.499,www,1
16440.557,www,1
16440.7,www,1
16440.726,これはうふふも出ます,0
16444.848,てぇてぇ？,0
16448.982,なんかいちゃいちゃしてない？,0
16449.055,ｗｗｗｗｗ,0
16449.936,www,1
16450.099,wwwwwwww,1
16450.976, wwwwwwww,1
16454.226,姫♡,0
16454.371,姫浸透してて草,1
16454.403,wwwww,0
16454.536,ｗｗｗｗｗｗ,0
16456.985,wwwwww,0
16462.327,姫浸透してるw,1
16466.083,呼び方でこうもかわるかｗｗ,0
16468.131,てぇてぇしてる？,0
16468.085,何か２人でイチャイチャしてんなぁww,0
16469.025,りりむは寂しがりやな女の子だからな…,0
16475.553,wwww,0
16479.223,ひなーの語尾に♡ついてんのよ,0
16480.33,www,1
16481.871,いちゃいちゃｗ,0
16484.892,wwww,0
16484.883,www,1
16484.954,wwwwwwww,1
16485.418,二人きりですね♡,0
16485.443,ギアさんいないか？w,0
16485.954,ｗｗｗｗｗｗｗｗ,1
16486.353,wwww,0
16487.098,wwwww,0
16488.577,イチャイチャ垂れ流し配信w,1
16489.298,wwwww,0
16491.579,wwwwww,0
16491.536,wwww,0
16492.979,こんにちはー,0
16493.731,いちゃいちゃｗ,0
16495.334,wwww,0
16496.457,wwwww,0
16498.937,ｗｗｗｗｗｗ,0
16500.592,wwwwww,0
16505.561,wwwww,0
16505.691,イチャイチャ助かる,0
16506.058,wwwwww,0
16506.517,wwwww,0
16508.058,ちなみにらっだぁはトイレでも聞こえてますワイヤレス,0
16512.029,wwwwwww,1
16524.728,姫は姫だよ,0
16528.859,みんな草生やしてるから大丈夫,0
16535.391,ワイヤレスは草ｗ,0
16552.856,これおじさんたち黙ってるだろｗ,0
16555.132,wwwww,0
16557.088,即ピしてほしいw,1
16571.536,男子遅くね？www,1
16573.237,なかなかおらんw,0
16578.111,これ戻ってくるのむず～～～W,0
16582.816,3人ともいそうw,1
16583.446,そうね,0
16586.526,これ皆戻ってきてる説あるなｗｗ,0
16587.218,おじさんたちは場を察してミュート中だろw,0
16587.318,いつはいってくるかな？ｗ,0
16587.794,ｗｗｗ,1
16592.418,聞いてるだろコレ,0
16595.196,ｗｗｗ,1
16596.052,www,1
16596.291,男どもは帰ってくるタイミングがなくなってます,0
16597.882,wwwwwww,1
16598.136,wwww,0
16599.089,おじさんさぁwww,0
16599.151,www,1
16599.412,ｗｗｗ,1
16605.02,アズールいるぞｗ,1
16604.983,おじさんニッコニコですこれ,0
16606.21,www,1
16607.615,wwwww,0
16607.697,ｗｗｗｗｗｗ,0
16609.511,ｗｗｗ,1
16609.471,wwwwwwww,1
16610.401,wwww,0
16610.426,www,1
16611.553,www,1
16612.782,wwww,0
16613.309,wwwww,0
16614.132,wwwww,0
16614.411,やっぱりなwww,0
16614.684,全員いるんだよねｗｗ,0
16615.066,じいどもww,1
16615.111,みんなおるｗｗｗｗｗ,1
16615.531,wwwww,0
16617.321,やっぱ聞いてたなｗｗ,0
16619.822,wwww,0
16619.807,おじさんたちニッコニコで草,1
16621.601,しらこwwww,1
16624.836,wwwwwwww,1
16624.976, www,1
16626.214,WWWW,0
16626.258,2人の会話始まった時ギアさんのvc光ってたんだよなw,0
16629.148,www,1
16629.805,おじさんさぁ,0
16629.826,www,1
16633.378,喧嘩はじまったｗｗ,1
16634.372,ｗｗｗｗｗｗｗｗｗｗ,1
16634.788,しらこいなぁwww,1
16635.099,wwwwwwwww,1
16637.35,ピキｗｗｗ,1
16637.481,いったん空気悪いか,0
16637.519,wwwwwwww,1
16639.764,姫鋭いってｗｗｗ,1
16640.387,wwwww,0
16640.744,wwwww,0
16641.761,www,1
16642.434, wwwwww,0
16642.883,wwwwww,0
16645.69,wwwwww,0
16651.075,wwww,0
16652.132,wwwww,0
16670.805,若い？,0
16671.183,53歳…,0
16674.58,www,1
16678.514,だおが、若い？,0
16684.153,53歳さん？,0
16698.383,53歳もおったわｗ,1
16698.317,わかい・・,0
16698.586,53？,0
16705.723,wwww,0
16706.268,あw,0
16707.031,まずいw,1
16707.041,ギアさんやさ,0
16707.238,索敵体できたw,1
16708.148,www,1
16715.355,www,1
16718.835,ボディクリアリング,0
16719.591,ｗｗｗｗ,0
16722.952,身体で索敵よwww,0
16725.776,姫が体はるんかｗ,1
16728.057,姫が体で！？,0
16730.403,姫に仕える者たちやん,0
16733.731,ミッド怖すぎるwww,1
16743.993,w,1
16747.284,wwww,0
16748.952,ひなーのいつもありがとう,0
16751.475,スプリットで相手にABOいるの嫌すぎるｗｗｗｗ,1
16763.175,敵に回すと厄介すぎる,0
16767.138,AでもBでもショーティガン待ちしてそう,0
16768.496,またABOに怯えるのか,0
16778.01,www,1
16778.983,www,1
16782.782,www,1
16792.733,ABOが輝ける状況が整いすぎてる,0
16806.865,wwwwww,0
16810.36,あっそうかちぐちゃんもsgな民だったわww,0
16817.734,お迎えもきてます,0
16820.46,ないす！,0
16820.933,ないすーー！！！,0
16833.806,www,1
16834.172,wwww,0
16834.676,wwww,0
16836.349,wwwwww,0
16836.856,wwww,0
16838.387,めっちゃ増えたｗ,1
16838.522,www,1
16838.569,www,1
16841.818,www,1
16876.134,わん,0
16877.158,わん,0
16880.861,ナイス,0
16881.35,ないす,0
16881.761,わん,0
16894.256,まじ！？,0
16895.153,うま,0
16907.636,ないす！,0
16910.349,いいよー,0
16917.774,ナイス姫,0
16934.327,www,1
16934.428,www,1
16935.215,www,1
16938.766,こそ泥アズールもいます,0
16942.267,www,1
16959.605,姫はやいw,1
16962.42,ｗｗｗｗ,0
16963.081,姫？,0
16963.722,爆速エントリーで草,0
16964.111,姫がイケイケすぎる,0
16965.264,おてんば姫か,0
16974.633,nt,0
16975.441,nt！,0
16975.744,nt,0
16979.221,ww,1
16979.37,nt!,0
16981.114,nt,0
16981.474,nt!,0
16982.28,護衛はどうした護衛は,0
16982.41,www,1
16982.888,wwwwww,0
16984.209,wwwww,0
16985.673,姫についていけないほうが悪いか,0
16986.009,wwwww,0
16986.495,nt,0
16987.329,nt,0
16994.094,wwwww,0
16996.616,姫は止まらないww,0
16996.908,wwww,0
17001.937,wwww,0
17002.988,おもろすぎるw,1
17004.152,www,1
17009.486,www,1
17009.789,おもろいなあｗｗ,0
17012.189,姫ー笑,0
17014.434,ノンストッププリンセス,0
17088.13,プラント,0
17088.983,ナイス設置,0
17104.771,おっしいい,0
17106.064,nt！おしい！,0
17106.716,おしい,0
17107.166,nt!,0
17108.248,nt!,0
17108.394,nt!,0
17108.933,おしい！nt！,0
17109.523,nt!,0
17110.787,nt,0
17111.388,nt,0
17112.219,nt,0
17113.519,nt,0
17116.723,nt！,0
17117.697,nt,0
17121.166,ママ,0
17122.026,nt,0
17188.542,わかってんなｗ,1
17189.032,わからせてるw,1
17189.527,www,1
17189.811,wwwww,0
17192.283,ｗｗｗ,1
17193.837,www,1
17238.116,うめえな,0
17242.717,www,1
17242.867,おおｗ,1
17245.831,www,1
17254.992,nt！,0
17259.342,nt!,0
17260.842,nt,0
17261.496,nt,0
17262.033,ナイス削り,0
17265.72,ナイス持ち帰り,0
17266.81,nt,0
17269.083,いい削りだなぁw,0
17307.708,つよ,0
17355.283,えぐw,1
17363.497,ｗｗｗ,1
17367.378,www,1
17369.031,バレたか,0
17381.826,うま,0
17390.171,うま！,0
17392.555,おしい！！,0
17392.957,あｗ,0
17393.594,あ、ｗ,1
17394.963, www,1
17396.182,wwww,0
17396.24,まじかあああおっしいいい,0
17397.567,www,1
17398.325,ｗｗｗ,1
17398.386,ww,1
17399.05,nt,0
17399.299,wwwwwwww,1
17399.886,あっwww,0
17400.813,あ、ずーる,0
17400.883,あwww,0
17401.074,wwww,0
17401.371,負けた,0
17401.47,あああああ,0
17401.585,ww,1
17401.694,あ、ずーるさん,0
17401.7,www,1
17402.258,nt,0
17402.275,nt,0
17402.428,まじかよ！！,0
17402.469,おしいww,1
17404.308,ｗｗｗｗｗ,0
17407.939,nt!,0
17408.032,WWWW,0
17409.129,wwwwwwww,1
17409.262,あ、ずーる…,0
17410.506,あ、ずーる,0
17414.461,あ、ずーる,0
17415.904,銃口曲がってた？,0
17416.356,www,1
17420.427,wwwww,0
17435.94,www,1
17438.176,ｗｗｗ,1
17438.677,ク、ラシック,0
17439.16,ｗｗｗ,1
17444.615,www,1
17446.217,姫早いw,1
17446.596,姫早いw,1
17451.161,姫wwww,1
17453.49,うわぁぁぁぁぁ,0
17455.437,ボコボコだぁwww,1
17458.171,あわあわ,0
17460.029,wwww,0
17463.794,nt！,0
17466.406,nt,0
17467.137,nt!,0
17467.834,nt！,0
17470.27,nt,0
17470.339,まあまあまあまあ,0
17470.883,nt!,0
17474.286,nt,0
17478.687,気がついたら姫走り出してるw,1
17482.541,一旦お転婆か,0
17482.866,最初の宣言通りになりそうやな、、、,0
17483.083,てんやわんやwww,1
17499.965,www,1
17501.119,www,1
17501.394,www,1
17502.23,周りが遅いだけだよwwww,1
17585.806,www,1
17587.706,あっwww,0
17589.889,www,1
17590.62,ww,1
17592.326,www,1
17592.447,だおwww,1
17595.242,wwww,0
17595.786,ｗｗｗｗｗｗ,0
17595.86,wwwwwwwww,1
17606.255,ないすww,1
17606.369,wwwwwww,1
17606.712,ｗｗｗ,1
17608.664,www,1
17609.671,nt！,0
17609.858,こええwww,0
17610.259,こーれ必死です,0
17611.326,オペ,0
17611.362,ｗｗｗ,1
17611.585,ｗｗｗｗｗ,0
17612.461,wwww,0
17615.723,wwww,0
17624.18,wwwww,0
17625.661,wwwwww,0
17631.168,www,1
17659.769,でたwほらっwwww,1
17684.988,限界だーwww,1
17687.358,あっ,0
17688.549,www,1
17690.532,地獄ww,1
17690.624,ｗｗｗ,1
17691.8,HAHAHA,0
17692.904,www,1
17694.64,www,1
17694.902,www,1
17696.565,極限すぎるw,1
17721.058,でかい,0
17722.422,ないす！！！,0
17724.583,ないす,0
17724.82,ないす,0
17727.213,蘇生でかすぎた,0
17730.475,目標達成です,0
17734.994,タレット撃った時は終わったかと思ったｗ,0
17764.024,ないす！,0
17764.36,ナイスワン！,0
17764.639,ないすわん！,0
17765.608,わん,0
17775.107,つー,0
17775.755,ナイスツー！,0
17779.871,つー,0
17781.261,強いよー,0
17782.949,ないすつー！,0
17787.767,ナイス！,0
17855.116,www,1
17855.343,wwww,0
17856.303,www,1
17856.423,ないすーー！！！,0
17857.294,www,1
17858.241,ｗｗｗｗｗｗ,0
17859.486,ナイスナイスwww,0
17860.581,ないすwww,0
17862.554,wwwww,0
17864.74,ええぞええぞｗｗ,0
17873.125,www,1
17878.144,かわいそすぎるｗ,1
17885.985,面白すぎるw,1
17920.848,凄い悲鳴w,0
17973.045,ナイス！,0
17975.243,ないすわん！,0
17994.467,ないすー！！,0
17998.301,ナイス,0
17999.889,追いつけるよ,0
17999.953,ないす！！！！,0
18014.129,守マ６本あるよー,0
18015.407,www,1
18018.941,www,1
18025.211,www,1
18036.299,ｗｗｗｗｗ,0
18038.984,ｗｗｗ,1
18041.012,ぎいやあああｗ,1
18041.192,ｗｗｗ,1
18043.67,alphaさんw,1
18043.617,驚き方よwww,1
18044.24,www,1
18044.993,wwwwww,0
18047.806,www,1
18047.914,悲鳴よwww,0
18055.617,アルファさんの悲鳴独特なんだよｗｗ,0
18085.334,つよ,0
18098.404,ナイス！,0
18101.219,わん,0
18101.181,ないす！,0
18111.103,人数有利,0
18122.168,www,1
18122.918,だお？,0
18139.149,ないす！,0
18140.093,ないす,0
18140.518,ないす！う,0
18144.661,6本折り返しでかい！,0
18148.827,一人せーのｗ,1
18150.235,ｗｗｗ,1
18162.662,www,1
18163.271,スキルには準備必要なんだよね,0
18168.565,みんな過保護w,1
18168.893,6-6でけぇ,0
18172.994,姫を困らせないでくださいｗ,0
18224.691,ナイスパラ,0
18233.594,バカガンダやんww,1
18235.444,ナイス,0
18236.078,ないす,0
18238.638,あっぶないすｗ,1
18246.264,wwww,0
18247.286,ないす！！！,0
18248.816,wwww,0
18253.543,www,1
18268.588,ニコニコでSG,0
18271.125,やり返すか,0
18285.193,コミュニケーションへたか？,0
18290.11,ギアさんよく抜くな,0
18298.357,www,1
18302.682,wwww,0
18305.76,ww,1
18306.961,ｗｗｗｗ,0
18308.01,ｗｗｗｗｗｗｗ,1
18309.376,ｗｗｗ,1
18310.374,wwww,0
18310.383,ガチ悲鳴w,1
18311.198,wwwwww,0
18311.665,ｗｗｗ,1
18311.739,wwwww,0
18311.936,www,1
18312.284,www,1
18314.564,wwww,0
18314.75,wwwwwwwww,1
18314.896,wwwww,0
18315.949,ww,1
18316.599,事件が起きてた,0
18319.527,w,1
18319.58,wwwww,0
18319.707,リバーブしてない？ww,0
18320.04,ｗｗｗｗｗ,0
18321.447,ｗｗｗｗｗｗｗｗ,1
18322.099,wwwwww,0
18322.441,草,1
18322.728,だっっっっっっ,0
18322.844,www,1
18323.431,wwwwwwww,1
18325.831,www,1
18325.844,wwww,0
18327.116,wwww,0
18327.243,ｗｗｗｗｗ,0
18327.868,wwwww,0
18328.059,wwwwwwww,1
18330.198,何の戦い？ww,0
18331.1,めっちゃフラグ回収速かったな,0
18332.472,ひなーのの声ハウってない？,0
18334.389,おもろｗｗ,1
18349.082,なんか見本見せるみたいな雰囲気あったんだけどなぁw,0
18356.043,3人ジャッジｗ,1
18357.248,www,1
18357.49,www,1
18361.578,ぎやぁあああｗ,1
18398.954,あっw,0
18402.746,nt,0
18403.143,www,1
18403.637,nt!,0
18404.294,www,1
18406.168,nt！w,1
18406.354,nt,0
18407.265,nt！,0
18408.161,ﾊﾞｳ,0
18408.455,nt,0
18408.521,nt!,0
18409.085,nt,0
18409.293,うーんww,1
18412.886,nt!,0
18413.163,ふう,0
18414.401,ないエコ,0
18414.483,嫌な音してるって,0
18416.482,nt！,0
18433.293,wwww,0
18437.876,半笑いやんww,1
18439.93,www,1
18440.58,逆にねｗ,0
18473.191,削った,0
18493.304,え？,0
18493.334,www,1
18494.123,www,1
18494.377,姫ｗ,1
18494.691,wwwwww,0
18495.034,wwwww,0
18496.295,姫？www,1
18497.073,ｗｗ,1
18497.198,ｗｗｗ,1
18498.256,www,1
18498.505,ｗｗｗ,1
18499.254,www,1
18499.898,www,1
18500.028,www,1
18504.411,姫ぇ？w,0
18504.671,hahahaha,0
18516.897,声出さずに笑ってるの良いなｗ,1
18542.78,nt!,0
18543.876,nt！,0
18544.797,nt,0
18545.029,nt！,0
18545.194,nt,0
18545.599,nt!,0
18545.737,nt!,0
18546.929,nt,0
18547.242,nt,0
18547.897,nt,0
18550.643,nt!,0
18557.294,ここからここから,0
18618.812,nt！,0
18619.363,nt!,0
18619.914,まぁまぁまぁまぁ,0
18621.503,nt,0
18622.068,nt,0
18622.169,nt!,0
18624.06,nt!,0
18624.052,nt!,0
18625.652,wwww,0
18626.682,nt！,0
18629.229,踏んだり蹴ったりｗ,1
18630.784,www,1
18682.324,ナイスワン！,0
18684.613,ないすわん！,0
18684.613,わん,0
18693.614,ないすつー！,0
18693.985,ナイスツー！,0
18701.259,naisu！！,0
18703.172,つよー,0
18703.6,ないす！,0
18723.617,オペ強奪成功,0
18741.369,ナイスウルト,0
18764.549,ナイスナイス,0
18764.938,www,1
18766.417,ナイス連携！,0
18771.222,ナイスｗ,0
18779.065,ないすわん！,0
18779.637,ないすわん！,0
18780.413,ナイスワン！,0
18780.614,わん,0
18783.507,ナイス引き,0
18802.561,ミミミド,0
18802.983,みみーとｗ,1
18803.857,ｗｗｗ,1
18804.647,www,1
18805.712,ｗｗｗｗ,0
18807.012,www,1
18807.26,ないす！w,0
18810.018,ミント報告ナイスwww,0
18810.471,みみーとw,1
18815.185,www,1
18825.213,新手のベイトｗ,1
18833.627,ｗｗｗｗｗ,0
18839.413,wwww,0
18840.952,笑うなw,1
18844.673,いちゃいちゃしてんなあ,0
18846.632,うふっ,0
18847.199,wwww,0
18847.648,ww,1
18849.739,イチャイチャすなぁーwww,1
18851.049,この空気良いわあｗｗ,0
18888.132,ないすわん！,0
18888.955,うまい！,0
18890.948,わん！,0
18931.033,つー！,0
18932.173,ナイス！！,0
18933.031,ないすつー！,0
18941.379,ナイス,0
18943.07,ないす！！！,0
18949.11,ないす！,0
18969.659,武器買ってない！,0
18974.804,武器は？,0
18978.123,武器が,0
18979.939,あら,0
18987.182,あらま,0
18989.103,今日のか,0
18993.0,奪うしかない,0
19002.068,ｗｗｗｗ,0
19002.811,w,1
19002.976,wwwww,0
19005.427,www,1
19005.547,www,1
19005.585,なにしてんのｗｗｗ,1
19005.73,www,1
19008.812,ありゃwww,0
19008.989,wwww,0
19011.829,WWW,0
19017.358,そりゃそうｗｗ,0
19017.517,ぶ、武器は渡してないから、、、、,0
19047.407,めっちゃ確認してたから気付いてると思ったわ,0
19079.636,ｗｗｗｗ,0
19080.728,wwww,0
19081.666,きっw,1
19081.78,www,1
19081.846,nt,0
19082.311,nt,0
19082.612,wwwww,0
19082.646,ジャッジｗ,1
19083.037,バウ,0
19083.769,nt！,0
19084.432,www,1
19085.84,nt!,0
19086.675,wwww,0
19086.93,ぎやぁー,0
19087.497,nt!,0
19087.585,nt！,0
19088.902,nt,0
19088.917,w,1
19089.649,でたあああw,1
19090.252,nt,0
19098.69,これはクるなぁ,0
19098.75,一丁！,0
19113.102,トムとダルで迷ってるのかと思ったらw,1
19126.557,ないすわん！,0
19127.424,ナイスワン,0
19130.024,www,1
19130.328,キッス,0
19131.989,きsssｗ,0
19133.377,kiss,0
19133.369,きっsss,0
19134.148,www,1
19134.415,wwww,0
19138.148,やっぱりジャッジかぁwww,0
19147.104,wwwwwwww,1
19147.199,ｗｗｗ,1
19147.439,ｗｗｗ,1
19147.471,ないす！！,0
19147.738,wwwww,0
19149.387,www,1
19149.333,その悲鳴やめてくれｗｗｗｗ,1
19150.754,wwwww,0
19151.061,www,1
19152.826,ほんまにw,1
19153.409,ナイスナイスwww,0
19153.606,ギヤーーw,0
19156.227,ギィャァァァ,0
19158.4,ジャッジ狂ってるｗ,1
19158.938,アズール悲鳴まじでおもろい,0
19158.949,wwww,0
19162.676,ナイス！,0
19187.124,APEXしてない？ｗえびお,0
19196.231,ｗｗｗ,1
19196.737,ｗｗｗｗｗｗ,0
19200.444,あららww,1
19201.14,www,1
19202.365,www,1
19204.447,www,1
19206.31,www,1
19207.136,あら？www,1
19212.001,あwww,0
19212.14,集中力がもうw,1
19212.555,ひなーのとろーるなの,0
19222.997,いまの深いやつ？,0
19234.945,www,1
19235.409,え？ww,1
19239.742,www,1
19247.057,何があったんだろw,0
19259.551,わんよ,0
19262.582,おしい,0
19267.859,もう一回遊べるドン,0
19276.993,ナイスナイスgg,0
19278.658,gg,0
19282.335,ないす！！！gg!,0
19282.46,ないす！！,0
19286.559,シュラウドステップで移動した先に敵がいて、普通に失敗したやつやねｗ,0
19286.919,gg,0
19296.531,普通にネオンいい感じだったな,0
19302.176,カロリー高いなぁ,0
19312.006,ギィヤァァァおもろかった,0
19314.645,gg,0
19320.293,勝ち逃げ大事w,0
19321.292,お疲れさまね〜,0
19324.443,お疲れ様～,0
19327.948,お疲れ様でしたー,0
19327.922,お疲れ様でした,0
19328.434,お疲れ様でした〜,0
19329.882,お疲れ様ー,0
19330.701,お疲れ様でした！,0
19332.235,おつかれさまでした！,0
19332.498,お疲れ様でした～,0
19332.658,お疲れ様！,0
19333.541,お疲れ様ですー！,0
19334.058,お疲れさまやで,0
19334.465,お疲れ様でした!,0
19334.561,お疲れ様でした,0
19335.727,おつかれなーの,0
19336.951,皆さんお疲れ様でした～,0
19338.263,お疲れ様でした！,0
19338.652,お疲れ様,0
19339.136,お疲れ様でした,0
19339.444,今までこんなにショットガンの警戒したことないよなぁww,0
19340.489,皆さんお疲れ様でした,0
19340.871,おつ～,0
19341.554,おつかれさま！,0
19341.624,お疲れ様でした,0
19341.714,お疲れ様でした〜,0
19341.867,お疲れ様でした,0
19343.706,お疲れ様でした～,0
19345.389,久しぶりにおじちゃん達との絡み見れてよかった,0
19346.134,おつかれさまでした〜！,0
19346.598,お疲れ様～,0
19349.074,はーい,0
19349.437,お疲れ様でした〜,0
19349.55,ジャッジの悪夢をみたねｗ,0
19349.984,りょーかい！,0
19351.229,まーカロリー高かったなｗｗ,0
19351.109,はーい,0
19351.898,了解！,0
19352.176,お疲れ様でした！ジャッジの怖さを知るカスタムだったw,0
19353.572,了解,0
19354.281,はーい,0
19354.57,お疲れさまでした！,0
19355.661,はーい,0
19355.824,りょうかいです！,0
19356.93,お疲れ様〜〜,0
19357.585,お疲れ様でした！,0
19358.908,はーいおつひな～～～,0
19359.294,お疲れ様,0
19361.488,りょーかい,0
19361.643,ゆっくり休んでね,0
19361.787,はーい,0
19361.801,あいー,0
19362.335,お疲れ様でした！,0
19362.538,了解だよ,0
19363.247,いっぱい寝な〜〜,0
19363.618,ポキ農のからみ久々に見れて楽しかった,0
19365.225,まあハイカロリーだったしｗ,0
19365.351,あいよー,0
19366.12,おけー,0
19367.004,はーい！,0
19367.472,了解！,0
19367.48,ゆっくり休んでね〜〜,0
19368.314,お疲れさまでした!,0
19369.725,www,1
19369.852,決まったら教えてね,0
19369.885,はーい,0
19370.524,来週新衣装だね,0
19372.609,ゆっくり休んでね,0
19374.881,wwww,0
19376.642,ゆっくり休んでね,0
19377.353,おつひなー,0
19380.265,おつかれさまー,0
19381.126,お疲れ様,0
19381.487,じ、ゃっじ,0
19386.029,まじでたのしみ,0
19386.391,気になる,0
19386.715,楽しみです！,0
19389.072,新衣装マジで楽しみ！,0
19389.631,新衣装まじで楽しみ,0
19390.302,やったーーー,0
19391.967,うおおおおおおおおおおおおお！！！！！,0
19392.088,おお,0
19392.209,新衣装楽しみ！！！！！,0
19392.258,楽しみ！,0
19392.782,お歌とってもよかった！新衣装楽しみ！,0
19392.846,楽しみ,0
19392.981,たのしみ！！！,0
19393.048,おつかれやで,0
19393.093,WAKWAKが押し寄せてきてる,0
19393.179,来週の新衣装楽しみ！,0
19393.505,ありがとうポキ農；；,0
19394.676,たのしみー！,0
19394.775,またちらちら見せてくれるんか？,0
19394.946,楽しみすぎる！！,0
19395.147,気になる〜！,0
19395.207,新衣装きた！,0
19395.23,楽しみ~,0
19395.38,ﾔｯﾀｱｱｱｱｱｱｱ,0
19397.515,楽しみ〜,0
19398.931,うおおおお,0
19399.81,ポキ農見れてよかた,0
19400.267,楽しみ！！,0
19401.322,スパン短いな,0
19401.33,まじで楽しみ,0
19401.755,楽しみ！,0
19401.886,ｷﾀｰｰｰｰｰ,0
19402.125,たのシミ,0
19402.391,楽しみ〜,0
19402.493,きちゃきちゃー,0
19402.973,はーい,0
19403.445,可愛い感じ？？？,0
19403.651,フォー,0
19403.99,おお,0
19404.634,おお！,0
19405.07,おおおおお,0
19405.662,うおおおおおお,0
19405.885,おー！！！,0
19406.759,おお！！！,0
19406.867,楽しみだ,0
19407.123,お！,0
19407.229,おお！,0
19407.392,今の衣装は見納め？,0
19408.001,楽しみ,0
19408.558,おお！,0
19408.661,やった,0
19409.646,おおおおお！,0
19409.9,おおおお！！！！,0
19410.697,お！,0
19411.528,おおおおお！,0
19411.817,お！,0
19411.866,うおおおおおお,0
19412.271,頑張って,0
19412.436,おぉ,0
19413.346,おお〜,0
19413.583,おおー！,0
19414.446,まじ楽しみ,0
19415.113,新衣装楽しみ！,0
19417.01,おお！,0
19417.46,楽しみ！！,0
19418.885,ファイティン！,0
19421.022,あんたが出ないで誰が出るんだよ！,0
19421.151,両方楽しみや〜,0
19422.54,バタバタになるか,0
19422.989,おおおおお！！,0
19426.761,楽しみいっぱい！！,0
19428.637,ほな休めるときにはしっかり休んでもろて,0
19429.264,SBIのやつも楽しみ,0
19430.202,はあい！！,0
19431.046,はーい！,0
19431.285,はーい,0
19432.08,楽しみにしてます！,0
19432.233,はーい,0
19432.963,曲も聞いたよー,0
19436.269,おつ,0
19437.255,owリベンジがんばって！,0
19438.857,楽しみなことたくさんだああ,0
19439.937,おつ,0
19440.006,頑張れ！！寂しがりや少女！！！,0
19442.012,楽しみ！,0
19442.449,おつ,0
19442.548,crカップガンバ！,0
19443.114,otuhina,0
19446.067,おつ,0
19450.12,案件のときのよんだっけ？,0
19450.342,おつ,0
19452.682,楽しみなこと多くて嬉しい〜！,0
19453.209,出たよね,0
19453.726,バイチッ,0
19454.408,エモかったよ,0
19454.746,でたわね,0
19455.735,おつ,0
19456.176,めっちゃ良かった,0
19456.302,聞いたよ！むっちゃ良かった！,0
19456.822,おつ,0
19457.302,まじで良い,0
19457.356,めっちゃよかった,0
19457.921,まじでいい曲だった,0
19458.226,めっちゃよかった,0
19460.581,おつ,0
19461.596,めっちゃよかった〜,0
19462.121,あい,0
19462.688,聴いたけどひなのちゃんわかりやすかった！,0
19463.571,エモエモでした,0
19463.967,ひなのソロパートよかっつあよ,0
19464.63,泣いた；；,0
19466.11,おつひな,0
19467.208,良きだった,0
19467.489,きいたよ！,0
19468.931,そういえば遅延配信の時にアカペラリクエストしてる人がいたのってどうなった？,0
19469.889,むっちゃよかったです,0
19471.938,おつ,0
19472.948,おつ,0
19473.679,おつ,0
19475.919,おつひな～,0
19475.968,おつ～,0
19476.068,おつひな〜,0
19476.422,おつ〜！,0
19476.513,おつひな～,0
19476.556,おつひな,0
19477.088,おつ,0
19477.179,おつ,0
19477.991,おつ,0
19478.803,おつ,0
19479.887,おつ,0
19479.963,おつ,0
19480.199,おつはな,0
19481.862,おつ,0
19482.0,おつ,0
19482.094,おつ,0
19482.096,おつ,0
