コメント,ラベル
概要欄のエクス分身してて草,1
葛葉不破でタイトル同じなの草,1
草,1
ふわっちと同じタイトルw,1
ふわと仲良しタイトルでいいねｗｗ,1
タイトル一致草,1
ふわと仲いいなｗ,1
逆に奏斗が居ないのかw,1
これどっちかがタイトルパクったやろｗ,1
雲雀とはOW2で一緒でしたよ,1
いいむw,1
うあｗ,1
タイトル一緒だねw,1
偶然なん？ｗ,1
おもったｗ,1
すごいよw,1
ww,1
わざとじゃないんかw,1
すげえ笑,1
思考が同じｗ,1
すげえw,1
ええw,1
そんなことある？ww,1
ふわっちとタイトルオソロは草,1
ええww,1
意図的かと思ってたｗｗ,1
すごw,1
偶然？！笑笑,1
すげぇｗ,1
タイトルシンクロは見たことないww,1
偶然なん！？w,1
おもろw,1
偶然なのww,1
すげぇw,1
揃えたと思った笑,1
通じ方やばいw,1
思考が似通ってるw,1
一緒にした訳じゃなかったんw,1
いよいよ同一化かw,1
シンクロｗ,1
奇跡w,1
たまたまなの草,1
偶然なんかw,1
前も同じタイトルだったしなｗ,1
すごいw,1
偶然なのかw,1
合わせたのかと思ってたw,1
さすがすぎw,1
にゃあーw,1
まあそれもすごｗ,1
合わせたのかと思ったwすごい！,1
思考いっしょw,1
すごすぎるw,1
怖いよｗ,1
若干違うのがリアルですごいww,1
タイトル合わせたんじゃないんだw,1
合わせてるのかと思ったw,1
仲良しw,1
みらいさんw,1
未来さんw,1
シンクロすぎて草,1
なぜw,1
逆にｗ,1
ならスカイの方がww,1
逆にねｗｗ,1
あらw,1
大丈夫かｗ,1
そんなにww,1
そんな当たらんのｗ,1
声でかw,1
やばいw,1
ならかさんすでにお母さんみたいw,1
やってたねw,1
FPS離れてるw,1
塊魂w,1
w,1
おせぇw,1
ちっかｗ,1
にゃらか元気いっぱいで可愛いなｗｗ,1
ナイスゥ,1
あw,1
がんばれ〜,1
ナイス,1
GO,1
ｗｗ,1
なにが起きてる？,1
ナイスゥ！,1
何が起きたw,1
エイム終わってるかw,1
まじでｗ,1
なんも聞こえてねえw,1
何今のw,1
まじで小さいw,1
音小さいw,1
わちゃわちゃ,1
きこえないw,1
まるで仲間w,1
たまがあ,1
今のなにww,1
上手くね？笑,1
ラグーザコールｗ,1
タイトル回収,1
ほんとにちっちゃくて草,1
ちっさｗ,1
敵陣に囲まれてたw,1
せやなw,1
おもろプレイきちゃｗ,1
タイトル回収はやすぎたw,1
オーメンシェリフえぐいｗ,1
弾当たらなさすぎて諦めてたしなww,1
敵に囲まれてたw,1
ナイフ持ってるKOいるわオーメン後ろ向いてるわｗ,1
本気って何w,1
れちご,1
どまw,1
れちごー,1
久々で弾当たってなかった,1
やばｗｗ,1
当たらんw,1
沼w,1
あたんねぇｗ,1
どまｗ,1
0!?,1
さすがに神エイムかも,1
今日すごいかw,1
あたるわけねえだろ,1
1発も当たってなくて草,1
0w,1
神エイムうおお,1
紙エイムきた,1
ゲーム音ちっさ なの草,1
マジでタイトル回収w,1
神エイムすぎた,1
りりむに撃ち負けたw,1
まさかの0,1
ドローンがww,1
ほんとにやばそうww,1
ほんとに当たってねえ,1
沼,1
ぜ、ゼロ！？,1
0…だと？,1
撃ち方ウィングマンやんw,1
ゼロw,1
タイトル回収ｗ,1
一枚側あんたやw,1
マジでふわっちの共鳴率がたっけえ,1
omg,1
どま,1
弾あたるわけねえだろ！,1
タイトルに偽りなしで草,1
対よろ,1
わっちゃわちゃｗｗ,1
うるせw,1
わちゃわちゃw,1
わちゃわちゃだぁ,1
神すぎ,1
今日凄いぞー,1
当たるわけねえだろカスタム,1
わちゃわちゃｗｗ,1
カスタム名通りだああ,1
混乱してるw,1
わちゃわちゃすぎる,1
やばすぎだｗ,1
わあw,1
戦場すぎるw,1
ひばだけ声ちっちぇか,1
ｗ,1
うぎゃあw,1
めっちやくちゃｗ,1
一旦タイトル通りか,1
賑やかね,1
わっちゃわちゃで草,1
わちゃわちゃ最高,1
わちゃわちゃだw,1
なんだこれw,1
楽しそうｗ,1
いったんタイトル回収かｗ,1
死ぬw,1
すごいなｗ,1
ぱにっくw,1
たのしw,1
お腹いたいw,1
わちゃわちゃで草,1
タイトル回収かw,1
打ち方ロックマンで草,1
タイトル通りw,1
タイトルさっそく回収してて草,1
だれぇ？ｗ,1
音量バランスえぎぃｗ,1
このチームやべぇw,1
おもろいｗ,1
当たるわけねえだろカスタムw,1
リハビリで草,1
タイトルに忠実w,1
owはいいぞ！,1
なんでｗ,1
owに変える？w,1
まさかのＯＷ提案ｗｗ,1
ゲーム変更草,1
始ったばかりなのにｗ,1
タイトル回収草,1
にゃらかの対面どうすんだｗ,1
音量バランスすっごいｗｗ,1
やった当たったw,1
やっと当たったｗ,1
おおw,1
ラッキーヒット草,1
ナイス！ｗ,1
なんでw,1
おみあいw,1
なんだいまのｗ,1
ふわち元気だなww,1
ないす！w,1
ナイスw,1
エビオ草ｗ,1
がんばれ！ｗ,1
見つめあったw,1
ABO笑,1
がんばれw,1
がんばれ！w,1
それはいつもやってくれw,1
いいねｗ,1
死ぬなw,1
37かw,1
がんばれ〜w,1
もう懐かしいなw,1
本気はしぬの含めなんだw,1
がんばれー,1
うまーい,1
あらｗ,1
あ,1
エイムがw,1
撃ち合いがw,1
エイムどうしたww,1
エイム紙すぎたｗ,1
神エイムだw,1
なんか草,1
初戦はしゃあないどら,1
よわいw,1
一旦神エイムか,1
頑張ってw,1
AIM一旦温めたいかｗ,1
神エイムからの土下座,1
おしい！,1
nt,1
ペラッペラや,1
当たらんすぎるw,1
マジで神エイム,1
ないとら,1
神エイム,1
謝罪たすかる,1
弾あたるわけねえだろw,1
スロースターターか,1
一旦ねw,1
ntnt,1
エコw,1
タイトル回収感謝,1
こっからあっためてこうw,1
エコ？ｗ,1
自分のことは棚に上げてw,1
えこらんどw,1
エコラウンドw,1
貴族エコｗｗ,1
なんでやｗ,1
これエコまじかww,1
貴族エコｗ,1
貴族のw,1
エコは草,1
いまんとこタイトル通りだなｗ,1
有言実行ではあるw,1
エイムまずいね今日w,1
うぜえｗｗ,1
徐々にあっためてこw,1
勝てる,1
頑張れ〜,1
全部が腐る！,1
ねー,1
腐らすきちゃ,1
腐らすw,1
でた！腐らすw,1
追突した,1
腐るのか？,1
ｳﾙｻｲﾅｧ,1
バードストライク,1
鳥さんパタパタでわろた,1
一旦ロールで確定回復するか,1
鳥が顔面に！,1
鳥絡まったw,1
懐いて来たｗ,1
ナイス！,1
どまどまｗ,1
腐らせろ！w,1
腐らせろw,1
めちゃくちゃww,1
どまどまw,1
これはひどいw,1
ほんま草,1
？,1
まずいか,1
とんでもないなww,1
おもろｗｗ,1
ﾆｸｸｻﾗｾﾛー！,1
酷すぎるw,1
高め高めだよー,1
たまあたるわけねえだろ,1
腐らせろ？,1
4！？,1
今日やばいぞw,1
あたりませんｗ,1
被害者沢山w,1
4はあんま見んなぁw,1
くさ,1
おもろすぎｗ,1
面白いｗ,1
色々ひどいw,1
走りうちヤバすぎるw,1
すげぇええw,1
終わってらw,1
ほんと草,1
おもろすぎ,1
スパイおるって！,1
実質ace,1
本当に好き,1
タイトル回収すごいｗｗ,1
全アウトw,1
笑い止まらんw,1
やばすぎるw,1
賄賂貰ってたかw,1
買収されとるw,1
終わってるよw,1
どんまいw,1
スパイいたかｗ,1
がんばれｗ,1
スパイおるってw,1
八百長やんw,1
テッカテカでわらうw,1
そういう意味の腐らすねw,1
みんなにサングラスあげなきゃw,1
人狼ばろ始まった？ｗ,1
５フラッシュナイス！ｗ,1
重りでしかないw,1
おもろすぎw,1
相手のフラッシュ上手いな〜w,1
相手走り打ちやったし笑,1
内側からw,1
今日ほんとまずそうだなw,1
ヴァロ人狼してたかｗ,1
お前本当に葛葉か？ｗｗ,1
ヤバすぎバトル始まったｗ,1
まぁ今の走り打ちはヴァロやってたらわかるｗ,1
仲良しカスタムでしか許されない利敵ww,1
今日ヤベェなw,1
マジでずっとケイオーが下手すぎるw,1
別ゲーしてらあw,1
撃ち方やばすぎｗ,1
ナイスOW,1
思い直したw,1
だめじゃんw,1
ナイスow,1
かわんねぇw,1
なんもあたらんかw,1
認識がズレてるw,1
OWは余計当たらん,1
概要欄、俺ら魔法使いで草,1
いつもならw,1
あたるわけねぇだろカスタムだもんねw,1
ゆっくりエイムあっためてこｗ,1
多少やんなくてもそんな下手になることないってｗ,1
エイムがいないねw,1
マジで草,1
笑いすぎて震えてんじゃん,1
まだ２D草,1
初戦だからみんな慣らしてこw,1
CROWだっけ,1
ポリゴン多いねw,1
この人殺し！,1
言い方ｗ,1
今更だろw,1
ないす,1
サイコもいます,1
うっま,1
通報した,1
葛葉おでんきちゃ,1
きめぇ武器持ってるなー,1
んふふw,1
ないすー,1
ないす人殺しw,1
相変わらずシェリフうめ,1
やっちまったんだな,1
nice,1
裏取りナイス,1
えーいw,1
でか,1
理解できない,1
おお,1
おちょくるなｗ,1
うざw,1
いいねw,1
いいよw,1
甘えピークえぐいｗ,1
動きやばくて草,1
うまｗ,1
きめえw,1
ピーク草,1
ナイスゥw,1
楽しんでるなぁw,1
楽勝ー,1
うえーい,1
いいねいいねw,1
ナイスゥ〜w,1
逃げるの上手くて草,1
鬼ごっこしてるww,1
ダルすぎるww,1
うえ〜いw,1
うまw,1
ナイスゥｗ,1
ホントいやらしい動きw,1
きめぇ〜w,1
やれやれｗ,1
きもくて好きｗ,1
いいねぇｗ,1
なんだこのゲームw,1
うまいのなんだw,1
なんかね！w,1
ぶちころせーw,1
なんかねww,1
こんな感じでチームスコアリーダーかw,1
ふわっち草,1
ビビるw,1
工事いいねｗ,1
1枚ww,1
ntどまｗ,1
見事にやられてるw,1
でけぇｗ,1
色気だすんだw,1
wkwkw,1
ふわっちうめぇ…ww,1
ケイオーの撃ち方やばくね？笑,1
ないすｗ,1
新曲w,1
ずっとw,1
ずっとエコでいいのにw,1
ずっとエコｗ,1
ずとえこ草,1
ずとえこｗ,1
流行りのドライｗ,1
ひっくｗ,1
うああｗ,1
誰？w,1
声ｗ,1
ナダルの声やめてw,1
足音w,1
ベイトw,1
声wｗ,1
いててｗ,1
裏だったｗ,1
クリアリングがw,1
笑い方w,1
あww,1
後ろだったｗ,1
笑い方ｗｗ,1
おわってるw,1
何その声w,1
さすがにかw,1
血だらけw,1
酷すぎるぜ兄貴笑,1
えぐいw,1
きたなｗ,1
最後のマヨネーズｗｗ,1
例えがw,1
たとえうまｗ,1
逃げないのやばい笑,1
諦めたw,1
マヨネーズｗ,1
んふふww,1
例え草,1
マヨネーズわかりすぎるw,1
例えが終わっとるw,1
わちゃわちゃおもろw,1
ギリ足りない量w,1
例えw,1
ナイス声出しw,1
バケモンすぎるw,1
i want a cutie instead,1
まーるでｗ,1
刺さるの草,1
オフアングラーきたｗ,1
うめい！,1
調子ノってきたね~！,1
ないす！,1
ナイスゥ～！,1
急に戻ってきた,1
ナイスー！,1
ないすないす！,1
うめぇ,1
ないすー！,1
うっま！,1
ないすうう,1
ナイス〜,1
当たってきた！w,1
ZETAみたいなことするじゃんｗ,1
急にエイム戻ったw,1
バグってるw,1
がくがくｗ,1
ぶるぶるw,1
設置葛葉だよw,1
くずは　設置忘れてるｗ,1
設置ｗ,1
草ないす,1
嘘でしょw,1
設置できんw,1
設置草,1
つよw,1
葛葉さーんw,1
設置忘れてんなw,1
ないすw,1
何がなんだかw,1
終わっってるww,1
忘れてたなw,1
えw,1
設置w,1
まじで草,1
お弁当抱えてたｗ,1
ないすうw,1
忘れてんなぁw,1
ナイスww,1
何が起きてたのかw,1
単細胞してるw,1
5ー4ではないけどw,1
頭温めてくかw,1
5:7ねｗ,1
算数がw,1
５４は折り返さないｗ,1
頭起きてないぞww,1
まだ寝てない？w,1
起きてないかw,1
起きてねえw,1
ほんまにほわほわｗ,1
ふわっちww,1
大丈夫？ｗ,1
にゃｗ,1
てか誰も突っ込まない当たりみんなも寝起きかもww,1
てぃーむw,1
会話草,1
久しぶりに聞いたそれw,1
今のやばくて草,1
共鳴しとるw,1
ふたりだけで共鳴すなw,1
おれリリさんの笑い方好き,1
共鳴してるｗ,1
AQFみが、w,1
リリさんずっと疑問でおもろいw,1
りりむw,1
だれだw,1
風神雷神言い得て妙で草,1
形相やばそうw,1
吹いたw,1
トコトコスカイりりむかww,1
やばｗ,1
多すぎるｗｗ,1
いっぱいいるｗ,1
めっちゃいるw,1
ん！？w,1
うわああw,1
剣ｗｗ,1
なにがなんだかw,1
最後一刀両断して草,1
がくがくやなw,1
ないすないすw,1
なんだこれｗ,1
こわw,1
Aショまじで100人いたなｗ,1
怎么都发个草？草什么意思？,1
ナイスだけど草,1
引っ越した？w,1
あったねｗｗ,1
あったねw,1
あったなｗ,1
ピン高いなぁw,1
あーあったｗ,1
あったなそんなのw,1
あったなぁw,1
久々の韓国勢になったw,1
あったな笑,1
kr ww,1
魔界特定されちゃうw,1
うまいｗｗ,1
うんまww,1
ロックマンエイムw,1
一番知ってる人いるかw,1
コソ練してたのかよ〜w,1
ずっとふわっちとゲームしてるな最近ｗｗ,1
ヒールw,1
ヒール欲しいです草,1
ヒール持ちいないなw,1
ヒール？ww,1
ヒールいないのよw,1
やはりロックマンが鍵かｗ,1
ふわっち銃声より先にやったって言ってるww,1
タイトル詐欺2人いて草,1
銃声なる前に殺ったって言ってて草,1
どういうことw,1
狂ってるw,1
ハユンも振るってないなｗ,1
はい？ w,1
イマ不破草,1
返事の癖よw,1
草草,1
一人セットアップ草,1
あｗ,1
ビビらせ動きｗ,1
本物居るのにイマジナリーとｗｗ,1
DRXのやつねｗ,1
イマジナリーふわっち草,1
意味がわからないw,1
ソロVS草,1
間に合わんw,1
腹よじれるw,1
ちゃんと1人持ってくの草,1
ふわっちソウルは草,1
きたｗ,1
哪位朋友能告诉我“草”是什么意思？,1
モンタゲタイムｗ,1
seoldam w,1
位置バレ草,1
なんか音やばいw,1
草是笑、哈哈的意思,1
ノッちゃったw,1
いてっｗ,1
ホラーｗｗ,1
ないけずww,1
ラッグｗ,1
やったんｗ,1
ラグｗ,1
なああｗ,1
プロなの？w,1
不和プレｗ,1
大丈夫かこれｗ,1
ふわっちの球あたってなかったのにw,1
今日ラグいねw,1
まじでラグいなw,1
あ〜w,1
器用すぎるだろw,1
マルチタスクｗ,1
ちょっとーw,1
fuwaplayerきた,1
器用すぎるｗｗ,1
ややこしそうｗ,1
器用すぎて草,1
すごすぎw,1
ヒトボバロうますぎだろｗｗ,1
むずｗ,1
ぱなしうってるｗ,1
再起しろｗ,1
なんでやww,1
ストファイかw,1
負けてもしてくれw,1
ヒトボでフラグトップ取ってて草,1
もうスト6期間終わったのにw,1
逆や笑,1
それは強すぎるんよw,1
ヒトボでfpsやばいw,1
器用すぎるw,1
勝ってくれw,1
ふわっちw,1
草'的意思是'被嘲笑'。,1
んんw,1
おおｗ,1
リコイルの癖が強いw,1
うっまw,1
視点w,1
おいw,1
やばw,1
タイトル詐欺二人おるが〜？w,1
工事のおじさん二人かｗｗ,1
ダブルw,1
よう勝ったなw,1
なんか全員異様に強くて草,1
タイトル詐欺勢強くね？w,1
いいねぇww,1
買い方忘れてたw,1
嘲笑ではないけどな,1
二人してタイトル詐欺やめてくださいw,1
逃げたｗ,1
クラシックw,1
えぐいｗ,1
おったw,1
なんでナイフで普通にピークｗｗ,1
うわああww,1
視点が怖いw,1
エビオｗ,1
えぐｗ,1
視点やばすぎｗ,1
ほらげ？w,1
らぐｗ,1
えぐｗｗ,1
ラグすぎるw,1
エビオうまw,1
床の跳弾でやってるww,1
イカれてるw,1
らぐww,1
ラグw,1
バグえぐｗ,1
オデンの撃ち方おかしいw,1
視点やっばw,1
ラグえぐいw,1
チーターみたいになってるwｗ,1
ラグ杉ｗ,1
地中撃って当てるやつw,1
ラグいなw,1
どこ撃っても当たる画面だったいまｗ,1
死体撃ちしてるみたいw,1
チーターみたいになってるw,1
やっぱりモクかw,1
ラグいww,1
床撃ってるｗｗ,1
ラグやばいねｗ,1
かなり下のほう打ってたけどw,1
めちゃ攻めw,1
視点きもw,1
どっちもえぐいキルジョイいるww,1
葛葉の回線がオーディンのレートに耐えれてないｗ,1
ラグやばすぎてチーターに見えるの草,1
勝ってて草,1
味方視点毎回1秒みてからころしてんなｗ,1
やられた声でキルしたなww,1
ひばの声が聞こえないｗ,1
流石にかw,1
ナイスって言いながらバカ震えてたw,1
うわぁぁあ草,1
何が起きてるかわからんww,1
終わったら再起した方がいいなこれw,1
金あるんだから買えばいいんよｗ,1
がんばれ～w,1
怖いよあいつw,1
5人ｗ,1
ナイフ癖おもろい笑,1
ふわっちｗ,1
ええｗ,1
らっぐw,1
なんて言ってんのw,1
ラグいオデンww,1
オーディンタップ撃ちしてるみたいｗ,1
ラッグw,1
らっぐｗ,1
らぐすぎるｗｗ,1
えｗ,1
ラグ酷いってw,1
らぐすぎw,1
ラグすぎるｗ,1
ラグやばｗｗ,1
ラッグww,1
ひでぇなｗ,1
ラグえぐいｗ,1
やっばw,1
ラッグいｗ,1
キング・クリムゾンされたやんw,1
ラグすぎｗｗ,1
なんでこんなラグいw,1
え？w,1
らぐw,1
ラグえぐいよぉｗ,1
やべえｗ,1
らっぐいww,1
やっばww,1
画面えぐみw,1
びっくりするねw,1
ラグいｗ,1
ラグすぎww,1
音がw,1
ラグ過ぎるw,1
スタンド能力みたいになってるｗ,1
ラグすぎかw,1
やばいｗｗ,1
これどうなってんだよw,1
時が止まってたw,1
どんどん上がってくｗｗ,1
やばいなこれw,1
やばいｗ,1
ラぐｗ,1
何かと思ったw,1
新時代のヴァロ始まってるW,1
戦闘力ｗｗ,1
まずいｗ,1
戦闘力ｗ,1
敵視点どう見えてるんだろw,1
ショットガンやんw,1
オデンじゃないww,1
二発で壁破壊ｗ,1
えぐw,1
2発で壊れたw,1
何が起きてるｗ,1
一発で全てこわれるｗ,1
単発で草,1
おでんショットガンになったかｗ,1
オーディンじゃないw,1
2発w,1
オーディンが2発w,1
オーディン強すぎw,1
時空超えてるww,1
単発w,1
2発マ？ww,1
which one,1
二発w,1
すげえなw,1
単発オーディン草,1
あれもそうなのかw,1
なるほどｗｗ,1
だからｋｗｗ,1
なるほどｗ,1
なるほどねぇw,1
なるほどw,1
なるほどなw,1
そゆことかww,1
マジかw,1
あれもかw,1
合わせられてたw,1
マヨネーズぶりぶりは伝わってなかったんだｗｗ,1
やさしさw,1
悲しくなっちゃうw,1
うわ気まずいw,1
合わせてたw,1
話し合わせてくれてたんだw,1
合わせるなよw,1
話合わされてたw,1
みんなの優しさやったんやなww,1
ラグの伏線回収やめてw,1
優しさが悲しいw,1
合わせてくれてたのかw,1
気を遣われていたw,1
ひば黙ってたのそれかw,1
idk will he attack me,1
優しさがw,1
みっちゃみるｗ,1
いいね壁抜きｗ,1
わしじゃw,1
わしじゃｗ,1
ミッドとめっちゃいる混ざってるw,1
くそバトルｗ,1
クソエイムw,1
限界沼バトルｗ,1
大沼バトル勘弁してw,1
別ゲーｗ,1
お互いにｗ,1
エペやってる？w,1
タップダンスしないでw,1
ナイスジョイ,1
沼vs沼,1
仁義なき沼バトル,1
すごい見つめ合いw,1
スパイク落ちてたｗ,1
勝てるｗ,1
うおお,1
うま！,1
ナイス!,1
ラグいのに！？,1
ないすう！,1
わお！,1
つっよ！,1
うま,1
ラグの向こう側！？！？,1
うまああ,1
葛葉もしかしてラグくてピークもラグいんじゃない？,1
うぉおおー！,1
ラグあってもうまいんだよねぇ,1
すみすきた？！,1
なんか色々起こってるw,1
二度見した？w,1
ラグいのにw,1
マンチが今日こんなキルしてたなw,1
しゃあなくねえかｗ,1
ラグ利用してる？ｗ,1
ノリにノッてきたw,1
いけめんｗ,1
たま当てろよ草,1
当てろよw,1
優しいw,1
もっとフォロー頑張れよｗ,1
あーあ、泣いちゃったｗ,1
ピングーエイム,1
イケボw,1
メンタルのカバー上手い,1
にゃらか…,1
りりむいなくても出来るね‥,1
このライブのタイトル見てみて？,1
かよちゃんアシストもすごいな,1
ちゃんとホストしてる,1
足ｗ,1
異常聴覚w,1
観戦が特にラグいだけでプレイには支障は今んとこ大丈夫そ？,1
にゃらかいいひと,1
ナイスカバー,1
うあ,1
gg,1
向こう視点どうなってんだろ,1
GG,1
ないすぅ！,1
ナイスゥgg,1
ナイスゥ～！ｇｇ,1
こわ,1
ナイッスゥ！,1
ないす～,1
ナイス！gg,1
ﾅｲｽｩ,1
GG!,1
なぃすう,1
ナイス〜！ GG,1
ナイスゥ！GG,1
いや草,1
エイムもだけど立ち回りがよしｗ,1
悪口言う前提は草,1
何も言ってないよｗ,1
葛葉視点ラグのせいでマジでチーターに見えるw,1
誰も言わないってww,1
絶対言わんやろw,1
言わんわw,1
楽しいやｗ,1
いみないなｗ,1
意味ないw,1
意味ねえｗｗ,1
同じだなｗ,1
一緒やんw,1
同じやw,1
おっしゃる通りでw,1
えぇw,1
意味ないねぇ笑,1
仰る通りでw,1
コートチェンジやんけw,1
兄さんww,1
脳死やんw,1
兄さんw,1
攻守交代なだけw,1
萎え落ち草,1
コーヒー吹きかけたww,1
萎え落ち？w,1
兄さんと勘違いかなw,1
萎え落ちｗ,1
笑,1
勝ったのに萎えたw,1
勝って萎えたんだw,1
萎えたw,1
フラグトップで萎え落ちw,1
何も変わらなくて草,1
あれ？w,1
gHUBの音かｗ,1
ヒトボえぐいてｗｗ,1
いやらしい女,1
ヘソかな,1
えっど,1
センシティブ,1
やらしいは草,1
語弊あるw,1
語弊がある,1
語弊,1
大丈夫か,1
やらしいにゃらか,1
たらい回しで草,1
奈羅花はやらしいと,1
えっっ,1
やらしいか,1
背中がやらしい！？,1
語弊しかないｗ,1
やらしかったか,1
奈羅花はやらしい,1
ど、どこが！？,1
姦しいｗ,1
ちょっとにゃらかやらしいか,1
背中には鬼の顔が…,1
にゃらかはやらしいか…,1
にゃらかは、やらしいw,1
やらしいならか,1
楽しそうな会話w,1
治れー,1
奈羅花やらしい…！？,1
言い方ｗｗ,1
エッッ,1
おや？,1
実際矢らしいし,1
わっはー,1
大丈夫？,1
なんやこれ最高や,1
やめロッテ！,1
ふわっちはなんなんｗ,1
ふわっちw？,1
ワッハー,1
新人やるなあ,1
切り抜きあったな,1
わっはー！,1
ちょっとまずいか,1
さわやかなのにw,1
にけ,1
カオスやん,1
語弊がww,1
ひばの「やらしいんだあ！」,1
にけつ,1
ｲｲﾈｪ,1
NIKKEｗ,1
やっぱそうなんだ！？,1
ニケで草,1
に、け,1
背中で語るｗ,1
にけ？,1
そっちには誰よりもいやらしい男がおるやろw,1
ニケw,1
突然放火されるの草,1
ひまーw,1
おかえり,1
背中(尻),1
おかえり～,1
にゃらしい,1
ニケやん,1
ニケ！？,1
NARAKA,1
NIKKEにならか参戦！？,1
おかえり〜,1
それはえっち,1
よかった,1
おかえりー,1
わちゃわちゃかわいい,1
勝利の女神…！？,1
にけw,1
け、つ,1
ニケ？,1
おかー,1
ちぃ,1
奈羅花NIKKE実装マ？,1
ケツでかたれ,1
にじさんじコラボ！？,1
スケベw,1
もう意味わからんw,1
NIKKEコラボまったなしｗ,1
言い方かさあw,1
にゃらかのすけべやめろw,1
にゃらかすけべ！？,1
にゃらサイファーうまいんだよなーw,1
スケベカメラ楽しみだなｗ,1
ソルダムw,1
ソルダムのスコアw,1
ドスケベやめて？,1
語弊が語弊をうんでいく,1
一旦ソルダムの戦績をチェック,1
ソルダム,1
おねがいしましたｗｗ,1
葛葉沈黙がち草,1
おおーーハユンくんだ,1
りりむ♡,1
モク誰がやるん？ｗ,1
おねがいしました〜,1
めちゃくちゃ強そうだな,1
俺がやる,1
りりむとハユンくんきたー,1
スカイです,1
したｗ,1
指示草ｗ,1
過去形ｗ,1
it scares,1
しましたww,1
しましたw,1
チーム強くね？,1
りりむ～,1
過去形w,1
ハユンだぁ(≧∇≦),1
スカイだろうがよ,1
りりむーw,1
いいむ♡,1
つよそーw,1
２デュエも流行ってるしｗ,1
しましたーw,1
いいむ,1
また始まったｗ,1
いいむだ,1
りりむかわいいわ,1
一旦ソルダムの戦績,1
ハユンくん〜,1
うるさい人だ,1
ヨル,1
早速喧嘩で草,1
りりむほんとにクロちゃんw,1
練習いいね,1
ヨルヨルヨルヨルヨル,1
いいむハユンきちゃ,1
おw,1
うわあｗ,1
いいむ〜,1
おチェンさん！？ｗ,1
ヨル！？,1
まさかの！？,1
兄妹げんか始まりました,1
5でゅえ？ｗ,1
うわ新鮮すぎるな,1
終わった,1
ぶっつけ本番？ｗ,1
モクがいないｗｗ,1
ナイスオーダーw,1
いいむー,1
いいね,1
りりむかわいいね,1
dep！？,1
よりによってファーストタイムレイズｗ,1
モクなし？w,1
5デュエ！？,1
賑やかになってきたｗ,1
レイズ使ってるの見たことない,1
モクいねぇww,1
おわってね,1
葛葉ライズ！？,1
責任を分かち合うと,1
えー、モクいないです,1
葛葉レイズうおお,1
どんなメンツでも面白すぎて草,1
レイズきた！,1
ハユン〜,1
バトルオーメン,1
いいじゃんいいじゃんw,1
まずいかw,1
まじ？！,1
モクやばいな,1
グチャグチャw,1
地獄すぎる,1
尖りすぎw,1
終わってるよｗ,1
バトルオーメンw,1
賑やかすぎる,1
でたバトルオーメンw,1
わちゃわちゃすぎww,1
オーメンする？久々に,1
スカイでは？,1
落ち着かないなこのメンツw,1
奥ｗｗ,1
わちゃw,1
まとまらないww,1
わーわー,1
決まらねえw,1
ふわっち焦るなw,1
スカイ～！,1
オクタン！？,1
バトルほんま草,1
戸惑いすぎw,1
きたあｗ,1
ゲッコーw,1
お,1
わちゃ,1
奥いくわ？,1
ゲッコーきちゃ,1
本人！？,1
ダチョウ倶楽部w,1
お、お、お、お、,1
本人きたああ,1
本人来ちゃ！w,1
ゲッコーうおお,1
きたあ,1
わっちゃりうぇい,1
わちゃりて！,1
わっちゃりうぇーい,1
わっちゃり！？,1
ゲッコーきたああ,1
わっちゃりうぇーいきた！,1
本物や！,1
uおお！,1
VC葛葉？！,1
本人きちやああ,1
葛葉が葛葉使ってる,1
本人うおお,1
ゲッコーきちゃー！,1
ゲッコー！きちゃあ！,1
わっちゃわっちゃ,1
わっちゃりうぇーーい,1
きちゃ,1
葛葉きちゃ,1
きたー！,1
わっちゃりうぇーい！,1
わっちゃりうぇいw,1
落ち着けw,1
葛葉や,1
わっちゃりうぇ〜い,1
うおおあおお,1
キター,1
本物きた,1
ゲッコーきちゃああ,1
本物だああ,1
声が似てると噂の,1
ゲッコー本人きた,1
ゲッコー！,1
本人きた,1
葛葉きたー,1
本人来た,1
え！,1
げこw,1
きたたああ,1
おお！？,1
りりむキャリーってマジ？,1
本人だ！,1
ゲッコーきちゃ！,1
お？,1
面白いな,1
わっちゃりうぇ～い,1
ひっそりいたｗ,1
本人きちゃ！,1
本人きたー！,1
本人きたｗ,1
しれっとチェンバーいるんだよね,1
しれっと,1
ハユン君ｗ,1
おお～,1
チェンさん！？,1
使ってみようの精神w,1
きちゃー！,1
ゲッコー本人やん,1
ユンくん草,1
ユンくん黙ってたなww,1
ハユンw,1
ハユン君なんよほんとｗｗ,1
本人きちゃーー！,1
チェンww,1
ハユン！？,1
本人きちゃああ,1
ハユンｗ,1
気分だよねー,1
本物きちゃ！,1
いつのまに！？,1
チェンバー！？,1
かわいいかよ,1
自由ｗｗ,1
ハユンｗｗ,1
本人きたー,1
ユンさんおチェン好きだもんねww,1
こっそりチェンバーw,1
本人登場,1
本人w,1
本人きたーー！,1
やた,1
使いたいよねえw,1
使ってみよ～,1
いやった！,1
本人だ,1
ご本人だ！,1
本人きた？,1
見たことないチーム,1
チェ・チェンバー・？,1
ハユンならいけるいける！,1
チェンさんだった人多いなｗ,1
わっちゃり,1
ゲッコーうれしい,1
元チェンバーOTPの民だｗ,1
ゲッコー本人いいね,1
ユンくん；,1
やっぱチェンバーだよな,1
コラボキャラきた,1
黙ってるんじゃなくて入る隙がないんだよw,1
エイムで黙らせるんだ,1
きちゃ！,1
やりたかったよねw,1
自由だw,1
ハユンがチェンさんだったか,1
そういう時もある！,1
本人vcきたww,1
ゲッコー本人きちゃ,1
ハンデチェンバーｗ,1
vcきちゃ！,1
でもチェンバーが悪いよ,1
わっちゃりきちゃー！,1
チェンさん取り上げ…！？,1
わっちゃり見たかった,1
VC一致ボーナスこい,1
きえもらー,1
ゲッコーcv葛葉,1
ゲッコーやったー,1
本人ですか？,1
たぷたぷ設置行くぞー！,1
なるほどねw,1
VC助かるw,1
本人ありがとうございます,1
おお？,1
ならやって,1
本人でしょこれ,1
本人きちゃ,1
IQ200,1
葛葉声来た,1
ハユン；,1
今のどっち？,1
天才で草,1
がんばれ！,1
本人きちゃか,1
最高で完璧なチェンバー,1
CV一致ボーナス,1
ゲーム音小さいかもです,1
ふぁいてぃん〜！,1
まじで声似てるなｗ,1
初めてのモクがイレギュラーすぎるｗｗ,1
撃たれて終わりそうw,1
ウィングマンがんばれ！,1
ゲッコーなのか葛葉なのかわからんくなる,1
才能の原石達だから！,1
ならかママだw,1
ヘブンは…？w,1
ゲッコー似てんなあ,1
バカと天才は紙一重や,1
それいいね,1
本物のゲッコウガになれ,1
ならか幼稚園継続,1
設置できて草,1
すげぇわちゃわちゃｗｗ,1
うるせえこのチームｗｗ,1
うるさいｗ,1
かわいw,1
音圧ｗｗ,1
うるさすぎるww,1
うるせぇww,1
にぎやかw,1
デバフ報告,1
うるさｗ,1
おもろｗ,1
音圧えぐいがw,1
おしいい,1
おｃ,1
おしい～,1
たのしいねぇw,1
うるさいw,1
！？,1
おしい,1
おしいw,1
わぁぁおしい,1
ぇ,1
ガチ解除がメタ,1
おしいー,1
そんな…,1
まじか,1
おし～！,1
あたまかった,1
漢気すぎるｗ,1
かたｗｗ,1
漢すぎる,1
アーマー買ってたか？,1
漢だ・,1
VCうるさい,1
痛覚遮断,1
nf,1
メンタル強かったな,1
騒がしいのよw,1
おしい〜,1
漢解除だ,1
心臓に毛生えてた,1
侠気ｗ,1
ガチ解すぎるw,1
ガチの顔してたww,1
顔硬すぎ,1
漢だなぁ,1
そんなことなかったｗ,1
ブロ特有のｗ,1
アーマーきてたなぁ,1
ガチ解除通っちゃったw,1
漢だったw,1
メンタル硬め,1
神経ちぎれてたな…,1
心臓つよすぎ,1
ping4にもどっってるな,1
ガチ解除かw,1
漢だった,1
漢気解除,1
おもろすぎるw,1
未来人には見えてたか,1
漢すぎるだろ,1
PING落ち着いてきたなぁ,1
りりむやっぱ元気だなぁw,1
葛葉さんのセージはなぁw,1
りりむマジうるさいw,1
たのしーw,1
セージの壁気をつけないとw,1
1ラウンドから熱いなｗ,1
ファストレーンでいいと思うもくの道ｗｗ,1
楽しすぎｗ,1
草b,1
終わってるｗ,1
えびおｗｗ,1
にゃらかww,1
事故が多発してるｗ,1
もうぐちゃぐちゃやw,1
なんかおばさんおらんかった？ｗ,1
えびおww,1
にゃら？w,1
事故が多発してんなw,1
きもいw,1
よわｗｗ,1
よわ草,1
りりむｗｗ,1
いいむ笑笑,1
騒がしいなw,1
うるさ,1
うるせえw,1
ぐっちゃぐちゃw,1
りりむうるせえww,1
うるせぇw,1
はしりうちすごw,1
りりむちゃんw,1
エゴがすぎるw,1
うるせえｗ,1
うるさｗｗ,1
めっちゃわらってるw,1
りりむ草,1
なんだなんだｗ,1
うるせぇ！,1
ボブ！？w,1
話聞かねぇw,1
スキルで進めないんよねw,1
終わってるw,1
騒がしいｗ,1
俺ボブ,1
りりむwうるさカワイイw,1
？｢魔界ノりりむうるせぇ｣,1
お前ボブお前ボブ！,1
ボブ？,1
オレボム！,1
りりむ報告ガチだな,1
りりむガチうるせえw,1
めっちゃ騒がしいw,1
うるせぇｗ,1
？「魔界ノりりむうるせぇ」,1
りりむうるせえｗ,1
パワーじゃねえかw,1
奈羅花にこにこやん,1
りりむかわいいな〜,1
りりむえぐい音量w,1
りりむｗ,1
わちゃわちゃｗ,1
ぐちゃぐちゃw,1
やかましくて草,1
わちゃわちゃおもろい,1
ふへっちやめてｗ,1
魔界ノりりむうるせえ！,1
騒がしいw,1
オープンへっち？,1
うるさw,1
no soundがすぎるw,1
やかましいw,1
ボブw,1
なぜ強いいw,1
りりむ5人分くらい喋ってるってｗ,1
なんもわからんw,1
りりむうるせぇw,1
ハユンの声があまり聞き取れない,1
ヴァカランド,1
りりむうっさいww,1
ナイスナイス,1
なんか勝って草,1
これにはイブラヒムもガチギレ,1
なんも聞こえんし面白すぎるｗ,1
みんな落ち着いて！,1
イブラヒムブチ切れで草,1
いいむ草,1
マジで報告が聞こえんｗ,1
りりむうるさ,1
よくこれでできるなハユンｗ,1
なんで勝てた,1
りりむちゃんかわいww,1
りりむ三人分くらい報告してね？,1
ナイス笑笑,1
なんでか勝ったww,1
ナイスー,1
りりむデバフがえぐい,1
りりむ5人分喋ってるｗ,1
なぜ強いw,1
イブラヒムにデバフと言われただけある,1
何で勝てる？w,1
うるさすぎｗ,1
これが笑顔のヴァロかｗ,1
ないすぅ,1
ハユン大丈夫か？w,1
リリム10人分ぐらい喋るやんw,1
騒がしくて最高だなw,1
それはそう,1
地獄すぎるw,1
ウィンドウ部隊どうした言われてたw,1
よう勝てたな,1
りりむ一応ちゃんとキルは取るんよね,1
姫賑やかw,1
魔界ノりりむうるせぇｗ,1
カオスw,1
にゃらか優しいｗ,1
騒がしw,1
いいむの声しか聞こえないw,1
ハセシンおるなw,1
こないｗ,1
無視w,1
無視ｗ,1
無視されたw,1
着いてこないw,1
めっちゃ楽しそうww,1
ネオンちゃんｗ,1
無視ww,1
無視ｗｗ,1
りりむさん？ww,1
honnin ww,1
子どもすぎw,1
無視草,1
シカトま？w,1
葛葉設置w,1
設置は？ｗ,1
今度は言うこと聞いたｗｗ,1
またw,1
俺やww,1
エイムだけうまいｗ,1
設置忘れがちw,1
やっばｗ,1
トコトコかわいいな,1
かわええ,1
ウィングマンかわち〜,1
たのしｗ,1
可愛い,1
設置しないと！,1
負けたな,1
お弁当持ってるの忘れがちw,1
ぉぉ,1
わっちゃわちゃww,1
仲良死,1
りりむ？,1
なかよ死,1
りりむぅ！,1
がんばれりりむ！,1
チビ助かわい,1
ナイスゥ〜！,1
ゲッコー初めて見るわー,1
なんだこれｗｗ,1
ナイス～！ｗ,1
なぁにこれぇｗ,1
すげw,1
りりむー！,1
つええw,1
なぁにこれぇ,1
ないすーw,1
りりむないすー！,1
なんでだww,1
りりむちゃん！,1
nice！,1
りりむぅ,1
りりむーー,1
最強〜,1
りりむさん,1
りりむさんな,1
なにこれぇ！草,1
ナイス‍ｗ,1
りりむサンダー,1
りりむさんだー,1
りりむ最強！りりむ最強！,1
さんをつけろよ,1
上手いのならOK,1
今からりりむさん,1
りりむさんだーないすー,1
リリムサンダーw,1
りりむさん最強,1
りりむサンダーw,1
りりむさんさすがっす！,1
りりむさんです,1
りりむうまいよー！かわいいよー！,1
りりむさんw,1
りりむサンダーｗ,1
これはりりむさんだわ,1
りりむチャー！,1
勢いはあるw,1
普通にネオン行けるんだよなｗ,1
ファンモム？w,1
なんて？w,1
なんてw,1
なんて？Ｗ,1
なんて？ｗ,1
守りがこえぇw,1
ふぁんぼむ？w,1
変に待っちゃうデュエよりよっぽど強いw,1
一旦入るｗ,1
ich hab was gesagt,1
みんな自由だw,1
もうvaloわかんねえわｗ,1
すごいなもうｗｗ,1
勢いだけでサイト取ってんの草,1
あぁらパワーw,1
なんかぶちギレてたよなww,1
キレてたｗ,1
勢いすぎるw,1
爆弾にきれてたなw,1
荷物重いｗｗ,1
いうねぇｗ,1
重かったかw,1
荷物ww,1
重かったｗ,1
重いかぁw,1
荷物重いｗ,1
お荷物ですかーw,1
荷物重い草,1
かわいいｗ,1
ジジイw,1
じじいww,1
じじー草,1
なぜか強いw,1
じじぃｗ,1
荷が重いと荷物重いでだいぶ違うなｗ,1
かわいいw,1
ふとした時葛葉の声似てんなあw,1
かわいい,1
つよー,1
高め,1
いいこすぎるウィングマン,1
設置できるんだかわええなぁ,1
ハユンすご,1
元気ｗｗ,1
今北んですがお相手誰かわかりますか？,1
ハユン殺意高い,1
どたどたチェンバーw,1
わあｗ,1
ウィングマンかわいい〜,1
あらｗｗ,1
ざまあw,1
ああｗ,1
炊いてるw,1
悲鳴w,1
びっくりしたw,1
ホラゲーだｗ,1
toxic w,1
わかってるねぇーw,1
なんで戸を開けてしまったんだｗ,1
ガンギレw,1
wieso nicht,1
りりむ本気の悲鳴でてるやんw,1
全チャ草,1
やらしいww,1
やらしいw,1
やらしいだのスケベだの,1
ニケ気に入ってるなｗｗ,1
顔面で語るｗｗこわｗｗ,1
りりむが持ってるw,1
暴言で草,1
雲雀はやらしい,1
りりむこい,1
相手チーム:ほんひま、えびお、渡会くん、リリさん、獅子堂さん,1
わろた,1
いやいやｗ,1
こわｗ,1
えぐぅ,1
うわあ,1
なんで見てないんw,1
つよｗ,1
タイミング悪すぎww,1
にゃらかつんよw,1
ショットガンばっかで草,1
勝てそうで草,1
死屍累々w,1
フィジカルで盛り返してて草,1
巨人？ｗ,1
巨人用ワイヤーw,1
静かにしろよｗｗ,1
とんでもないワイヤーあるｗ,1
通ってるww,1
通ってて草,1
綺麗なオチｗｗ,1
おるやんw,1
おおいいｗ,1
通ってんだw,1
いるw,1
通ってるw,1
完璧なフラグ回収w,1
コントか？w,1
コントやんww,1
通ってんのかよ笑笑,1
あのセンサー深いのか,1
オチ完璧w,1
通ってるやんw,1
これできたら撮れ高たかいぞ,1
ウルト味方にも当たるからねｗ,1
通ってんじゃねぇかwゆーっくり,1
はちゃめちゃで草,1
ハユンくん安定して強いな,1
こっわ,1
あぶねえ,1
あぶねw,1
あぶねｗ,1
びびったｗ,1
2回目w,1
わからんけど勝ってる状況で草,1
りりむワチャワチャすぎるｗ,1
わっちゃわちゃw,1
わちゃわちゃなのに強いw,1
声すごい出るw,1
とりあえず勝ってるｗ,1
なついｗ,1
めっちゃ強くて草,1
どこにいるのかわかんねえよｗｗ,1
VC常にうるさいけど何故か勝ってるw,1
なつかしw,1
何言ってるかわかんねぇw,1
うるさすぎw,1
あの、ちびすけウルトだからw,1
エイムと勢いで勝ってて草,1
2回使ったよw,1
いなくなっちゃったｗ,1
声似てるなやっぱw,1
エビオに惑わされてるw,1
メディアきたｗ,1
対奈羅花兵器ｗ,1
AQF草,1
ABOに問題があるって言いたいんですか！？ｗ,1
エビオと合わないw,1
言いたいことはわかるw,1
語弊w,1
エビオに惑わされてへにゃへにゃだｗ,1
エビオがおかしいのは間違いではないぞww,1
エビオと合わないのは普通な証w,1
なんではいれるw,1
詰め方やばw,1
ぶっささったｗ,1
さすがに完璧かｗ,1
KR chamber ww,1
うんそうだよw,1
ベイトやんｗ,1
よし？ｗ,1
よしって聞こえたw,1
ん？ｗ,1
よし！w,1
あれw,1
秒やんw,1
ん？w,1
よしw,1
ちょっと荷物重いかw,1
いましたやろw,1
今までも結構不思議な攻め方だけどなw,1
かもねぇの言い方やさしw,1
なんかw,1
ふわちの喋り方なにw,1
自由行動ｗ,1
自由行動w,1
言い方w,1
なんやw,1
自由行動草,1
自由行動？w,1
ふわっち話し方w,1
あぁ…w,1
ああw,1
今日ふわちイケイケだなあw,1
まじびっくりしたww,1
間に合うんだw,1
なんでとおるw,1
いいことw,1
でたw,1
とんでもないプレイw,1
たのしそすぎw,1
ゲッコー本人w,1
がちで葛葉ｗ,1
VCw,1
本人ｗ,1
葛葉が喋ってんのかと思ったw,1
強そうw,1
本人にしか聞こえないｗ,1
やったことないけどｗｗ,1
何この穴w,1
とどくのかなw,1
ちゃぽんｗ,1
落ちてきたｗ,1
犬とウイングマンがｗ,1
ドスケベカメラほんま草,1
スケカメｗ,1
すけべカメラw,1
スケベカメラww,1
スケベなカメラ嫌すぎで草,1
スケベカメラ草,1
すけべなカメラw,1
ウィングマンの歩き方ツボｗ,1
スケベカメラw,1
ドスケベカメラです！どうぞ！w,1
スケベ自称で草,1
スケベカメラやめてｗ,1
NICEｗ,1
ﾅｲｽｩw,1
にゃらかずっとスケベ言ってるｗ,1
りりむ上手いの草,1
りりむ強いｗ,1
kawaii,1
殺意がいいねw,1
いけいけだw,1
りりむちゃんと強いなw,1
このワイヤーキモすぎるw,1
いいむがちゃんと上手いのおもろいｗｗ,1
りリムジン快適で草,1
ダブルSGw,1
りりむ後ろw,1
ジャッジいいねえｗ,1
りりむとふわっちずっとうるさくて草,1
リテイクはやww,1
サナサナw,1
ジャッジ最強やw,1
ゲッコーもだいぶ刺さってるなw,1
勢いで足並み揃うしハユンのフィジでチーム締まってるなw,1
ベイブレードすなw,1
ベイブレードw,1
ゴーシュー草,1
ふんっw,1
勝負するんかいｗ,1
ぷりぷりｗ,1
2mmずつｗ,1
絶対銃口とか見えてる時あるw,1
肩出るw,1
2ミリすぎて武器先見えなんだよねw,1
世界で一番弱いピークしてたw,1
opピークよねｗ,1
動き細かいんだよね笑,1
ふわっち勝負させんなw,1
うわぁ〜ww,1
うめえw,1
ないすーｗ,1
そのケージえろふぎやろw,1
やらしすぎるわｗ,1
見かたきめえｗ,1
いいやｗ,1
個人でやって草,1
りりむ全部無視するｗｗ,1
個人でやってw,1
ひとりで連携草,1
1人でｗ,1
個人主義ですw,1
詰め待ちw,1
写ってたなぁw,1
それはそうw,1
突撃したなw,1
abow,1
その距離ｗ,1
遠距離ジャッジ草,1
乙草,1
ジャッジの距離やないww,1
その距離から！？ｗ,1
その距離でまじかw,1
ジャッジあれ死ぬのw,1
まぁ、体力41だったしｗ,1
41だったからねｗ,1
ナーフはよｗ,1
ちょっと似てるな…w,1
違法やんww,1
家ｗｗ,1
楽しそうやなw,1
チキンきたw,1
ユンくん楽しそうでよかったw,1
楽しそうやなあw,1
ふわっちは誰ｗ,1
ふわっちなにいってるw,1
何を言ってる？w,1
誰ｗｗ,1
ぶつぶつなんか言ってるｗｗ,1
何言ってんw,1
ふわっち何キャラなんだよｗ,1
ナイス〜！,1
ナイスゥｗｗ,1
ないすぅ〜！,1
勝つんかいw,1
歯茎やばすぎて草,1
うw,1
耐えモク草,1
なにおいうとる？ww,1
ないすーー,1
ぷわw,1
gg！,1
みんなつよい,1
やってることがジェットｗｗ,1
利敵疑惑ｗ,1
2勝ナイス,1
耐えモクプレゼント草,1
これがバトルオーメンw,1
たしかにw,1
ナイスゥ！gg,1
GG！,1
ほぼジェット,1
確かにw,1
ジェットの入り,1
ほぼジェットｗ,1
gg ないすー！,1
なるほどジェットの動きなのかｗ,1
gg!,1
モクブリンクで草,1
ないすーgg,1
ブリンクと変わらんｗ,1
たしかに,1
ジェットの動きだったw,1
バトルオーメンかw,1
サイト内の確認ができないジェット,1
Ange1ｗ,1
実質ジェットかw,1
Angelのオーメンは次元違うからw,1
利敵すぎるw,1
キャスはしとらんw,1
おとばらｗ,1
読みにくいw,1
すごい増えてるw,1
残念w,1
ひばみｗ,1
ヒバ美ｗ,1
ひばみww,1
AQF揃っちゃったw,1
aqfはまずいw,1
AQFWIN,1
あーあ、揃っちゃったｗ,1
ふわっちとずっと一緒w,1
きたw,1
まじかｗ,1
12連敗.w,1
それはえぐいw,1
えぐいてw,1
ひまちゃんの笑い声かわいい,1
まじで勝とうじゃあｗ,1
なんか笑えなくなってきた,1
エビオＳＧ使うからじゃないのか？ｗ,1
それはもうABOに問題が・ｗ,1
12はまずいw,1
ブリーチモクないよw,1
twelve…,1
12じゃ勝てないw,1
12…ｗ,1
おおいなw,1
変わってない提案ｗ,1
3イニシま？w,1
わーわーｗ,1
りりさんw,1
いらんいらんｗ,1
パッションw,1
セージはいらんw,1
セージｗｗ,1
セージw,1
セージ？ww,1
草 ,1
セージどっから出てきたw,1
まあスカイでもいけるしここ一応ｗ,1
これkjウルト壊せなくね？w,1
セージは…w,1
じゃあＢでいいだろｗ,1
ローレンコーチのやつやんw,1
キモすぎるｗ,1
crowさん宿れw,1
長旅だなｗ,1
えびお草,1
Bでいいやつきたｗｗ,1
長旅ｗ,1
ブリーチスタンで全部止められる運命あるなw,1
B抜けAはBでいいやんw,1
やりたいほうだいチャンネルｗｗ,1
りりさんがんばってw,1
抜けるの草,1
割と刺さって草,1
うまくいったｗｗ,1
うおおｗ,1
これ通るのかよｗｗ,1
いいぞいいぞw,1
抜けれたw,1
成功したｗ,1
回復w,1
いけたw,1
うっさw,1
やばすぎるIGLｗｗ,1
わちゃわちゃしとるw,1
くそうるさくて草,1
メンツ変わってもわちゃわちゃw,1
報告量凄いｗ,1
大会ばりのコールw,1
にぎやかすぎて草,1
わちゃわちゃw w,1
うるさいww,1
刺さってるの草,1
大会並みの報告w,1
拾ったｗ,1
skin ww,1
えぐww,1
わっちゃわっちゃw,1
やったかw,1
なんでいけるんだw,1
ねぇちゃん強えな,1
報告量大会やんw,1
破壊byほんひま,1
ぴまぴまつよつよ,1
派手シェリフ,1
ひまちゃん強いんよ,1
ぴま,1
いいなあ,1
武器差はね,1
まっずいw,1
葛葉とひまちゃん何か久々やな,1
C破壊！,1
プレミw,1
ん？,1
いーや0です,1
報告量が大会w,1
お決まりのね,1
ぽぴまん,1
ハユンくんのだぞ！,1
ねこw,1
無理やり押し通してるw,1
エビオがヴァンダルなんよねw,1
葛葉読みくるぞｗ,1
猫w,1
報告量で混雑してるw,1
流石のぽんぴまん,1
犬です,1
猫ｗ,1
ねこ？ww,1
ねこ？！,1
猫！？,1
猫？,1
ぽんぴ最強,1
猫もいます,1
いけ,1
にゃー,1
にゃんさんｗ,1
ねこ？w,1
ヤバすぎるｗ,1
猫なんだよねw,1
犬突撃,1
犬持ったままｗｗ,1
!?,1
そっからかよw,1
大胆だな,1
めちゃくちゃだよぉ,1
アーカイブ見ます｡おやすみー,1
犬抱えて行ったw,1
持ったままじかｗｗ,1
ばれてるｗ,1
ねええｗ,1
ﾀｽｹﾃｰ,1
AQF並の報告量w,1
シェリフ連打で草,1
沼過ぎて草,1
何やっとるw,1
なんなんこれｗ,1
みんなわちゃわちゃで草,1
なんだこれ笑笑,1
おもろすぎww,1
なにやってるw,1
お腹いたいww,1
おもろいなｗ,1
紙エイムで草,1
やってんなーw,1
ぐっちゃぐちゃで草,1
Cラッシュはいつものことなんだからww,1
紙エイム来たw,1
刀ｗ,1
タイトル回収あざすww,1
なんださっきのw,1
ささるささるｗ,1
それはほんとに意味不明かもｗ,1
こーれ、まずいですw,1
エコでＣですかｗ,1
ヴァンダルあるんよねw,1
この感じ懐かしいと感じるw,1
腹いてぇw,1
通るんだよねｗ,1
犬よわいだろｗ,1
統率が一切取れてないの草,1
な？ｗ,1
猫犬ｗ,1
猫犬？w,1
ねこいぬｗ,1
猫犬w,1
ねこいぬw,1
鳥獣戯画ｗ,1
ふわごろうw,1
それぞれのフィジカルだけで戦ってるｗｗ,1
フワゴロウww,1
ムツゴロウw,1
ふわごろｗ,1
宣言やめてw,1
よくないなぁｗ,1
ごめんねｗ,1
事前に？ｗｗ,1
フワゴロウw,1
誰だよw,1
会話がふわふわでいいw,1
デスマしてない？w,1
報告おかしいw,1
実況いるなｗ,1
ギャル？w,1
だれw,1
何w,1
なぁいす！,1
こんにちは,1
とぅーっ,1
ナイス～,1
とぅーね,1
めっちゃいい,1
ないすう,1
おしー,1
足音出しちゃうかぁ,1
りりさーん,1
わかんないか～ｗｗ,1
おしいぃ,1
死体が喋るなぁ,1
わかんないかぁ＾；,1
死体共笑,1
わかんねえかw,1
したいどもｗ,1
死体どもww,1
おい4体！w,1
ぉぃw,1
したいどもさぁｗ,1
死体が喋っている,1
死体共が！,1
死体っ！,1
だとしても足音はw,1
だまれよぉっw,1
死体がしゃべってる,1
気持ちはw,1
死体どもがw,1
気持ちしかねぇw,1
気持ちはねw,1
死体どもw,1
死人に口はない,1
死体w,1
誰も出さないのである！,1
他力本願寺だったｗ,1
足音出しちゃうかぁ〜,1
他力本願寺ｗｗ,1
気持ちはなｗ,1
他力本願寺です,1
本願寺でまくり,1
焦っちゃったか,1
めちゃくちゃすぎるｗ,1
出た他力本願寺,1
だとしてもなのよw,1
他力本願寺w,1
海老尾を勝たせる約束がｗ,1
バタバタ未来人かわええわー,1
芸人しかおらんｗ,1
他力本願寺っw,1
神エイムきたｗ,1
うそやんｗ,1
神すぎたw,1
流石にタイトル回収ね？w,1
ガバガバで草,1
神AIMだったw,1
ナイエコｗ,1
シンプルごめんｗ,1
リアルごめんw,1
ごめんっw,1
ごめんｗ,1
神エイムだったｗ,1
謝り方草,1
ごめｗ,1
荷物重いかw,1
気負わせてごめんやんmw,1
おもろすぎるｗｗ,1
さすがの神エイム（笑）,1
スカイ背負いすぎw,1
ウルト合戦草,1
飽きちゃったかw,1
飽きちゃったｗ,1
ウルト溜まってるスカイに渡すのヤバw,1
ふわごろうさんw,1
フワゴロウさんｗ,1
勝つ気ないやろ笑,1
なんでこんなボコられるw,1
犬でドライピークめっちゃ面白いｗ,1
名前だけじゃわからんｗ,1
変なことするからｗ,1
今のはおわってるｗ,1
イメージ完璧やった,1
ｽｰｯ…,1
うええい,1
未来人かっこええｗ,1
ナーイス,1
ナーイス！,1
ないすーー！,1
かっけぇ！,1
かっこよすぎいい,1
カッコよ,1
かっこ！,1
鈍器草,1
顔面ぐちゃぐちゃ,1
イケメンハンマー,1
うぉぉおお,1
うぉーー,1
未来人かっけえ,1
りりさんかっこいい,1
前歯ﾎﾞｯｺｰﾝ,1
ナイスゥー！,1
かっこよ,1
頭カチ割ったw,1
ナイス撲殺,1
はんまー！,1
ハンマー最強！,1
かこよ,1
顔面潰れた,1
イライラしてたからスッキリしたな,1
クラシックのつもりでハンマーだしたのかｗ,1
ナイフキルうおお！,1
かっこよ、,1
ハンマーの正しい使い方でた,1
え？,1
顔面かっこよ,1
ラインハルトいた,1
ハンマーナイスゥ！,1
はやw,1
エビオスごww,1
ちょっと失礼で草,1
何回やったよw,1
おｗ,1
かっこわるw,1
ふふw,1
なんだこれ笑うｗ,1
やばいなw,1
ふわっちヤバいってw,1
ふわっちほんま草,1
未来人がいつもイモ引いてるの草生える,1
攻め終わりたがってるやんw,1
ふわちの声かわいいw,1
自分でw,1
自分に言い聞かせてる？w,1
えｗ？,1
自分に言い聞かせてて草,1
自分に言ってるやんw,1
自分に言い聞かせてるｗｗ,1
自分w,1
暗示かけてたw,1
下に出てきて草,1
自分でコントロールｗ,1
自分に言ってるのまじで草,1
こえーよwふわっち,1
ふわっちおもしろすぎるw,1
やしときずみたいな概念やめてw,1
猫はいないのよｗ,1
嘘やんｗ,1
何しとんw,1
ぐっちゃぐちゃだｗｗ,1
りりさんノイキャンで聞こえねえw,1
そうかｗ,1
せやろかｗ,1
へんなｗ,1
リベンジあかぴゃ,1
相変わらずうぉうぉうぉがラークなんや,1
いいねぇ～！,1
ナーイスゥ,1
いいよ！,1
本当に守りマだったのか,1
ナイスゥー,1
ショーティ兄弟,1
ふふww,1
再放送,1
オウムもいます,1
ぉもろw,1
AQFだものw,1
再放送w,1
AQF同じ事言いがちだからｗ,1
自分で気付くのもおもろいｗｗ,1
条件反射と雰囲気で会話してるw,1
AQF集まった途端知能指数がw,1
バレたw,1
飛行機！？ｗ,1
飛行機？w,1
飛行機かわいいなｗ,1
うっま草,1
ほんとにAで草,1
飛行機初めて聞いたw,1
まずいまずいw,1
負け筋だｗ,1
まずいw,1
ししーモンタージュ始まっちゃった？ｗ,1
ナイスｗ,1
エグい削り食らって草,1
四天王式やめw,1
おけーーいw,1
あぶねーw,1
ないけずｗｗ,1
おもろww,1
いいねえw,1
煽り草,1
意味ないってｗ,1
遊ぶなw,1
やめw,1
露骨すぎw,1
今のいる？ｗ,1
キーボード音まできこえるw,1
うるせえｗｗ,1
うるさww,1
ちょちょちょちょちょちょいっw,1
つっよｗ,1
ひまちゃんつっよw,1
おかわりw,1
寄りかかり始めてるｗｗ,1
えびお安定のキモ武器で草,1
犬と散歩してるのかわよw,1
っておおいい,1
守マやーん！っておいー,1
＼ドッ／,1
っておいー！,1
っておいい,1
いいねぇw,1
っておいー,1
ほんとに守りで草,1
守マやんw,1
やーん,1
っておいーー！,1
守マですやーん,1
守マやーん！,1
ておいー,1
やーーん,1
おい〜,1
いいねぇ,1
まもマだったかー！,1
って、オイイ！,1
まもまだったか,1
ってオイイ,1
っておいい！,1
銀魂w,1
ってオイー！,1
やめてww,1
テンションがww,1
急に銀魂になるの草,1
５連取まじかｗ,1
っておい～ｗｗ守マじゃねぇえか～ｗ,1
葛八！？,1
結局上手いやつが勝つゲームだった,1
葛葉オーダーもアイムもいいな,1
怒られたｗ,1
うるさいなぁは草,1
中学生いる,1
やんやーんww,1
うるさいんですけどw,1
銀さんｗ,1
工事中,1
普通に怒られたw,1
AQF歯茎えぐいってw,1
下水におじさんｗ,1
おじさんブリーチかとおもたww,1
ナイブロw,1
ぐきw,1
運任せw,1
あみだくじｗ,1
あみだ草,1
まさかのあみだw,1
あみだくじでww,1
ちょっとおもろそうじゃんw,1
まじでまもまになってるw,1
楽しげで草,1
エンジョイがすぎるw,1
YouTubeでみたw,1
何か草,1
ひまちゃんかわいいw,1
やりたいw,1
勉強したのねｗ,1
ヘビーぴーまーっていった？w,1
かわいｗｗ,1
動画勢w,1
無邪気w,1
動画勢ｗ,1
まじ便利ｗ,1
ちょっとよそ見ねw,1
よそ見w,1
ACE見えてきて草,1
AQF全滅で草,1
よそ見しちゃったかぁw,1
うまいw,1
トイレｗｗ,1
早いってｗ,1
GGww,1
GGははやすぎるｗｗ,1
ふわっち自由だなw,1
ggはっやｗ,1
ABO草,1
ggすなw,1
AQFさん？w,1
ggやめろｗｗ,1
トイレｗ,1
GGは草,1
ヤケクソgg草,1
お漏らしggやめてw,1
早漏ggやめてww,1
はええw,1
まだ勝ってるからｗ,1
気が削がれるw,1
早漏GG出てますｗ,1
そうなんだｗｗ,1
雑談ww,1
外野ｗ,1
温度差ｗ,1
ほんまかｗ,1
自由やなw,1
ぽいねw,1
ぽいw,1
ボタン目w,1
たしかにww,1
盛り上がるなw,1
第五が出てくるとはw,1
でも動きなよw,1
エビオ間に合うか？w,1
またかw,1
エビオトイレ遅いよなｗ,1
間に合ったww,1
えびおw,1
V最思い出すなw,1
ギリw,1
えくすw,1
おお来たｗｗ,1
なんやねんw,1
エクスw,1
飯食ってんのw,1
飯食ったことにされたｗｗ,1
可愛いw,1
うぉうぉさんうんまw,1
ししーに狩られてるw,1
今の会話なんやねんw,1
大痔主草,1
そっかAQFそろってるんかw,1
オペうまいｗ,1
ハユンうっまww,1
ええ勝負やw,1
あぶねえｗ,1
わぁ～,1
くるくるｗ,1
ななああいｓ,1
ええ,1
わああ,1
おおナイス！,1
未来の人「今？」,1
ジャッジなんだよねぇ！,1
わぁお！,1
えぐーー,1
うおおないす！,1
きもてぃー,1
？！,1
ジャッジなんだよねえ,1
うえ！？,1
わぁー！,1
ジャッジなんだよねぇーー！,1
あんた！,1
つよーー,1
ジャッジ戦隊かな,1
つよつよつよつよ,1
うおお！,1
えぐうう！,1
まじ,1
ナイスナイス！,1
天才や,1
やばいな、これは犯罪,1
ま？！,1
ないすぅー！,1
うわぁｗ,1
パラとか関係ないんだよね,1
れちごーー,1
ジャッジなんだよねぇ,1
まじか！ないす〜,1
ないつぅーー！,1
すごー！,1
やっぱジャッジよ,1
ナイスベイト,1
えっぐい笑,1
レッチごー！,1
犯罪でーーす,1
わあーー！,1
ジャッジなんだよねー！,1
ジャッジ最強！ジャッジ最強！,1
ちょちょー！,1
わぁ〜,1
つーんよ,1
精神を破壊するショットガン,1
つよつよ,1
なにこれ,1
ジャッジなんだよねえ！,1
ジャッジなんだよねー,1
ジャッチなんだよね,1
ジャッジ最強,1
ジャッジうまぁぁ！,1
ないぐさ～ｗｗ,1
にげもらは何？ｗ,1
時間かかったなぁw,1
ふふwないすぅ！,1
エイムｗｗ,1
AIMw,1
あたんねw,1
ないすｗｗ,1
うっまｗ,1
死ぬんかいww,1
えぺｗ,1
ぴょんぴょんで草,1
後半笑いながら撃ってるw,1
エイムやべえなｗｗ,1
ジャンプw,1
神エイムでたなあw,1
エイムが神が勝ってたw,1
逃げてもらおうか？ww,1
DD茶漬けｗ,1
ぶってない？ｗ,1
怖すぎて草,1
焦り過ぎw,1
気持ちわかるｗ,1
るw,1
焦りすぎw,1
あぶなw,1
焦り方草,1
焦りすぎやw,1
あせあせw,1
焦りがすごいｗ,1
未来人疲れ切ってるｗ,1
ふわっちおもろすぎｗ,1
めっちゃ焦ってて草,1
リリさんそんな焦る場面じゃないw,1
judge+odin kills w,1
あせってるw,1
つよいｗ,1
勝ちに来たw,1
オーメン27Killｗ,1
AQFWIN！,1
ぐちゃぐちゃにw,1
何事やww,1
GGはやいってｗｗ,1
一瞬でw,1
１テンポずれたw,1
あんまり寄れてなかったかw,1
報告ないｗｗ,1
gg使い所ちがうくないかw,1
デスマｗ,1
嫌な予感がするw,1
OTがんばれ～！ｗｗ,1
負けそうで草,1
これでバランスいいの葛葉強いなw,1
１２はまずいｗ,1
つよ！,1
つんよ,1
つよ,1
つっよ,1
がんばれ！？,1
つええ,1
ぽんぴまん！,1
つっよw,1
！？！？,1
ぽんぴま！？,1
ぴまぴまつええ,1
グレ痛すぎたな,1
おお！,1
何が起きたんや!,1
ぽんぴ！,1
ぴまんつよ,1
本暇つっよw,1
プラチナがキャリーしてるんすわ,1
住人きちゃ,1
おー,1
うああ,1
いええ,1
つっよい！,1
うしろだよーんw,1
プレデターの後頭部,1
うぇ〜い！,1
いいね！,1
強かった味方,1
ぴまぴまナイス,1
モク中にエビオあり,1
12を超えたぞうおお,1
うおお呪いをこえろ！,1
12を超えたAQFは勝てるぞ！,1
OWやってる？w,1
owか？,1
納得できなかったか,1
野良いね？ｗｗ,1
どしたw,1
なんやろなぁ？,1
ことわざ生まれたw,1
ことわざｗｗ,1
おどれ！w,1
辞典みたいな説明草,1
クロロｗ,1
だれだよww,1
ありありｗ,1
遅延風味てなんだw,1
おしw,1
もったいないw,1
不安w,1
不安にさせるｗｗ,1
不安にさせるw,1
不安ｗｗ,1
心理戦w,1
血の気多すぎww,1
待てしてるみたいふわっちｗ,1
OTなのでw,1
ふわっち最高やw,1
OTですw,1
勝負したい、しか言語を知らない人になるｗ,1
勝負したくてウズウズしてるじゃん笑,1
ふわっちおもろすぎw,1
勝負したい！w,1
ふわっちおもろすぎるｗｗ,1
ふわっちいいねｗ,1
ふわっちの自問自答おもろすぎｗ,1
ふわじいｗｗ,1
イキリ草,1
ふわっちおもろｗ,1
今の何w,1
今の声おもろいw,1
ふわっちがうるせいw,1
グーフィーw,1
グーフィーww,1
グーフィーｗｗ,1
チームバランス最高だなw,1
いいぞ,1
頑張れ〜！,1
いいぞー！,1
えびおないす,1
てぃむないす,1
いーね！,1
いいぞ！,1
相手読みｗ,1
ししー,1
ナイスーー！,1
ナイス～！,1
我慢勝ちないす,1
読めてるねー,1
ついに！？,1
なああいす！,1
ナイスゥＧＧ,1
ないすー！gg,1
ＧＧ,1
天才,1
ナイスー！？,1
ないすgg,1
うまーー,1
なーいす！,1
ナイスゥ～！gg！,1
なーいす,1
なああいす,1
うおおgg！,1
なぁぁぉぁあいす,1
ないーす！gg！,1
エビオやっとやー！,1
うまー！,1
ないすう〜！,1
gg〜！,1
ナイスです…！,1
エビオ勝ててよかった,1
最高やん！,1
ナイスー!,1
全勝やー,1
OTアツかった～！,1
victory★ ,1
GGすぎるぅ！,1
エクス背負ったなｗ,1
おめでとう,1
熱すぎるw,1
エビオ勝てたな！,1
りりむ2-7つっよ,1
ｇｇ！,1
つええｗｗ,1
エビオ良かったねw,1
りりむに弱すぎて草,1
勝負なんだよねｗ,1
どっちかは勝つのよw,1
紅白戦きちゃ,1
おお紅白！,1
いいね～,1
全勝いいよおー,1
うおお紅白戦だ！,1
紅白戦！、,1
きちゃあ,1
そっかししー負けてるのか,1
紅白戦うおお,1
あっつ,1
紅白きちゃ,1
あっ,1
うわああ,1
あかちゃん；,1
紅白うおお,1
おぉ！最高！,1
ああ,1
男女きつそ〜w,1
ししーさん；,1
わお,1
うわああ；,1
しし,1
あー,1
ししー！？,1
煽るね～ｗ,1
おおー,1
にじさんじで男女やると大体男負けるんだよなぁｗ,1
煽りえぐいって,1
しし；,1
うぐぐ,1
強いのにw,1
葛葉が全勝だもんね！w,1
ししーちゃん,1
ししー全敗かあ；,1
葛葉が全勝ち？,1
ししー；,1
え、あんな強いのに？,1
全勝だああ,1
しし〜,1
あかちゃん,1
葛葉だね,1
獅子堂めちゃ強なのに；,1
葛葉やw,1
全勝かー,1
葛葉全勝だねぇ,1
あんたや,1
くずふわやね,1
あかちゃん;,1
葛葉全勝？,1
お隣さん,1
そうか葛葉ずっと勝ちだから対面のあかりちゃんがw,1
うおー,1
うぇ〜い,1
あかぴゃ,1
うえーい！,1
ハユン強キャラなのかわええ,1
ぷわもか？,1
ししどーと葛葉の組み合わせみてぇよ…,1
葛葉つよ～！,1
ぉお,1
どっちも応援してます,1
ふわずは2人！,1
全勝葛葉の対面だから、,1
葛葉とふわっち全勝やね,1
全勝すごい,1
葛葉の対だからね,1
くずぷわナイスー,1
全勝,1
ししー;,1
ふわくず,1
ししーさっき暴れてたのに；,1
どっちもバス乗ってますｗ,1
ロックマンOP,1
ししーうぉうぉうぉさん,1
なお、フラグ2.3.4は女子の模様,1
ししどさんあんな撃ち合い強いのにか,1
ししー:,1
運だったのかｗ,1
エイムは運,1
運ｗ,1
運！？！？,1
カバー意識と頭は誰にも負けんｗ,1
運で汗まで行ったんかw,1
運なのかw,1
エイムは運ｗｗ,1
かわいいww,1
運だったのかw,1
思想の違いがw,1
エイムは運ｗ,1
エイムは運なんだw,1
運w,1
エイムは運なのかw,1
運かぁw,1
エイムは運w,1
どこの派閥よそれw,1
トリッキーな子だw,1
おみくじタイプここにもおって草,1
運なんやw,1
運勝ちだとしたらえぐすぎでしょｗｗ,1
運！？w,1
エイムは運ww,1
エイムは運、マ？w,1
冗談やんかｗ,1
エイム運w,1
ししエイムめちゃええけどw,1
それこそ運ゲーじゃないかロータスｗ,1
でたｗ,1
アイボかぁw,1
またジャッジマップにもってこうとしてるやついるw,1
マジかよw,1
マジ！？ｗ,1
BO3草,1
うそんw,1
おっもｗ,1
朝までやる気か？ｗｗ,1
ま？w,1
やるきすごw,1
今からまじかｗｗ,1
大会ｗ,1
BO3マ！？ｗ,1
BO3w,1
BO3ｗ,1
やる気すごいw,1
まじかw,1
やろうやろうw,1
ガチすぎるｗ,1
あつすぎｗ,1
今からBO3w,1
体力すごw,1
強すぎw,1
BO3ww,1
終わるの何時だってw,1
こっから3試合はハードだぞ？ww,1
マ？w,1
ボコろうw,1
BO3鬼畜で草,1
白組ふぁいてぃんw,1
ぷわセージ好きだなｗ,1
バトルセージｗ,1
sage? w,1
チェンバー折るやん！ｗ,1
なんとなくw,1
なんとなくはやめぇw,1
なんとなくｗ,1
ぽーかー？ｗ,1
これは強いw,1
なんとなくww,1
これつええｗ,1
やばいってw,1
初期のowじゃねえんだぞw,1
それ守り強すぎだろｗ,1
これつよw,1
2枚ずつは強すぎｗｗ,1
今の一言で評価ダダ下がりw,1
秘伝の一族WIN,1
はやいｗ,1
恒例w,1
早いのよw,1
時間逆行ｗ,1
逆w,1
それはないw,1
誰も否定しないw,1
今からｗ,1
ガチ感あるなぁw,1
ガチでワロタw,1
編成遊んでるw,1
ありそうｗ,1
相手Bどうするのw,1
1人w,1
鬼教官来たw,1
部活やww,1
いきなり男臭いww,1
厳しいw,1
体育会系？w,1
葛葉士官学校,1
みんなカーテン待ってたw,1
リリムステップうまｗ,1
きっも,1
ひばＷ,1
葛葉キラーりりむ,1
やばい急な熱血ツボw,1
草１,1
ナイス～ｗｗ,1
にゃいｓｗ,1
うぇーい,1
えびおうまww,1
いいねえ！,1
うめぇw,1
いい位置ｗ,1
うますぎww,1
ナイスナイス！w,1
ないすー！w,1
ヒールもらいにきたw,1
ささったｗ,1
まじでうめえｗ,1
うめええw,1
エビオやばw,1
動き深すぎw,1
追い込み漁おもろすぎw,1
居るとは思わんｗ,1
勝ち方おもろｗｗ,1
えぺだわw,1
ふざけてるだけだろｗｗ,1
やらしー,1
ABOやばw,1
ヴァロではないw,1
天才だこれw,1
ナイス！w,1
いい意味でキモいw,1
かなり不快な動きw,1
動き草,1
帰ってくれw,1
ABOきもｗ,1
絶対きもいって言われてそうw,1
別ゲーやってる？w,1
お祭りしてるw,1
ヒール貰うのおもろすぎww,1
回復要求かw,1
今回はカーテン待たないのねw,1
なんてｗ,1
なにしてんだよww,1
負けるなw,1
なにしとるｗ,1
この5人好きｗ,1
ラークなのか？それｗ,1
4ラークｗ,1
それ本体やw,1
それ本隊じゃね？ｗ,1
お前がラークやんｗ,1
沼バトルあざすｗｗ,1
にゃらかｗ,1
エペやんw,1
神エイムきちゃw,1
神エイムw,1
お互い沼ったww,1
ないすww,1
ちょい沼w,1
当たらないｗ,1
お互いｗ,1
ぬまｗｗ,1
どっちも沼ｗ,1
沼バトルしてたw,1
沼すぎで笑った,1
沼と沼ww,1
沼ファイトｗｗ,1
被ダメ０だったのうけるｗｗ,1
エビオ見せてくれw,1
沼だったなぁw,1
被ダメ0草,1
たのしそーw男子だけだしかな,1
igl光り始めてるｗ,1
うおおw,1
なんか連携イなｗ,1
ええやんw,1
t1かｗ,1
なんかいけてるの草,1
夢の13-0ｗ,1
オーディン？w,1
オーディン！？ww,1
２６９はいってない？ｗｗ,1
もうダメだw,1
オーディンw,1
オーディン練習は草,1
マスターズ行くかｗ,1
今日ヤバめか笑,1
くやしがってんだろうなあw,1
かわいい声ww,1
エビオww,1
ボロクソで草,1
バランスえぐw,1
見えてるよw,1
わかってるやろw,1
わかるw,1
ないすう！ww,1
ままｗ,1
おもろすぎ笑,1
報告おもろいｗ,1
やばいおもろすぎるw,1
ふわっち絶好調w,1
ふわっちなんでこんなおもろいw,1
ツッコミ甲斐があるねｗｗ,1
なんで勝てんだ？w,1
わちゃわちゃおもろすぎるw,1
ほんっとおもろいんだけどw,1
ABO本当におもろいw,1
よく考えたらこのメンバー全員ふわふわしてんなw,1
おもろいw,1
浅くねw,1
断末魔えぐｗ,1
共鳴しまくりw,1
断末魔w,1
迫真w,1
断末魔ｗ,1
フルダイブしとるw,1
叫び声がw,1
断末魔ｗｗ,1
事件性ｗ,1
フェイクだよねえw,1
うぜぇｗ,1
うるせｗ,1
きめw,1
きめえｗｗ,1
ヒバ明るくて良いね,1
きもw,1
うざww,1
うるせww,1
きもすぎるww,1
怖いねぇ^ ^ww,1
ウゼェってw,1
うざすぎw,1
男どもがw,1
しれっとボルサリーノおらん？ww,1
おもしろすぎww,1
高校生？w,1
全員ずっと喋っとるw,1
ニチャニチャすぎw,1
嫌だなあw,1
終わってるww,1
女の子相手にキモすぎるw,1
うるさすぎるw,1
男子校かよ,1
男しかおらんからみんな自由やってw,1
にちゃり手達の夜が今始まる,1
vcネッチョリしてる,1
ないすなのにうるさww,1
なんかキメてんだろｗｗ,1
チームみんな歯茎出てたww,1
男子ヴァロもおもろw,1
男子高校生しかおらんw,1
よくわからんくて草,1
交通事故ｗ,1
わああww,1
もう一人きてたｗ,1
なんだ今のw,1
この感じで強いの笑うｗｗ,1
棒立ちで草,1
事故おきたw,1
なんだこいつw,1
勢いすごいなw,1
ふざけてるのに強いw,1
相手視点みたいw,1
エビオw,1
うまくて草,1
勝ったw,1
全てを理解しているw,1
キモすぎるw,1
プロw,1
ナイスゥ！w,1
ショットガンを理解しすぎてるｗｗ,1
ショットガンのプロやんw,1
エビオまじで動きがヴァロじゃねぇww,1
ショットガンナーすぎるw,1
ショットガン博士おるってw,1
そんなプロやだw,1
千束で草,1
キモいｗ,1
弄んで弄ばれるの草,1
ショットガンの弾道線見えてるw,1
女性陣応援したくなるw,1
ソバエントリー草,1
ソヴァ？w,1
ナイスすぎｗ,1
A B A w,1
びびるw,1
え？ｗ,1
うそだろww,1
わからんw,1
今来た感じだったわw,1
エビオ読みされてたかw,1
ABO読みw,1
ABOいつもこれや笑,1
カウントダウンＴＶｗ,1
CDTV草,1
カウントダウンTVww,1
CDTVw,1
うほいｗ,1
攻めオペｗ,1
ハユンにも語録がうつってるｗｗ,1
りりむによく撃ち負けるなｗ,1
ふわっちに着いてけるはゆんもうだいぶ日本人だなw,1
盾よわw,1
りりむと相性悪いな笑,1
いてえw,1
ジップはええなｗ,1
あーーw,1
おしいww,1
はやすぎww,1
マジレスやめろw,1
ほんとにそれw,1
正論すぎて草,1
急にまともなのやめてｗｗ,1
正論ｗｗ,1
正論パンチw,1
ふわっちがそれを言うのがおもろすぎるｗｗ,1
ごもっともで草,1
正論やめてw,1
急なマジレスやめてくれww,1
普通の？笑う,1
ナイスこわし,1
理論派ふわっちおもろいw,1
うんめえ,1
なああいｓ,1
あぶねええ,1
なぁーーいす！,1
すげええ,1
うんま,1
うまあ,1
うおおナイス,1
あっぶね,1
耳でっか,1
kikoeta!?,1
耳良すぎ侍,1
耳でか,1
うっまま,1
えびお耳よすぎー！,1
耳すご,1
異常聴覚だ,1
うますぎぃぃ,1
聞こえんかったw,1
解除音報告えっら,1
耳すご！,1
耳でっかナイス,1
耳でかすぎ！,1
耳でかすぎ,1
耳出っっか！,1
ヒーローだ,1
うんま！,1
うんまぁぁ！？,1
耳でかすぎだろ,1
サイドエフェクトきた,1
異常聴覚は伝染する…,1
すげえなエビオ,1
なんで今の聞こえた！？,1
あの戦禍の中よくきこえたな,1
耳いいな！？,1
しかもABOよう聞こえたな,1
みみでかかった,1
耳デカすぎうおお,1
エビオないす,1
mimi deka,1
コウモリ？ｗｗ,1
まじで聞こえんかった,1
aboナイスやん,1
耳デカすぎだろ,1
えびお耳でっか,1
耳デカ！,1
今日の異常聴覚,1
ウマ！？,1
異常聴覚きたああ,1
すっごいエビオ,1
耳でけー,1
全然聞こえてたぞ,1
ピピっy,1
周波数あんの？w,1
若いか,1
耳でけぇ,1
イルカおるやん,1
フラッシュと被ってわからんかった,1
耳でかー！,1
エコー帰って来てるｗ,1
ABOしか聞こえてないｗ,1
イルカｗ,1
異常聴覚は草,1
イルカw,1
イルカと会話できるw,1
赤ちゃんやなw,1
エビオ高音に強いw,1
澤構文みたいw,1
若いからなｗ,1
そういう生態w,1
周波数ww,1
モスキート音も余裕か笑,1
人間の耳じゃないかw,1
若さ出たなw,1
若さとかではないだろw,1
うまだｗ,1
りりむかぁw,1
おしいｗ,1
呪いあるけど勝てるやろw,1
AQF反応すんなｗ,1
まっさかーw,1
絶対12になるんだよｗ,1
それすきｗ,1
12に反応するん草,1
相手の構成的にｂむりじゃね？ｗ,1
全部12なの草,1
足して12かぁ…w,1
12w,1
おばさーんｗ,1
おばさーんw,1
おばさんw,1
なんでww,1
やっぱヴァイパーかｗ,1
毒おばww,1
毒おばｗｗ,1
毒おばw,1
おばさんww,1
わかってるよw,1
どのおばさんw,1
ハユンに悪い知識がw,1
それバウンス1かもw,1
ボドカに教えてもらったリコンがｗ,1
アレスおしｗ,1
どーんｗ,1
ヒバナイスｗ,1
ひば良いねぇｗ,1
ふわっちマジおもろいw,1
ラッキーw,1
タレットww,1
タレットw,1
たのしすぎるw,1
えww,1
タレットｗｗ,1
草やめろ,1
こんなこともあるのかｗ,1
６ｗｗ,1
タレットがいっちゃん強ぇww,1
新人ちゃんを全力で泣かしに行くスタイルw,1
フラグトップで草,1
まじでソーヴァの位置じゃないw,1
このトムうるさいなｗ,1
はユンうめえ,1
君たち強いねえ,1
ナイスゥウウ,1
うめい,1
ナイスゥ！gg！,1
ナイスgg,1
すんごい行くw,1
ナイスgg〜,1
ハユンくんうんめええ,1
ナイスゥ！強！gg,1
ししー…,1
くず不破全勝？,1
まずは1本,1
そゆとこｗ,1
楽しくて強い,1
BO3か,1
すご！GG,1
あと,1
強いしおもろいし最高やんけ,1
そいうとこね,1
rきたw,1
レディはやいw,1
ｒはやいｗｗ,1
レディきたw,1
？w,1
readyw,1
何言ってんだあんたらw,1
チャット見てないw,1
パールかw,1
readyしてね？ｗ,1
ぱーるww,1
レディーきたw,1
パールかｗ,1
レディーw,1
readyかw,1
頭おかしくなる会話ww,1
だとしたら怪文書だろｗ,1
帰ってこんなあw,1
悔しい？w,1
ロータスやばw,1
ロータスｗｗ,1
スーパーなやつかｗ,1
お礼w,1
かわよｗ,1
チャットw,1
チャタリングw,1
ひまちゃんかわいいｗ,1
昨日のフラクチャーがよぎるｗ,1
neon? w,1
ネオンだからかw,1
できないんかいｗｗ,1
フラクチャーでヨル！？,1
ネオンマップか,1
ネオン強いからか,1
できんのかいw,1
葛葉ブリーチ？,1
ネオンだるそー,1
できないんだねw,1
よ、る,1
わっちゃりうぇ～いか,1
ちゃ～,1
バインドで…！？,1
yoru w,1
ぶりぶりれいずふぇいどきるじょい,1
ネオンのイメージあるなぁ,1
ブリーチじゃない？,1
レイズネオンとか,1
エビオにはレイズやってほしい,1
レイズか？,1
ゲッコーか,1
お先に,1
レイズじゃない？,1
フラクチャーはネオンが光りそう,1
ブリーチとかスカイとか,1
レイズ強い気がするけども、,1
3カードきた,1
きたきたｗ,1
ブリーチ必須じゃね?,1
葛葉のデュエ見てぇ,1
レイナみたいなぁ,1
スカイ祭りw,1
スカイ多め,1
5スカイｗ,1
みんな仲良しww,1
全員スカイw,1
全スカイw,1
ランダムはやばいｗ,1
ランダムピック行こう,1
5スカイw,1
ランダムにしようよ,1
ランダムｗ,1
なんけきてない？,1
顔てかてかなるｗ,1
危ない危ないw,1
スカイ株式会社,1
えっぐい歯茎w,1
あぶないあぶないw,1
ヤバスンギ,1
ヨルやろう,1
5due,1
ランダムw,1
5スカイww,1
動物ばっかりww,1
TAU!?,1
ふざけ出した,1
魂の5D's？,1
うん,1
遊び出したw,1
ふざけてない？ww,1
ランダムきちゃ,1
まぁガチャやね,1
ランダムいくぞおお,1
ワロタｗ,1
ランダムうおお,1
ランダムピックまじかw,1
ランダムだー！,1
わっちゃりこいこいこい,1
gacha w,1
1番上なるんじゃ？,1
うわああｗ,1
遊び始めたw,1
わ～ｗｗ,1
終わったw,1
フェニックスｗｗ,1
無理だろ,1
おぉw,1
フェ、ニ,1
わああw,1
こええw,1
３デュエｗ,1
なんだこれww,1
おわった,1
まっずいｗ,1
デュエ3草,1
オワタ＼(^o^)／,1
がんばえ～！,1
挑戦的な構成になったｗ,1
ふぁいてぃーーん！,1
おいどうにかしろｗｗ,1
なんとかなりそうww,1
リスペクト？,1
なんとかなるか？,1
ふぇ、に,1
おわったw,1
デュエだらけで草,1
楽しんでるなぁ,1
なんか強そう,1
そんなに悪くはないw,1
索敵いねぇｗｗ,1
対ありか,1
一応レイズもネオンもチェンバーも出てはくるよww,1
相手困惑でしょうw,1
終わったこへ,1
ギリ成立してるw,1
とがりすぎ笑笑,1
フェ、ニネ、オンチェ、ンバー,1
初めてレイズはパックむずいやろｗ,1
ギリ終わってるかw,1
これはえぐい,1
これはあるw,1
ランダムやべぇw,1
なにやってんw,1
おもろいやんおもろいやん,1
ファーストタイムレイズ！？,1
フラッシュあるからな！,1
レイズFPえぐいw,1
ギリ強そう,1
まっずい笑笑,1
ギリギリすぎるww,1
ひば、背負ってる笑笑,1
なんだこりゃw,1
フィジカル勝負かなｗ,1
飛び方w,1
フェニだけ出て来んぞフラクチャーはww,1
レイズやばそうw,1
まあ、エントリーいるしフラッシュあるし索敵あるし割と何とかなるかｗ,1
とぅんとぅんｗ,1
ブラストパック初見で飛べたらすごいw,1
オーブ取りまくって索敵になろうｗ,1
マジでクソ構成w,1
ボムだれやん？w,1
選択肢広いはずなのにw,1
ファーストタイムレイズw,1
チートでキャラ変更するしかないｗ,1
確かにww,1
フェニってどんなんだったっけｗ,1
面白すぎるw,1
フェニだけがわからんww,1
相手どういうこと？なってるってw,1
編成はともかく使えないキャラはまずいｗｗ,1
エクスのチェンバー初めてみたw,1
おいｗ,1
あっw,1
まじでうまいｗ,1
ヒールなんだｗ,1
ウルトたまったぞｗｗ,1
まｗ,1
うんまw,1
フィジカル破壊すぎるw,1
フェニのウルトたまったww,1
うっま笑笑,1
フィジカルで全部壊したw,1
力技で解決してやがるw,1
エイムでゴリ押したw,1
ウルトなにｗ,1
勝つんやw,1
はええｗ,1
ウルトたまったw,1
どういうこと？！w,1
練習しとるww,1
練習で草,1
エイムでなんとかしてるなww,1
ファーストタイムｗｗ,1
ねこかｗ,1
エントリーなんて腐るほどある笑,1
それ猫w,1
練習大事w,1
それ猫なんだｗ,1
きもすぎｗ,1
ジャッジチェンバーおもろ,1
特異点ｗｗ,1
キモすぎえ,1
車輪付きの猫ｗ,1
チェンバーでジャッジｗｗ,1
ジャッジなんだよな,1
なんか全然やれる構成やなｗ,1
チェンでそれはおもろいw,1
ちぇんさんジャッジやばすきw,1
チェンバーでジャッジw,1
SGチェンバーｗｗ,1
ジャッジチェンバーｗ,1
通報もんw,1
エグすぎるw,1
イチジクのタルトね？,1
チェンバージャッジえぐすぎるw,1
チェンバーがジャッジ持ってんの草,1
ジャッジ持ってるチェンバーw,1
やってることチェンバーじゃ無くて草,1
攻めで12取ろうぜw,1
チェンバーでジャッジなのわらうw,1
ジャッジチェンバーキモすぎるw,1
練習ｗｗ,1
それぞれ結構相性いいキャラになってて草ｗ,1
どこによｗ,1
チェンバーでジャッジおもろすぎるw,1
ふわっち？ｗ,1
練習ｗ,1
？ｗ,1
ぴよーんｗ,1
エントリーw,1
ふわっち跳んでて草,1
なんとなってるの笑う,1
なんとかなってて草,1
今見たら3デュエ構成とか舐めすぎで草,1
ジャッジとは程遠いキャラだろw,1
戦えてるなw,1
ジャッジチェンバー草,1
フィジカルでなんとかなってて草,1
攻めジャッジチェンバーほんときもいｗｗ,1
なんか飛んでない？w,1
すごい構成なのに強いｗ,1
男子高校生ノリいいね笑,1
攻めジャッジチェンバーキモすぎだろw,1
相手引退させるときの構成だろw,1
シンプル強いw,1
リリム草,1
なんで勝ててんだ笑笑,1
これ守りがどうなるやろかw,1
撃ち合い強草,1
悲鳴がｗｗ,1
悲鳴ｗ,1
綺麗な悲鳴だったw,1
ナイスすぎｗｗ,1
that was clutch,1
フェニックスうまｗｗ,1
噛み合うじゃんｗ,1
ZETAみたいだなｗ,1
ブラパの練習おもろw,1
一生練習するやんブラパｗ,1
フェニ刺さってね？w,1
10/2/1でぶっ壊してね？ww,1
毎回ラウンド始まる前にブラパの落としてんのおもろいww,1
毎ラウンドブラパ練習してるw,1
飛び方教えてるのおもろいw,1
ひばｗｗ,1
悲鳴草,1
たすけてｗｗ,1
ひばw,1
たすけてーーがおもろいw,1
悲鳴っw,1
ひば落ち着けw,1
ヒバw,1
ひばしぬ,1
悲鳴がw,1
うまい,1
かわいいな,1
たらいくん痛覚リンクしてるw,1
なぁいす～！うまいねぇ！,1
良い位置,1
エビオカーナビ,1
その先w,1
観光地の看板みたいなｗｗ,1
カーナビみたいなのやめろw,1
カーナビいたな,1
その先その先！,1
ひば可愛ええな,1
その先右です,1
その先を右です,1
攻めスタートなの噛み合ってるな,1
葛葉のだるまさん助けてを思い出したw,1
まぶちw,1
なんでこれ勝ってんのｗ,1
フェニックス上手くね？w,1
うると上がったw,1
パック無くなったがw,1
初手ブラパねw,1
練習しすぎて本番ないw,1
ブラストパック勿体ないw,1
もうウルト3回目かw,1
練習会草,1
使ってんだよなw,1
これで勝ててるのおもろいw,1
ウルトやばw,1
バイラウンドでブラパ無くなるのマジで草,1
まじでフェニ強いｗ,1
フェニックスうまくね？ｗ,1
すまんこれで勝つのやめてくれw,1
きたwwっw,1
すまん草,1
撮れ高作ろうとするやんw,1
トコトコw,1
赤ちゃんｗ,1
ないす！ｗ,1
とことこｗ,1
くそ楽しそうで草,1
うおおww,1
なんで勝ててるｗ,1
ホントに上手いｗｗ,1
狙い目がいいw,1
いい感じすぎるw,1
つよいｗｗ,1
なんで勝てるw,1
ボコボコだなぁw,1
ランダムピックでも勝てちまうのかw,1
レイズ練習してみてほしいなふわっちｗ,1
ばーーんw,1
大砲かかえてトコトコ歩いてるのまじで草,1
異端すぎるｗ,1
ジャッジチェンバーまじでやばw,1
ほんとだよｗ,1
チェンバーがエビオ適正あるの草,1
ジャッジなんだよねえｗ,1
葛葉フェニエグいww,1
んww,1
あるあるｗ,1
勝つの草,1
気まずw,1
あるね〜ww,1
勝つ編成じゃないのになw,1
相手1人泣いてんだぞw,1
守りは怖いけどねw,1
これで勝ってるのはなんでよww,1
どまｗｗ,1
バッキーつっよｗ,1
近かったw,1
おじいちゃんw,1
なんかいるw,1
ひばww,1
沼エイムw,1
輪郭ｗ,1
みないでｗｗ,1
ひばｗ,1
見ちゃったｗ,1
ほんとじゃんw,1
おっぺぇモクやw,1
勝って草,1
なんで強いｗｗ,1
それ勝てるんかいww,1
チーム強えw,1
なんで勝てるんだ？w,1
なんで勝ってんだ？w,1
めっちゃ勝ってて草,1
強くね？w,1
チェンバー上手くて草,1
何でこんなに圧勝してるの？w,1
みんな強いw,1
なんでこんな強いんや笑,1
勉強してるなぁｗｗ,1
ぐろいｗ,1
なんで勝ってるんww,1
勝ってんのほんと草,1
守りがどうなるかやなｗ,1
ジャッジｗ,1
ランダムピックで新たな適正見出だしてるの草,1
ビビw,1
足速すぎだろw,1
いつもりりむｗ,1
りりむ絶対わらってそうｗｗ,1
焼き殺されたw,1
いいむちゃんほんとネオン上手ｗ,1
りりむ強いんよなww,1
隠れたくなっちゃったw,1
いっぱいいたｗ,1
絶叫ww,1
絶叫ｗｗ,1
叫び声がｗｗ,1
叫び方w,1
ヒバの断末魔w,1
悲鳴おもろいｗ,1
はいｗ,1
熱さに耐えかねて出たｗ,1
おおぉい！笑,1
ぴょんぴょんしてたw,1
れちごぅ！,1
れちご！,1
あれ？,1
うぃーーん,1
ししーさんオペうま,1
ふんわりとねｗ,1
花火やめてww,1
新しすぎる,1
空中で爆散して草,1
散ったぁああｗ,1
花火やんｗ,1
撃ち落とされたw,1
爆散したww,1
面白すぎる,1
ぴょーんww,1
ふわっと浮いてた,1
花火草,1
吹き飛んだw,1
どうなった！？w,1
ぽよーんｗ,1
空中分解！w,1
ぴょーんｗ,1
まじかww,1
ブラパは練習しないとむずいよなｗ,1
上には飛べるｗ,1
弾け飛んだw,1
空中で爆散したｗ,1
不破レイズ草,1
ぷわ似合うよレイズw,1
60度ぐらいで飛んでるw,1
汚ねえ花火だったなw,1
汚ぇー花火だww,1
実際に練習必須なくらいにはむずいんよw,1
守りくっそ弱い構成ｗ,1
そうねw,1
守り終わってんのよww,1
そうは言ってないｗ,1
どういうこと…？w,1
バッタw,1
なんでそっち行ったw,1
バッタ扱いw,1
バッタ？w,1
ひねくれ過ぎてるw,1
バーンも使えるしw,1
敵に向かって投げて爆破した方が有用になるかもしれんｗ,1
勝手に解釈違いw,1
リテイクで攻めた方が強そうww,1
ハユンくん焼けちゃうw,1
こんがりこーんｗｗおいしそうｗｗ,1
こんがりコーンはただの焼きトウモロコシで草,1
ずっとレイズ講座してて笑う,1
つよすぎｗ,1
戻ったww,1
カーテン短すぎて草,1
戻るってそういうことかw,1
帰ってったw,1
戻ったw,1
しかもウルトポイントたまらんw,1
? w,1
いてw,1
使いませんｗ,1
バッタやな〜w,1
ブームボットが猫？w,1
ルンバのことネコって呼んでの？w,1
フェニめっちゃあってない？ｗｗ,1
ジャッジ飛び出てきたけどｗ,1
猫は何？笑,1
ぽーん、なんよねw,1
どんどんレイズ上手くなってくw,1
顔で言ってんのね.,1
あぁぁw,1
圧力ｗ,1
ネコ馴染んできててじわじわくる,1
ポーンじゃなくって、ぽこんて感じw,1
しばけ,1
圧が,1
圧かけてるw,1
赤ちゃん泣かせの葛葉！,1
忖度まずいw,1
そんな甘い世界じゃないw,1
小賢しくて草,1
忖度で勝っても嬉しくないぞw,1
ちょっとやりすぎかw,1
そのフラッシュいいね,1
一旦泣かせるか,1
いや、女性関係ないだろw,1
一旦ね？,1
ひばFB多くていいな,1
男女平等パンチね？,1
おぉ！,1
流石に平等ヘッドショット,1
じゃあ通話行くか！w,1
逆にかw,1
フェニ向いてるまであるｗ,1
帰ってこないw,1
ええと。逆にOWしよ?,1
これで買っちゃアカンのよｗ,1
きえもらやめてw,1
トリッキーすぎたw,1
全然やる気じゃない？w,1
戻ってこないなｗ,1
ぼこられてほしかったなぁｗ,1
OWするか,1
owするか,1
ディスコの上w,1
強気で草,1
あーあ,1
おつかれ,1
上だよなww,1
あかぴゃん；,1
夜泣き,1
ひまちゃんボコボコにしてるw,1
ししーさぁん,1
泣かせたああ,1
赤ちゃん泣いちゃったw,1
泣いてる；,1
泣かせちゃった,1
泣かないで；,1
あーあー,1
泣いちゃった・,1
泣いちゃった,1
あ…,1
ガチ泣きですw,1
あ～あ、泣いちゃった,1
泣いちゃった…,1
最高w,1
あーあ泣かせた,1
あぁ〜,1
泣いちゃった.,1
えへええん(Ｔ＿Ｔ),1
あかちゃんが,1
泣いちゃったぁ,1
でも今回のでししどうちゃんめっちゃ強い印象しかないよｗ,1
ちょっと男子〜,1
ほぼエビオのせい,1
あ～あｗ,1
男子が泣かせた〜,1
泣いちゃった；,1
強くなりたくば喰らえ!,1
しし〜w,1
なすりつけられたw,1
大体エビオのせいか,1
泣かした～,1
ジャッジガキに泣かされた,1
ほぼエビオで草,1
あーえくすが泣かせたー,1
アカちゃん泣いちゃった,1
くやしくて…,1
ちょっと男子～,1
やってたなぁw,1
男子が泣かせたーー,1
えけちゃん泣いてる,1
意味わからんｗ,1
攻めジャッジチェンバー,1
エビオおぉ〜w,1
あーあABO～,1
それはエクスが悪いか,1
ちょっと男子〜；,1
ちょっと男子〜！,1
マジかよエビオ！最低だな！,1
ジャッジチェンバーよー,1
英雄のくせに,1
ししどさんのスコアめちゃ強いけどね試合通して,1
えびお〜,1
ししー泣かないで,1
人の心無いんか！？,1
えびおさあ,1
それがエクスだからw,1
これがエクス・アルビオ,1
陰口ｗｗ,1
ほなABOが悪いか,1
陰口じゃないw,1
ちょっと男子ぃ〜w,1
嫌われてて草,1
直接言ってるんよw,1
メンタル抉ってきたw,1
エクスくんが泣かせた〜,1
陰口ww,1
自分でｗ,1
表口w,1
自分で言ってない？w,1
影じゃなくて草,1
これがモクなかにエビオありってやつか,1
陰口は隠しておいてくれ,1
自分で言うんかｗ,1
もく中にエビオありw,1
陰口ではないかもなww,1
自己申告w,1
自己申告草,1
陰口って知ってる？,1
本人申請w,1
自己申告ｗ,1
自分で言うんだww,1
ちょっと男子ぃ～,1
自己申告制はおもろいｗ,1
自己申告で草,1
自己申告悪口,1
ほかほかになっちゃったｗｗ,1
マジかエビオ,1
あかちゃんまじ強かった！,1
成仏してしまうよそれは,1
自白するんだよね,1
告げ口する奴が一番性格悪い定期,1
嫌われたなぁ,1
嫌われたw,1
あはは,1
嫌われて草,1
ちゃんとあったまってるw,1
あーあw,1
嫌われたww,1
最高やんw,1
あららw,1
コイツまたジャッジで嫌われてて草,1
sg使いヘイト高めｗ,1
ABOww,1
それは見たいｗ,1
オーバークックw,1
Overcookかｗ,1
もっと仲悪くなりそうなww,1
オーバークック仲良くなれるのかw,1
それ喧嘩するだろｗｗ,1
エクスとあかちゃんのオーバークックはちょっと見たいｗ,1
OW2か,1
オーバークックいいねww,1
ヘイトがすごいw,1
エビオ集中放火ｗ,1
悪いことしたみたいになってるｗｗ,1
えびおをたおすげーむw,1
そこまで言うw,1
罪重いｗｗ,1
owやるか,1
出禁w,1
今からOWやるか,1
ちゃんと炊いてんの草,1
イモ枠w,1
ヘイトえぐｗｗ,1
出禁草,1
恨まれてるレベルやんw,1
嫌われすぎww,1
ヘイトえぐいw,1
もうやりたくないのかw,1
そこまでw,1
めっちゃ嫌われてない？ww,1
カスタムではキモいかw,1
消えもラｗｗ,1
エビオ出禁なの草,1
エビオ不憫枠w,1
ローレンに次ぐ出禁枠にw,1
やだなぁｗｗ,1
立ち回りレディアントかw,1
消えてもらおうかw,1
だいぶ根に持ってらっしゃるww,1
同じチームやったらまじで頼もしいんだけどなww,1
忖度w,1
おもろそうww,1
ジャッジ杯w,1
ジャジガキ杯見てぇｗｗ,1
ジャッジ杯おわりすぎｗｗ,1
クソ大会じゃねぇかw,1
おもろそうｗｗ,1
面白そうw,1
地獄の大会ｗ,1
いいねそれｗｗ,1
ジャッジ杯ww,1
おもしろそうw,1
見たすぎるw,1
おもろそうｗ,1
おもろそうw,1
それはそれでおもろそうw,1
ちょっとおもろそうww,1
ジャジガキ杯w,1
ちょっとみたいw,1
別ゲームw,1
角こわw,1
お疲れ様でしたｗｗ,1
それはそれで見たいww,1
またOW2もみたいわ,1
え！？,1
え？！,1
は？,1
ふぁいてぃーん,1
ふぁいとー！,1
たまたまなの！？！？,1
ええ！？,1
狙ってないの!?,1
揃えてないの！？,1
すっご,1
ふぁいとー,1
偶然！？,1
まじ！？,1
え、すご,1
ええけえけ,1
シンクロ,1
たまたまなんかい,1
合わせてたんかおもてたわ！,1
合わせたんじゃないの？！,1
すご,1
いよいよ1つになるか,1
仲よし～！,1
合わせたわけじゃないのすご,1
シンクロ率100％,1
たまたま！？,1
すげー,1
脳みそ一緒やん,1
とんでもねえな,1
えが大きさ違う,1
いよいよそこまで似てきたか,1
おめでとう！,1
偶然だったのね,1
あたま一緒や,1
同一人物疑惑,1
わざとじゃなかったの！？！？,1
ナイフどこいった？,1
ナイス設置,1
頑張れー！,1
ひばのVC音量上げてほしいです,1
qq,1
がんばれ,1
渡会くんの声小さいかも,1
どうした？,1
もうおもろい,1
T1のエコ真似すべ,1
最強エコ部隊Ｔ１ね,1
ヒバくんちっちゃいっていうかなんか知らんけど左から聞こえる気がする,1
一旦タイトル回収あざす,1
おか,1
ないすうわ,1
ないす〜！,1
貴族エコナイス,1
おっし,1
ナイス、おしい,1
おっしい,1
惜しいぃ,1
おー！おしい,1
惜しいい,1
storyline is weirder than me,1
ナイスーー,1
ないすないす,1
ナイスぅ,1
ナイスうおお,1
ふわっちナイスナイフ,1
ぷわっちないす,1
ふわっちナイス,1
おおないすうう,1
ないすうう！,1
そせーーい！,1
ナイス蘇生,1
うんちえいむ〜,1
ぷわーー！,1
蘇生あざ,1
おほほ,1
大谷将平いたか,1
低い,1
どまnt,1
しんだ,1
いったんボコられか,1
諦めバレたか,1
ｂｒｒ,1
ﾌﾞﾘｯ,1
ぶりった,1
バリおもろい,1
こんばんわ〜初見です！,1
ﾌﾞﾘｭﾘｭｯ,1
ファイティーン,1
下痢マヨね,1
おもろすぎる,1
まもままもま,1
ないすぅー,1
ナイスキルジョイ,1
ナイス！～,1
ないすちむ,1
ないすてぃむ,1
おおナイス,1
おおナイスー！,1
ナイス！？,1
ないすこんすこん,1
共鳴ナイス,1
ナイスコンコーン,1
ナイス連携,1
ナイス守り,1
ないす～！,1
ナイスたかしー？,1
ロックマンエイムないす,1
ナイスチーム！,1
ナイスふわっち！,1
つんよ！,1
つえ,1
ふわっちもうめんだ,1
でかでか,1
弾あたりまくりだ,1
うぉい！,1
うますぎー,1
がんばれー！,1
ロックマンエイム強くね？,1
ナイスティーム,1
!,1
不破っちー,1
ふわっちのオペはガチ上手い,1
ぷわ上手くね？,1
ふわおぺさすが,1
ふわっち長物うまいよな,1
逆転あちち！,1
ﾔ?,1
二人ともタイトル詐欺じゃん！,1
にゃあ？！,1
ふわっちもエイムおかえり〜,1
りりー,1
1人で？,1
弾あたりすぎカスタムや,1
んにゃあ？,1
なんて？,1
イマジナリーふわっち,1
独りでセットアップとは？,1
ぷわナイスカバー！,1
1人か,1
ふわっちはなんぼいたっていいですから,1
ユニゾンってこと？」,1
うめえ,1
イマフワ,1
ひとりでふわっちとセットアップ！？,1
イマジナリーふわっちを宿すか,1
ナイスふわっち,1
ナイス不破さん,1
感谢，原来“草”的意思是“被嘲笑”？哈哈~,1
ロックマンするとエイム良くなるのか,1
ふわっちこれ普通にゴールドは固いでしょ,1
ナイスロックマン,1
ジャッジれちごー！,1
ダークチップ入れてる？,1
タイトル詐欺×2ってこと！？,1
ロックマンやれば強くなれるのか,1
ないす〜,1
ナイスゥ～,1
ナイスｳ,1
うあ！,1
えびお動きやばすぎる,1
1期生はみんなオーディン持つ縛りでもしてるんか,1
2発,1
ダァン！ダァン！,1
2発！？,1
ショットガンみたいなオーディン,1
ラグマジでおもろい,1
ショットガンやん,1
すげえショットガンみたい,1
オーディンがショットガンになってた,1
ダーン！,1
2発で扉壊れた,1
えぐ,1
キンクリみたいになってる,1
すごい画面,1
ナイス〜GG,1
ラグキャリーナイス,1
that is what i find annoying about this,1
なんか聞いたことない音してる,1
あら,1
a lil creepy,1
ヴァロって楽しいんだな…,1
やほ,1
ありゃまあ,1
ありゃ,1
まじ？,1
テロン,1
なおれなおれ,1
ヒットボックスヴァロ,1
あらぁ？,1
ラグとは別の問題？,1
ぴろん,1
ﾋﾟﾎﾟﾝ,1
あれま,1
ててん,1
なんの音？,1
あれ,1
なおれー！,1
えど,1
テロンテロン言うとる,1
ナイスウィングマン,1
ゲーム音小さいよ？,1
りりむ！？,1
クsあ,1
ひばつっよ,1
ダメかもしれんこのチーム,1
　おわらい会,1
こんにゃらおもろすぎんか,1
ないすけずり,1
惜しい！,1
消えてもら…,1
エビオがいっちゃんいやらしい,1
Nt,1
感謝(ㅅ´꒳` ),1
セー、ジ,1
常識が通じない男,1
絶対ジャッジ持ったエビオいるぞ,1
ping1桁なってる。いいね,1
ナイスシュミレーション,1
戦績どんな感じですか？,1
まじ似てる,1
スパイクが,1
設置せいや,1
いいむ！？,1
うまいじゃん！,1
りりむナイス～,1
ありがとウィング,1
かわえー,1
うんまぁ！,1
りりむほんとうまいわ,1
うおおナイス！,1
ナイスチームワーク,1
ふわっちがﾀﾞﾌﾟﾀﾞﾌﾟﾀﾞﾌﾟしてる,1
ハユンくんのデュエつえー,1
いいねー,1
あらあら,1
さすひば,1
怒っちゃった,1
ハユンくんチームチャットでほっこり,1
たのしすぎ,1
ここって攻めマです？,1
わあ！,1
やらしい,1
にゃらかナイス,1
人間ビーコンね,1
にゃらつよ,1
はゆんさんもすご,1
なかよ,1
KR勢の大丈夫大丈夫なんか好き,1
KRのチェンバーだぞオラ！,1
裏,1
普通に強い,1
なんかレティクルちかちかしてない？,1
ｷｮｼﾞﾝﾖ～！,1
高橋専用,1
なにそのななめ,1
ななめすご,1
ハユンうまいねぇ,1
ja ich geh schlafen,1
ゆーっくり,1
ランプ,1
NICE,1
ナイスゥ〜,1
ナイス~,1
ないすすぎ！,1
ないすぅぅ,1
ナイスりりむ,1
設置ナイス,1
ナイス設置だった,1
ナイスう！,1
にすぎてくさ,1
ふわちナイス！,1
いいむナイス,1
りりむちゃんナイスだ〜,1
ナイスジャッジ,1
ジャルジないす,1
ナイス一本～！,1
Nicee,1
ないすてぃーむ,1
ナイス読み！,1
おおないす,1
おしい！ないとら,1
いる,1
いいよ,1
ウィンドウは窓,1
あぶな,1
OMG,1
ナイフキルだ,1
バトルオーメンやからな,1
ゲッコーよかった,1
にじさんじのエンジェル,1
いいねー！連勝してるよー,1
ジェット面のオーメン,1
死ぬほど沼でくさ,1
タイトル回収ナイス,1
りりむやるねぇ,1
りりむ、つよくね？,1
りりむうめ,1
りりむうまくなったなああ,1
フラッシュよけ若い,1
ナイスよ〜,1
惜しい〜！,1
おしぃ！,1
ないすブリちゃん,1
おおないす！,1
nice ~,1
ひまちゃんナイスゥ,1
ひまちゃんないす！,1
ぽんぴナイス！,1
姉さんの威厳,1
ぽんぴまのオペは凶悪,1
どまどまどま！,1
いい勝負してるな,1
いけ～,1
つえー,1
ナイスぅ！,1
守マすぎる,1
ないとぅ！,1
いいねぇ！,1
逆転ナイスゥ,1
逆転だぁ,1
いいぞいいぞ,1
まもまや〜ん,1
逆転うおお,1
おいおい,1
まもまやーん,1
さすがに守マか,1
みんな上手くね？,1
ナイスナイスゥ,1
オレウチアイシタイ,1
でも…,1
GG！？,1
トイレ！？,1
弱音ぽろぽろでわろた,1
GGでたか,1
むりだよ;,1
トイレ行ってるやつもいます,1
死にかけのセミ,1
GG!わろた,1
無理だよ…！,1
あっ・,1
おしぃー！,1
ひまさん上手い,1
ぴょんぴょん,1
タイトル回収あざす,1
さすひますぎる,1
kuzuha最高の瞬間,1
10代エイム,1
打ち直さない葛葉さん編,1
神AIMと沼プレイを行き来する男,1
DD茶漬け,1
おしい～！,1
おっしい！,1
おっしぃ,1
おっしいい,1
おっしぃ！,1
おしいい！,1
おっしー！,1
おっしー,1
おっしーー,1
惜しい,1
おしぃぃい,1
おしいー！、！,1
おしいー！,1
がちおしい…,1
ナイストライ,1
おっし！,1
ないすぅ！おしい！,1
ナイスよ,1
チームないすー！,1
ナイスゥgg!,1
ナイス〜！GG,1
自分の力で勝利掴んだな,1
エクスつんよ,1
どちらかがね,1
どっちかは勝ちそうだったな,1
めっちゃいい試合だった,1
いい勝負だったー,1
ふわずはいい調子や！,1
そりゃどっちかが勝ちのよう,1
otsukaresama★,1
運ためてる,1
運だけの春日？！,1
ししー！,1
エイムは運！？,1
運か,1
エイムは運？,1
｢エイムは運｣,1
懐かしい,1
いいよぉ,1
れちごー！,1
ゆっくりエントリー,1
鬼コーチもいます,1
カーテン降りてからね,1
ましそよー？,1
いいメンツやな,1
ラグーザアカデミー,1
きｍｍっも,1
あちい,1
あぶね,1
叫び声おもろ,1
ないすすぎぃぃ,1
わ〜ないす！,1
終わっててくさ,1
でっか,1
すご！,1
えっぐ,1
ちらっ,1
ふわｗ,1
くさ　,1
えろ,1
いいねえ,1
なあいす,1
うまーいないす！,1
普通の疑問も出てます,1
ちくちく,1
ど正論,1
それはそうでわろた,1
ふわっちが混乱している,1
あかんおもろい,1
ちくちくやめてください,1
まじでおもろい,1
裏をかきすぎている？,1
グサッ…,1
damn,1
ワートリ？,1
エビオはダンボ,1
異常聴覚ナイス！,1
耳デケェ！,1
エビだったりイルカだったり,1
モスキート音とか聞こえそう,1
なったか？くらいの音だった,1
エビオは高音に強い,1
フラッシュよけうますぎ,1
俺たちが聞こえてるのは普通だけどよくあの状況で,1
えびピクミンは高音に強い,1
エビかイルカか,1
流石にエコーロケーションが,1
eco w,1
ナイス耐え！,1
おっしnt,1
おしいnt,1
ナイスタレット,1
うおおないす,1
ナイス－！,1
r…？,1
レディ,1
れでぃ？,1
全勝だ,1
レ、デイー,1
Rきちゃ,1
れ、でぃ,1
パール？,1
パール！？,1
リベンジか？,1
rdyってこた？,1
Ｒ,1
r,1
パールか,1
BO3,1
ready?,1
れでぃ,1
Ready,1
レディか？,1
レディか,1
もしかしてほんとにBO３するのか？,1
BO3だああ！,1
ファイナルくるか！,1
BO3？,1
レディーステディー！？,1
リベンジのRか,1
攻守入れ替える？,1
もっかいアイボ？,1
r=ready,1
終われねえか,1
BO3はじまりました,1
やるきまんまん,1
女性だけにレディってことね,1
rはレディやね,1
そういうことです、か,1
そうなんだ,1
ladyまじか。,1
どこ？,1
ひまいんぐりっしゅ,1
スーパーの？,1
どこだ？,1
lady がready,1
リベンジ？,1
スーパー?,1
めっちゃ嫌ってことか？,1
wtf LMAOO,1
ワロタ,1
スーパーなバインド！？,1
スーパーなバインド,1
スーパーなチャットありがとう,1
tyy,1
なるほど,1
スーパーなチャットありがと〜,1
スーパーな,1
スーパーなバインドありがと〜,1
スーパーなバインドありがとう！,1
すーぱーなバインドありがとお,1
スーパーなチャットありがとぉ〜♡,1
ひまちゃん語むずいな,1
tyyｗｗ,1
うえーいないすー！,1
ナイスう,1
おしぃ,1
おしい～ないとら！,1
nナイスゥ！,1
ないすー！？,1
ナイスフェニックス！,1
ナイスうう,1
ナイス置き土産,1
ナイス置きグソ,1
ナイス追い,1
ナイスすぎる,1
ナイスなんだよねぇ～！,1
ないすなんだよね,1
ふわっちナイスゥ！,1
ないすー!,1
9-3ではあるもんね,1
レイズ使いたてあるある,1
バッタの不破,1
むずいよな,1
守りこそ攻めか,1
むずいのわかるぞ,1
こっからよ,1
さぁ問題の守り,1
ポゴ？,1
爆散！,1
逆ラッシュしようぜ,1
どうやって守るんだって話,1
ふわっちうまくなったら強そう,1
頑張れー,1
ふわっちにレイズ似合ってる,1
ぜう！？,1
ふわっちがちでおもろいな,1
にじさんじのバッタね,1
nicee,1
ないすぅ～！,1
FB多いねぇ,1
ナイス～gg,1
うまーい！ナイスゥ！,1
ナイスGG,1
勝っちゃったよ,1
なーいすー！,1
泣かないで,1
フェニつええや,1
ボコボコや,1
Gg,1
さすがにボコしたか,1
ないすー！GG,1
勝っちゃった,1
全勝やんけ,1
フェニ上手くない？,1
バランス最強チームや,1
めちゃ上手かった～！,1
おもれぇ,1
葛葉キャリーや,1
rdyあるぞ,1
フェニ好き,1
舐めピックで買ってんのつええ,1
葛葉ほんとに色んなキャラ使えるな,1
かっちゃった,1
いけいけ,1
ggㄦ,1
邪念が消えてた,1
メンタルはあるね,1
この構成で勝てるのおもろ,1
フェニいいじゃん,1
あかりさん？,1
今日は男の方がフィジ強いか,1
すごいね,1
もしかしてフェニ適正？,1
フェニックスかっこよい,1
嫌われちゃった；,1
ちょっと、男子〜,1
とりあえずえびおに集めとこうフェイト,1
マイナスから始まったかあ,1
ABO,1
これがジャッジか…,1
エビオ,1
結果えびおだけが嫌われた,1
言いたい放題チャンネル,1
しっかり炊いてるな,1
ろー、れん,1
新人言うねぇ,1
しっかり嫌われてる,1
一旦殿堂入りか,1
エビオ　ヴァロ出禁,1
ちゃんと憎しみが,1
きえもら,1
ヴァロ共演NGまた増えたか,1
ローレン対面か,1
エビオ、アズカバン行き。,1
モクとジャッジないゲームなら仲良くできるはず,1
消えるのは俺の方やった,1
海老印の炊飯器,1
次回解説か,1
消えてもらおうか！,1
エビオ船降りろ,1
そのうち出禁カスタム出来るぞ,1
ジャジガキ杯,1
ジャッジ杯おもろそうすぎる,1
全員レイズな,1
楽しそう,1
全員モクだな,1
全勝ナイスです！,1
全勝ないすー！,1
対喜,0
おそいど,0
対よろ！,0
おめでとうございます,0
たいよろ,0
対よろ。,0
ツイート,0
対よろ〜！,0
まずいな,0
葛葉の推しいるじゃん,0
リハビリがんばれ,0
ついあり,0
きちゃ〜,0
対よろ〜,0
ついあり！,0
ふわっちとタイトル一緒なのすげぇな,0
おとバラ！？,0
カスタム楽しみ！,0
エクス2人おるな,0
みんな強いねー,0
ついえら,0
こんー、対よろ,0
弾あててこ,0
ふわくずてぇてぇ,0
お願いいたします,0
hae haee,0
りりむちゃんおる！嬉しいわ！,0
てぇよろ,0
楽しみ〜！,0
お願いします！,0
ふぁいてぃん,0
ローレンはローレンはローレンはローレンはローレンはローレンは,0
ふぁいて〜ん,0
ふぁいてぃん！,0
りりむ久しいなぁ,0
ファイティン,0
カスタムうれしいなー,0
ふぁいてぃーん！,0
がんばれ～,0
ぷわ〜！,0
コピーされてきてる,0
合わせたのかと思ってた,0
偶然やば,0
さすが兄弟や,0
ほぼビンゴだよ,0
えのサイズも違う,0
そろえたんだと思ってた,0
どうなっとる？,0
揃えたんじゃないんか…こえぇよ,0
合わせてるとおもった,0
ニアピンか,0
仲良し,0
フルシンクロや,0
仲良すぎや,0
漢字一緒じゃないのリアルだわ,0
ﾍｱｧ,0
ディスティニータイトル,0
口癖四天王の最終地点（脳みそ一つ）も近いか,0
多分色々偶然一緒になってることある,0
誤差,0
言語やが,0
まじでおなじうける,0
てぇてぇ,0
かよちゃんはまずい,0
座る場所移動お願いいたしますm(_ _)m,0
ぷわジェットか？,0
VC小さ目かもです,0
口癖四天王は一つ,0
そんなのねぇよ。,0
普段…？,0
今日遅延なし？,0
普段なんてねぇよ♪,0
最近まじでずっと一緒やなそういや,0
みらいさん,0
スカイでしょ,0
未來さん,0
ぷわのデュエではこれ,0
未来さん,0
拳こそが正義,0
あたるわけねえよ　うるせえよ,0
前ブリきちゃ,0
KO実際ムズイ,0
スカイじゃなくて大丈夫そ？,0
弾当たるわけねぇだろカスタム感謝,0
Koは実質ロックマンか,0
どういうことだってばよ,0
ぷわじぇっとだ,0
かよちゃんファイティン,0
マイナスかけるマイナスはプラス,0
葛葉前も弾あたるわけねえだろだっだよね,0
この面子嬉しい,0
半端だけどKay/O～！,0
頑張れ,0
ワチャワチャで楽しそう,0
座る場所右に︎,0
ソヴァじゃないんや,0
かよちゃふぁいてぃん,0
ちょめ,0
渡会ー,0
ずっと触ってるのえら,0
ならかまんキャリー,0
背中でけえ,0
下手の二乗だが,0
ちょめえ,0
ko似てるもんな岩男に,0
未来人の声ちょっと大きい？気のせい？,0
にゃらか任せた！,0
わいわいカスタムだから楽しくやれればいいのよ～,0
奈羅花ママ,0
ロー、レンは・,0
がんばれ～！,0
にゃらかが調子いいなら勝ちですやったー！,0
がんばれ〜！,0
ええ？,0
わちゃわちゃいいね,0
ふぁいてぃんー,0
ならか声小さいろ,0
もめーん,0
にゃらかキャリーか,0
AQFメンツ揃ってる,0
何したら勝ちなんだ？このゲーム,0
そめーんｎ,0
ヒバの声きこえない？喋ってないだけか？,0
ファイトー,0
塊魂は神ゲー,0
概要欄にABO2人いるな,0
なっつ,0
ゲーム音が小さいかも,0
あれは神ゲー,0
かたまり、かたまる,0
おもろいよな！,0
塊魂マジで神ゲー,0
ひばの声ないな,0
たいよろー,0
ヒバくん音ちっちゃいのかな？,0
ローレンはローレンはローレンはローレンはローレンはどこーー,0
ならかおかあたん,0
葛葉ファイティ～ン,0
あれ、コピーダメージ入ってなくね？,0
塊魂やってほしいわー,0
塊魂シュールですき,0
いけえ,0
がんばえ,0
pro siak,0
まじおもろすぎ,0
まるで仲間,0
まだ小さいかも(´・ω・｀),0
渡会くん小さめかも,0
当たんないんだよ,0
雲雀さんの声小さいかもです,0
おもろい,0
渡会さんミュート？,0
なんの音もなかったないまの,0
わちゃわちゃだあ！,0
たいよ,0
なんかひばの声聞こずらいかも,0
弾当たるわけねえだろ,0
タイトル詐欺じゃなかった,0
タイトル回収ヨシ,0
タイトル回収早いな,0
おもしろすぎ,0
ガチ当たらんカスタムきちゃった,0
タイトル通りだ！,0
2人ともタイトル回収早め,0
渡会くんの声が小さいかも,0
タイトル詐欺じゃなくて安心しました,0
valoranterきた,0
楽しそうでなにより,0
ふわずはタイトル回収ヨシ,0
ひばさん声小さいか,0
別にね,0
こんばんは！,0
タイトル詐欺じゃなかったか,0
タイトル詐欺じゃなくて助かる,0
わたひば声ちっちゃめか,0
タイトル回収たすかる,0
揃ってはいるな,0
ならか乗り気なんおもろい,0
やりたいもの多いのいいね,0
今ジャンカークイーンが一強やぞ,0
ﾘｭｳｼﾞﾝﾉｹﾝｦｸﾗｴ！,0
おみくじ,0
葛葉ゲッコー使ってくれんかなぁ,0
もう10時だしね,0
つよーい,0
なんで？,0
葛葉の声大きい？,0
箱内カスタムのわちゃわちゃした緩い感じイイネ,0
ここから本気出す,0
いまからな,0
ヤルネ＝カレ,0
本気ラグーザ,0
漢葛葉、いきます,0
37ですね,0
フラグ建てた,0
豆☆板☆醤,0
rushきた,0
きた,0
それ本気？,0
あまりにも神エイム,0
ntnt！,0
エコ…？,0
あたため中,0
ないえこ,0
弾当てちゃだめなカスタムよね,0
あたるわけねぇだろ了解,0
オペ以外全部エコ,0
貴族のエコラ,0
ロックマンからは大変か,0
貴族ではあるか,0
これからじゃない？,0
ラグーザか,0
弾あたるわけねえだろカスタム,0
サボテンエイムみしてけ,0
秘伝技きた,0
マジか！,0
ひとりなら１本か,0
俺のワンピック待って,0
5flash,0
賄賂が,0
aceやん,1
入金,0
わちゃわちゃ勝ってる,0
ACEやん,1
実質ACEや,1
人狼います,0
ふわっちオーメンの腐らせ,0
スパイおるて,0
６：４マ！？,0
低い位置が,0
葛葉人狼だったか,0
サングラス配らないと,0
敵の視界は奪ってないんだよね,0
北斗神拳な,0
まず味方からか,0
弾は当たらんフラッシュはぴかぴか,0
賄賂ね一旦,0
ヴァロ人狼はじまった,0
獅子身中の虫,0
逆エース,1
流石におもろすぎる,0
腐らせろ,0
人狼みつかったか,0
さすとろーらー,0
シュート,0
流石にサングラス案件か,0
高め高め,0
5フラッシュだけ聞くと天才フラッシュなんよ,0
内側から破壊していく北斗神拳じゃんな,0
実質エース,1
タイトルは伊達じゃねぇぞ,0
まあまあこれからじゃない？,0
最高におもろい,0
彼の声,0
こっからよな,0
弾当たった！,0
いけ！,0
ドコドコドコ,0
ストッピングは甘え,0
nt!,0
ししシーうまいな,0
ナイオバ,0
やめましょう。,0
どっちもどっちか,0
ええやんええやん,0
高め高め〜,0
本当,0
fpsちょっと久しぶりか,0
ちょっと幻か,0
ﾌﾟﾙﾌﾟﾙ,0
(勝ったな),0
まじでみんなにじヴァロが古の記憶に…,0
おかしいなぁ,0
ｓｆ６にしよう,0
ﾌﾟﾙﾌﾟﾙ…,0
せめよんエグゼでてる,0
ぷるぷる,0
2Dはそれはそう,0
ナイフ,0
もうロックマンで勝負するか,0
ロックマンしてるか,0
ロックマン軸さえ合えばいいからな,0
ポリゴン数桁違いすぎる,0
HETA Kuzuha,0
エリアスチール使われてる,0
サボテン投げなきゃ,0
銃,0
好き,0
姉ちゃんイライラでワロタ,0
高め〜,0
カウンターおでんいくぞ,0
にじさんじのいばにんになれ,0
ええやん,0
ねぇちゃんキレンテンデ,0
ええやんいいやんええやん,0
なんかねぇ！,0
ﾄﾞｺﾄﾞｺﾄﾞｺﾄﾞｺ,0
工事きた,0
工事してる,0
工事してんねぇ,0
工事きちゃ,0
工事しててワロタ,0
すごい、すごい,0
え,0
あら？,0
おっとお,0
セーフ,0
ザ・ワールド！,0
戻った！,0
お、帰ってきた,0
らぐくね？,0
戻った,0
入り直した,0
おかえりただいま,0
直った,0
復活,0
とまるな,0
戻った？,0
ぐるったのか。おかえり,0
更新！更新！更新！,0
戻ったねぇ,0
どまー,0
ロックマン！？,0
おかえ,0
おかしかったの私だけじゃないよねよかった,0
ロックマンやってね？,0
とまってるな,0
お帰り,0
おか〜,0
良かった戻った,0
おま環じゃなかったのか,0
ジャッジャー,0
ジャッジなんだよねぇ！わぁわんこ！,0
くずさんぐーるぐる,0
ただいま,0
お父さんジャッジはサンジやね,0
なおったか,0
ジャッジとオーディンの息子居るぞ,0
まぁ勝てるやろー,0
ヴィンスモークね,0
ジャッジなんだよねぇ〜,0
れちご〜,0
ハユン強そうやな,0
今きた！対よろ！,0
ぷわ！,0
ラグーザ呼びきちゃ,0
うわーい,0
連携よい,0
当たってるぅ！,0
ふわっちつよ,0
わあ,0
ふわっちつよ！,0
おぺ,0
皮膚,0
激熱ファンタジー！,0
いつも助けられたふわのジェット,0
すごいじゃん！ぷわっち,0
ヒーローや！,0
取れるう！,0
おぉ～！,0
ぷわー！,0
ふわっち！,0
宿ってたなぁ,0
ふわだむおるって,0
ずとえこきた,0
天才〜！,0
ずとえこ,0
ふわだむ,0
こーれ色気出てます,0
ずとエコ,0
ずっとエコでいいのに。,0
ずとえこ〜,0
ふわだむ！？,0
まるでT1やん,0
ずとエコリピします,0
T1！？,0
新曲あざ,0
ずとまよやんけ,0
６−６行くか,0
ずっと真夜中でいいのに、みたいに言うな,0
今日出たソルダムmontageすごかったぞ,0
エコを噛む,0
ずとえこやん,0
T1か,0
ヒバの声小さい？,0
うむ,0
これは逆転や,0
iglきた,0
謝罪きた,0
葛葉37キルしよう,0
一旦本気ではあるか,0
例えおもしろすぎ,0
神速のくずはきた,0
神速ムーブ,0
ﾄﾞｽﾄﾞｽﾄﾞｽ,0
常識では考えられないスピード,0
神速！,0
刺さってるじゃん,0
おかえりにじヴァロ葛葉,0
刺さってるぅ！,0
刺さってる！,0
オフアングラー刃牙きた,0
umai,0
これが本気…,0
最強,0
ついよろ,0
急に本気出すやん！,0
華麗なスキル＆エイム,0
きた！,0
はじまってきた！,0
完璧,0
エイムおかえり,0
おはよう,0
っぱこれよ,0
当たりまくりカスタムだ,0
弾あたりまくりカスタム始まったか,0
葛葉はガツガツがよく似合う,0
エイムおかえり～,0
首こきこきしてきた,0
急にイキる,0
覚醒するやん,0
エイムよきー,0
遊びは終わりだ,0
エィム良い,0
タイトル詐欺やめてください,0
ホカホカになってきた,0
おはよう葛葉,0
弾あたりまくる,0
エイムあったまってきた,0
ガタガタや,0
ｶﾞｸｶﾞｸ,0
ブルブル,0
地震きてね？,0
ガックガク,0
設置！,0
なんも見えねぇ,0
設置,0
dope XD,0
味方つよぉ,0
はれぇ,0
おじいちゃんヴァロ,0
寝起き気味？,0
一般人紛れ込んでたな,0
追いついた,0
ちょっと岩男かも,0
頭働かせてもろて,0
5-4？,0
あると思います,0
ちなみに5:7ではある,0
５−７だけどな,0
お弁当すぐ忘れる,0
ごーよん折り返し…,0
4？,0
まじ声が寝起きみたい,0
おじいさんの戦闘きた,0
起きろ葛葉,0
葛葉、数字も読めなくなったのか；,0
葛葉…目が…（ ; ; ）,0
頭が…,0
わんぱん,0
葛葉お前…頭が…,0
まだ寝てます,0
ごー,0
寝てるな…,0
起きて〜,0
#起きろ葛葉,0
わろてます,0
まだおやすみか,0
うん、5-4か,0
脳が起きてない,0
葛葉、目が赤いぞ大丈夫か.,0
んにゃ,0
ちょっと脳みそとろとろか,0
ひばー,0
起きて,0
あがりてたち,0
うほーー,0
?,0
わーお,0
うお,0
うんんま,0
ふわっち流石にホストだから夜好きすぎる,0
なんで当たった？,0
覚醒したか,0
起きてる,0
エイムあったまってきたー,0
今の抜くの凄いなぁ,0
スコンスコン,0
葛葉ピストルまじ上手いよね,0
攻撃的な守備,0
キル数えぐ,0
本日の共鳴あざす,0
スコンスコン助かる,0
スコンスコンスコーン,0
まるで,0
すこんすこん,0
まるで攻め,0
共鳴はじまった,0
スコーン,0
ｽｺﾝｽｺﾝ,0
え？今のすげぇエイムじゃなかった？,0
共鳴きちゃ,0
とことこスカイおった,0
もうエイム温まってるのすげ,0
攻め/詰め,0
金剛力士像か,0
風神雷神は屏風やね,0
psht,0
ダブルエントリー,0
これaqf揃うのかな,0
AQFたまに染み出てくる,0
AIによってはAQF揃うことあるんか,0
ラグいね,0
やば,0
海外勢です、か,0
なんだなんだ！,0
ガチ戦場,0
四方八方いる,0
海外から参加してる？,0
わたしが！？,0
なんでだ？,0
どうしちまったんだ回線…,0
らっぐいね,0
さっきぐるってたしな,0
ドタバタジャンゴやん,0
葛葉って韓国の方がping低い時無かった？,0
らぐーざか,0
今日回線やばいか？,0
魔界でやってる？,0
60 ?,0
魔界にいるんか？,0
らぐ,0
あったな,0
え…私のping高すぎっ…！？,0
前から海外鯖の方がピン低かったもんな,0
ショート50万人！,0
特定しました,0
あったね,0
KR葛葉,0
在住地バレ？,0
あ、住所ばれ,0
魔界に帰省してる？,0
また回線悪いんか？,0
住所バレ？,0
葛葉たまに香港住みみたいなpingの時あるよな,0
ユンくんですらもう日本在住だぞ,0
知床でヴァロしてる？,0
今魔界？,0
ジュリやん,0
韓国住みバレ,0
にじさんじKR,0
KRヤスオ？,0
韓国は、魔界だった？,0
にじさんじkr,0
誓い,0
ＯＭＧ,0
なーーいす！,0
葛葉　覚醒,0
つええや,0
エイムおかえりーー！,0
おいタイトル詐欺やめろって,0
あれ当てるのえぐー,0
コソ練か～,0
うーま！,0
コソ練？！,0
さすがのフィジカル強い,0
デスマ上から2位だったか,0
タイトル詐欺ですか…,0
さすがにロックマンでエイム温まってたか,0
ロックマンエイム練習が効いてる,0
脳起きてきた,0
これ毎日やってる,0
頭動いてきたな,0
タイトル詐欺やないか！,0
エイムおか〜,0
はいタイトル詐欺,0
タイトル詐欺やめてください！,0
ンジル,0
おいタイトル詐欺やないか,0
エグいなぁ,0
タイトル詐欺ですか！？,0
勉強してないっていうタイプだ,0
才能でゴリ押すな定期,0
がんばれたかし,0
ロックマンってエイム良くなるから,0
サボテンボールで練習した成果か,0
ヒール？,0
ロックマンしながらヴァロってたなこれ,0
ike,0
ヒールなんてねえよ,0
あつい,0
タイトル詐欺、ですか,0
葛葉のロックバスター強化はいってんな,0
スンダ,0
まもまー,0
ふわちいいねー,0
フゥー！,0
つよすぎー,0
ふわー,0
スキンかわいい,0
歌感謝,0
テーレッテーレッテテレレー,0
ふわっち頑張れ,0
ふわふわしてるな,0
左,0
叫ぶ,0
ふわっとくらっち,0
aa,0
大人になるか,0
かえろう,0
ngapain yak,0
ないけず,0
うぉ！,0
あっ…,0
らっぐ,0
削れ削れー！,0
え？ラグ,0
あるのか？,0
ラッグ！,0
らぐかったな,0
不破湊最強！不破湊最強！不破湊最強！,0
ふわっちモンタージュ！,0
すげえ,0
かっけー,0
かっけえよ！,0
ふわっちもコソ練か,0
ウィンドウズアップデートしてる＞,0
さやぷれいやーかぜたか,0
ちょっとしんどいね,0
めっちゃラグかった,0
終わったら再起しよか,0
これはモンタージュ,0
なんか裏動いてるか？,0
韓国住みバレか,0
キングクリムゾン,0
ちょっとラグーザか,0
精神！,0
不破湊最強！不破湊最強！,0
葛葉韓国でVCT出てない？,0
ふわっちいるとロックマンしたくなる,0
アプデしてるんかな？,0
ふわっちジェットうまい,0
apa itu ges,0
バレちゃった,0
これだからNUROは,0
起動しっぱなしありそう,0
イカれてるよ,0
ラグラグラグーザ？,0
ヒトボまじか,0
シャドバ起動してない？,0
とーストッピングできるな,0
勝たねばならぬ,0
pen komen apa yak,0
ロックマン起動しっぱなし？,0
ああなるほど,0
えぇ？,0
paan si gj bgt,0
ラグいの珍しいね,0
ふわっち！？,0
ラグ,0
気持ちよくなってやがる,0
東京１の鯖相性悪かったような,0
100,0
%,0
こうじうめえ,0
上手すぎ二人とも,0
天才！,0
ふわっちうま,0
ふわっちえぐいい,0
ロックマン勢育ってね？,0
ふわっちジェットまじいいな！,0
ふわっちもアセンダントか,0
ロングソードだ,0
ふわジェット良いねぇ,0
ぷわすごー,0
こーれロックマンfpsに良いです,0
ロックマン勢強いな,0
ロックマンやったらヴァロが上手くなるらし,0
ワイドソードでもある,0
起動しよう！,0
ロックマンでエイムを鍛えたか,0
こーれダークチップです,0
ロックマンやったらヴァロ上手くなるんか,0
ロックマンエイム練,0
2人揃ってタイトル詐欺,0
ふわっちシャドーユニゾンか,0
Saya憑依してるか,0
ロックマンでエイム練習してたか,0
頭はいった,0
ロックマンやるとヴァロ上手くなる説、あるな,0
まぁエコ,0
よう頭あてたね,0
頭はいったな,0
不破土体調,0
2人してタイトル詐欺クソワロタ,0
んわあ,0
うわ,0
分からせ完了,0
らぐいな,0
歯茎,0
歯茎か,0
クソラグい,0
えびおか,0
めちゃらぐいねー,0
らぐえぐい,0
ラッグえぐ,0
ラグラグ,0
ラグーザ,0
オーディンの撃ち方やべぇ,0
ABのショットガンはガチ,0
銃撃つ瞬間だけ急激にpingあがるんかな,0
エイムいい,0
ひばいいねえ,0
ひばのＡＩＭﾌﾞﾙﾙおもしろ,0
ラグすごいねぇ,0
【悲報】企業所属VTuberさん,0
こーれ、やってます,0
作戦ねえか,0
ヴァンダルクルクルでワロタ,0
重いね,0
Steam開いてたら勝手にアプデするもんね,0
リリさん…,0
バッキー「こんにちは」,0
confusing*,0
勝てるー,0
ヒバの声ちっちゃくない？,0
あと2本,0
バキり手達の夜が始まる。,0
ナイフ交換会きた,0
フィジきた,0
どまどま,0
ナッパです,0
高め〜高め〜,0
ゾーン切れたか,0
オーディン,0
そして誰もいなくなった,0
ﾗｯｸﾞ,0
とまってるの,0
くkpさ,0
なんだ今の？,0
見つめ合い…,0
らぐやべぇな,0
目と目が合ってたな,0
laggu sugi,0
決闘始まってた,0
目と目が合う瞬間～,0
会合したな,0
やばい,0
一旦再起かぁこれ,0
時止めされてた,0
ラグか,0
ラグーザ過ぎた,0
やばいやばい,0
ラグラグラグーザ,0
サーバー重い,0
ラグーザってそういう意味…？,0
見つめあってたね,0
ラグ杉君,0
裏で起動してそうだな～,0
ロックマンのバグか,0
さすがにやばそう,0
一旦勝つか,0
スタック貯まってます,0
時間との勝負ⓦ,0
勝たなきゃ！,0
この試合に耐えられない；,0
プラグインせなー,0
インターネット汚染されてるか,0
かよちゃんの理解深くなってるなぁ,0
1人だけ制限かかってんなぁ,0
メットいないか,0
ソリメンティウス3世(52),0
ウイルスバスティングしろ,0
ドンドン,0
成程,0
別ゲーきた,0
意味不明だぜ,0
対戦車オーディン,0
あ～,0
なるほど！,0
伝説のウッドティア,0
威力すげえオーディン…,0
あーなるほど,0
あーなるほど！,0
そういうこと？！,0
ｂわらわらか,0
みんな優しい,0
伏線回収,0
葛葉以外はラグくないの？,0
義務わらいか～,0
ぶりゅってたの葛葉視点だけだったのか,0
やさしいふわっちうぇ,0
優しいね,0
実はボッチだった・？,0
通じてたと思ってたのに適当に返事されてるだけだった,0
みんな…話し合わせてくれてたんだ…,0
合わせてくれてたの優しいな,0
気まず^;,0
1v9,0
みる？,0
めっちゃみる,0
みんなにゃははか,0
ミッドさんさんミッドさん,0
IDK,0
ワシじゃよ,0
わしじゃよ,0
ミッドサンサンミッドサン,0
くずじい,0
わしじゃ,0
工事始まった,0
壁抜きじいさん,0
大沼バトル,0
沼バトルが,0
踊ってる,0
せや,0
タップダンスうまいね,0
君、PRX来ない？,0
らっきーらっきーね,0
マッチポイント,0
something葛葉,0
振り向き何cmだいまの,0
いい試合,0
反射神経！？,0
葛ミス！？,0
その振り向きヤバい,0
にゃらか；,0
にゃらか,0
ほんとだ147与えてるわ,0
にゃら〜；,0
実は,0
どーもねぇ,0
こんにゃらぁ！,0
ホストだ,0
高いping、振り向き精度、こりゃスミスか,0
o,0
にゃらか泣いちゃった；,0
刀かっけえ,0
泣かないで～,0
いてら,0
一旦再起動か,0
勝ったから再起動やな,0
PCサイキじゃね,0
再起で直ってくれー！,0
守りマップか,0
二重ちゃん,0
悪口はいてもいうぞ,0
VALOのオートバランス本当に有能だな,0
こん,0
人間不信にもほどがあるな,0
バランス良かった,0
二重こんー,0
二重さんこんばんは,0
【】疑心暗鬼【】,0
ガレリアくれよ‥,0
ししーつよいね,0
二重,0
すごいなぷわっち,0
サイドを変更しただけなんよ,0
天才だよ,0
お前、すごいな,0
攻守入れ替えただけ,0
お前すごいな！,0
にーさん,0
それじゃコートチェンジなんよ,0
兄さん変えたい,0
にいさん？,0
天才ですか？,0
兄さん！？,0
それは不破,0
兄さん…？,0
ほんま天才,0
葛葉じゃないよ,0
な～んだなえたのか,0
カスタムで萎え落ち気まず,0
萎え落ち；,0
何これ。,0
ハユン,0
ししーさん？,0
天才ふわっち,0
勝ったのに萎え落ち,0
ててんてーん,0
葛葉の事‥,0
ててんてん,0
フラグトップで萎えた,0
ﾋﾟﾝﾎﾟｰﾝﾊﾟｰﾝ,0
はゆんくんの声癒しだ,0
とぅんとぅん,0
ｷﾀ━(ﾟ∀ﾟ)━!,0
とぅるんとぅん,0
感動的だな (^U^)←ニーサン,0
pc蘇生の音,0
ﾎﾟﾎﾟﾝﾎﾟ-ﾝ,0
てぃろん,0
フラグトップで萎えた…,0
おかえり(｡･Д･｡)ﾉ,0
好きなおと,0
ﾋﾟﾛ,0
ﾋﾟﾎﾞｯ,0
勝って萎え落ちは意識高すぎる,0
これで治ると良いけど,0
アセンダント,0
ふわち強かったね,0
ぴぽん,0
勝ったのに萎え落ち新しい,0
ﾋﾟﾎﾟﾝ♪,0
超楽しい…,0
ﾋﾟﾛﾝ,0
おわっちゃったんだ,0
おかえり～大丈夫かな,0
背中…？,0
ソルダム〜,0
スケベカメラ,0
ソルダムだ,0
ソルダムつよ,0
げこ,0
すけべカメラ！？,0
ランクたっか,0
葛葉おかえり,0
バインドだー,0
にゃらかのスケベカメラ！？,0
zetaが勝ったバインドだあ,0
おかえりーー,0
ヨルか,0
トコトコかわええ,0
まじでウィングマン可愛いわ,0
作戦は成功してるか,0
てくてくでかわいい,0
T1のウィングマン解除すごかったんよな,0
ウィングマン偉いぞ～,0
スキルの音キモくね？,0
though its a spammer itself,0
壁とアーマーバイいかつい,0
未來視されたか,0
頭あったてがち解除すごいな,0
りりむ葛葉が見る方見に来るのおもろい,0
135でまじか,0
おわらい会,0
きゃ,0
nt ,0
角待ちチェンバー,0
あっちこっちにいる,0
あっちこっち,0
エビオさぁ…,0
エビオっていつもそう,0
さすがに英雄,0
あっちこっちそっちABO,0
声量だけVCT,0
ハユンくん喋れてる？,0
りりむサイコー,0
りりむデバブ発動中,0
りりむうるせぇってなんか聞いた事あるなぁ…,0
りりむ、不要,0
ぷい,0
わちゃ٩( ᐛ )وわちゃ,0
ずしりはいうこと聞かない,0
本人,0
ずとでゅえ,0
でもすぐ死んじゃう,0
ずとデュエ,0
まじでわろた,0
最強〜！,0
まかりりしか勝たんのですわ,0
フラグトップりりむ,0
ふぁんぼむ？,0
リリムサンダー！,0
りりむさんや,0
デュエの才能あるか,0
ずっとデュエでいいのに。,0
、？,0
りりむ姐さん,0
りりむさん、な,0
りりむさんネオン上手いよね,0
ずとまよみたいに言うやん,0
りりむ何気にVALOずっとやり続けてるしね,0
ファンボム,0
りりむ二周してたよね,0
リリム全力で楽しんでていいなぁ,0
チェンさん…,0
りりむちゃんネオンはマジで上手い,0
マジで,0
なんやこれ,0
とことこウィングマンかわいい,0
強すぎる,0
ぱわーー！,0
あーらパワー,0
いいよ～,0
パワー,0
ハユンも強いな,0
ぱわー,0
パワー！ヤー！,0
ぱわあ,0
まじで声葛葉に聞こえるな,0
だぷだぷだぷだぷ,0
いっでぇな！,0
ゴリ押しエントリーおもろすぎる,0
ハユンさんの声ちっちゃいかも,0
楽しすぎ,0
オーメンも頭にくるのか,0
ワンピックHERO,0
わちゃわちゃで楽しい,0
ワンピッカーたかしきた,0
だぷだぷだぷ,0
トコトコトコ,0
ほんとウィングマン可愛い,0
まじで葛葉やん…,0
たぷたぷたぷ,0
たかしー！,0
たかしくんがんばれ,0
ペットかわええ,0
じじい？,0
ダプダプほんま可愛い,0
ホンモノ,0
じじい！？,0
ジジイ,0
ﾀﾞﾌﾟﾀﾞﾌﾟﾀﾞﾌﾟﾀﾞﾌﾟ,0
ハユーーン,0
うーま,0
っぱチェンバーよな,0
あぶ,0
ウィングマン可愛いな,0
ウィングマンえらいねえ,0
とことこ,0
設置できて偉いねぇ,0
設置かわいいな,0
設置かわいい,0
ウィングマン可愛いなぁ,0
後ろ姿可愛い,0
良い子すぎるウィングマン,0
本人？！,0
ｻﾅｻﾅ~,0
みんなうまーい！,0
ja daf liebe,0
ハユンつんよ,0
設置出来てえらい,0
やらしいな〜,0
いい悲鳴だなあ,0
りりむはかわいいね,0
概要欄,0
にじさんじカスタムなので、メンツは概要欄参照,0
概要欄〜,0
つよお！？,0
にゃらかつっよ,0
喧嘩か！？,0
面子把握しましたありがとうございます～！,0
れっち！ごー,0
れちごれちご,0
命あってのものだね,0
戦場の声量,0
背負ってるなぁ,0
報告量1億ある,0
がやがや,0
ウルト回収つええ,0
いなくね？,0
わちゃ勝ち,0
reuse,0
スラッシュバンディクー！スラッシュバンディク～,0
あれー？,0
いなかった,0
いな,0
回収すんべ,0
お迎え,0
おらん,0
1回しかできないんすわ,0
一回しか拾えないっす,0
りりむつよ,0
2回までね,0
いなくなっちゃった,0
回収は1回だけだね,0
2回までだよ,0
ウィングマン…,0
おらん；,0
ジョンソンエンドジョンソン,0
mou,0
2回で終わりだね,0
2回まだだから,0
一回しか回収できないんか,0
回収１回よ,0
2回までよ,0
りりむOTPいくか,0
回収一回だけだよ,0
ウルトは2回までじゃなかった？,0
えめっちゃ似てるまんまやん,0
りりむつええやん,0
ウルトは二回まで,0
CV感謝,0
でっかいねそれ！,0
スラッシュ2回までしか使えなかった希ガス,0
なくなっちゃった…,0
エビオはおかしいのはそうだぞ,0
ふ、なか,0
いやおかしいでしょ,0
共演NGってことですか！？,0
エビオは実際おかしい,0
でかぁ,0
馬だとか海老だとか,0
ならかメタのえびお,0
リリムが突っ込む,0
ユン君天才,0
天才ハユン,0
ハユン超つええ,0
さんきゅー,0
葛葉の声多いな,0
サンキューウィング,0
うまー,0
本人だぁ,0
つよすぎいい,0
葛葉めちゃ喋るやん,0
あれこれ,0
フラッシュ上手いねぇ,0
無双,0
葛葉のキャラ葛葉の声するわ,0
破壊破壊,0
りりむずっとフラグトップなのすご,0
11.3.0ヤバスギ,0
ユンくんオペ最強や,0
ハユンうまい,0
気分で使ったら強すぎる,0
ゲッコー適正アリです,0
ゲッコーやっぱスカイ上手いと上手いのか？,0
おけーい,0
リヴァイじゃんもう,0
よ死,0
よし？,0
よし！,0
よし。,0
よしっ,0
よし,0
ヨシ！,0
な、らか,0
よし！(死,0
さなさな,0
よし？！,0
どま！,0
ハユンがんばれ；,0
nt〜,0
これ壊したらチェンバー使えなくなるからね,0
ないとら！,0
どま～,0
囲まれてた；,0
どまー！,0
not,0
焼き肉いいねー,0
焼肉いいね～,0
いくかー,0
肉食いてえよ肉,0
フラグトップりりむマ？,0
ﾔｷﾆ7,0
さわ？,0
さわー,0
ハユンさんの声を大きく聞きたいです,0
りりむ監督？,0
りりむスコア1位！,0
焼肉ぅ,0
Bと見せかけて〜,0
すっごい,0
最近オペに目覚めたえびお,0
ネオン1デュエ,0
自由行動,0
これは生粋のデュエりりむ,0
シャボンディ？る,0
りりむちゃんと上手いな,0
伝説のオーダー,0
びっくり,0
ビビったぁ…,0
ししーさんつええ,0
ワァオ,0
いるんだ,0
若さで負けた,0
ホラゲーすぎる,0
びびた,0
ビビったァ,0
ホラーやん,0
びっくりした,0
ビビった,0
シャボンディオーダーなつ,0
りりむがんばれー,0
ホラー,0
ホラゲーや,0
ホラゲや,0
シャボンディだとか,0
かなかなかな？,0
お！,0
普通にひびった,0
設置通りますと,0
りりむいけるぞ！,0
いいむうまい,0
ハユン君の音量上げれますか？,0
ワンチャン,0
りりむがんばえ～！,0
わぁーnt,0
りりむー,0
なぁ葛葉blazingsails見てきたんだけどもっかいやってくれないか？,0
設置できたから,0
さすがになかったか,0
んt,0
ムーブ悪くなかった,0
nt！,0
調整感謝,0
龍神の剣ね,0
うぉんぼこんぼ,0
調整ありがと～,0
音ありがとう,0
VC感謝,0
調節感謝,0
ウルト2枚で1キル目指すマ？,0
調節,0
うぎゃー,0
ならかゲージあったか,0
楽しそすぎ,0
たのしそすぎ,0
りりむが楽しそうで嬉しいな,0
葛葉喋ってるやん,0
報告上手い,0
まっじで似てる,0
マジでみんな楽しそうで良き,0
本人やん,0
葛葉がしゃべったんかおもた,0
先に浴びてこい,0
似てる,0
どっちが喋ってんのか一瞬バグるな,0
今のどっちがどっち？,0
本人居ます,0
どれが葛葉なんや,0
回収できなくね,0
まばたきしとる！可愛い！,0
ちびすけかわよ,0
寝てる,0
アルマジロ？かわええ～,0
ぱちぱちしとる,0
なんかかわいいな,0
似すぎ,0
ふわっちとりりむちゃんおもろい,0
ぽちょ,0
ﾍﾟﾁｮ,0
かわいいねぇ,0
ドスケベ！？,0
どすけべカメラ,0
えびおうま,0
ポチャンかわよ,0
エビオうめええ,0
すけべカメラ,0
スケカメ,0
いいパラ,0
うますぎ！,0
りりむ最強！,0
すけべ,0
すげぇ報告量,0
パラでっかいしうめぇ,0
りりむつええ！,0
つよや！,0
りりむさんだ,0
ナーーイス,0
いいむつよくね？,0
りりむ強い,0
つええわ,0
パラうま,0
りりむまじで強いやん,0
ネオン適正,0
デュエノりりむ,0
りりむ強いねぇ～！,0
いいむつよい,0
りりむ最強ダァ,0
心だけ強い,0
思い切りがいい,0
やっぱりりむさんなんだよな,0
リリム強すぎ,0
デュエとしての役割全うしてるな,0
りりむきゃりーらいす,0
りりむランクも頑張ってるもんね！,0
ZAZY？,0
せっぽって設置ポイントだったんだ,0
りりむキャリーなのほんまおもろい,0
いいむ最強,0
りりむは本当に躊躇が無いからね,0
りりむいい女,0
いいね〜楽しんでできるカスタム,0
かわいくて強いりりむ最高だ！,0
小人用,0
実際、りりむは、ずっとブァロやってるもんな,0
わぁーお,0
埋まってる,0
恐怖心とかりりむ感じないもんなあ,0
こーれキャリーです,0
りりむはいい女,0
うんまぁ,0
つよつよなんだよな,0
つよいなぁ,0
ゴースティン？,0
れちごーー！,0
じつにおもすろい,0
おもすろい,0
りりむフラグトップなのすご,0
どうなったの,0
はっや,0
味方つっよ,0
さなー,0
ういー,0
え？え？え？つよ,0
つよぉーいてぃむー,0
ティムつよすぎー,0
つ〜よ！,0
サナサナ～,0
味方つええんだぁ,0
みんなつえぇ,0
みんな上手い,0
ウルトきたー,0
ワッチャリウェーイ,0
ﾜｯﾁｬﾘｳｪｲ,0
わっちゃりうぇい～,0
つええ！,0
うぇっちゃりわーい,0
うぇっちゃりわい,0
うぇっちゃりわ〜い,0
つよすぎぃ,0
今北～！,0
わっちゃりうぇーい、ちゃんと使えるんだな,0
今のフッカの連携いいねぇ,0
なんか味方強くね？,0
ベイブレードはじまった,0
なつい,0
ベイブレード？,0
ベイブレードすんな,0
ベーブレードおる,0
二枚抜きしてね？,0
ベイブレードかな？,0
うい,0
つよい,0
なんか3人やってね？,0
ゆったり勝負,0
2枚抜きおいしい,0
ﾌﾟﾘﾌﾟﾘ,0
ぷりっぷり,0
っ,0
hi,0
相手が先に見えない？,0
プリプリエイム,0
プリプリピーク,0
できるかなあ？,0
えっち,0
いやらし,0
うめええ,0
はいドスケベ,0
えっちだ！,0
ドスケベすぎる,0
きめ,0
やらしい〜,0
どすけべやなあ！,0
ドスケベの隙間,0
おわっちゃりうぇい,0
読み最強,0
ドスケベた,0
これはやらしい,0
ドスケベやーー！,0
うめーー,0
速かったなあ,0
いやらしいなぁ,0
えっぐいなぁ,0
えっどい,0
やっぱりえっっどい,0
これはスケベです,0
ウェーーイ！,0
すけべや,0
これはにゃらか上手い！,0
さすがにこれはえっち,0
やらしいねぇ,0
再起してラグなくなってよかったねぇー,0
これはいやらし,0
ドスケベピーク,0
もう終わっちゃうのか,0
ただやらしいだけ,0
いやらしいんだー,0
にゃらかつよー！,0
ドスケベだ,0
これはいやらしいって言われてもしゃーない,0
タイツのリボンくらいえっっどい,0
もういいや,0
一人；,0
荒野でボイスゲットした,0
作戦自由行動ではまずい,0
1人で連携,0
いたねぇ,0
夜叉ししー,0
あちゃー,0
にゃらかがんばれー,0
オペが〜！,0
あぅ,0
にゃらかがんばれ！,0
顔真っ赤か,0
あるあるあるある,0
あるある,0
あるある！,0
その距離！？！？,0
アノ距離で！？,0
その距離！？,0
その距離ジャッジまじ？,0
弾おっも,0
ええぇ！,0
リリさんつええ,0
セイキン！？,0
ジャッジ！？,0
まるでタルコフやん,0
いーやつめるね,0
チキンあまってないか,0
それでも強いジャッジ,0
フォトナのショットガン？,0
俺が焼く,0
きえもら～,0
家もらおうか？,0
ジャジりて,0
だれかチキンあまってないか？,0
家もらおうかぁ,0
決めろー,0
あのジャッジ弾デカいんじゃね,0
HP41だったからね,0
消えもらー,0
誰かチキン余ってないか,0
声かわいいわー,0
スラッシュバンディクーきた,0
ちびすけの目がきょろきょろ,0
流石にニワトリか,0
奇策の軍師、葛葉,0
はしれ！,0
でもDepオーメンもあんなんだぞ,0
ゲッコーいいなあ,0
ラグ直って良かったね,0
2勝ですと,0
よかった！,0
よかったよかった,0
初見さんこんにちわ,0
ししーとやってくれるんか？,0
移動だ,0
葛葉ゲッコーおもろかった,0
ぴまししど,0
うぉううぉう,0
最強すぎるかも,0
うぉうぉうぉ,0
うぉうぉうぉさん,0
あら…,0
あかぴゃと同じだと強すぎる,0
あかちゃんとは無理だねぇ,0
あらま,0
だめかあ,0
対面か,0
対面なんだ,0
対か,0
多分組めんわ,0
ししーさんとできないのか；,0
ししーと組んだら壊れちゃう,0
アセだからむりか,0
隣りりむや,0
共演NGか；,0
おー対面赤ちゃんか,0
対面だからね,0
うぉうぉう,0
見れないかあ,0
対面りりむちゃんか,0
ひばみ,0
ひばみ〜,0
ややこしや,0
そこ隣なんか,0
あかちゃんとは組めないのか；,0
ししーさんの絡み見たかったな,0
aqf,0
きばみみたいやなぁ,0
組むとちょっとバランス偏るか,0
AQFきた,0
いつかやれるといいね,0
すーぱーひばひば,0
AQFだ,0
AQF,0
えびおきちゃ！,0
AQFだーー！,0
おっAQFやん,0
シシーさんと組むと相手に後強いの敷き詰めないと無理や,0
AQFきた！？！？！？！？,0
AQFきちゃ！,0
AQFきちゃ,0
ヘイブンハロー,0
AQFきた！,0
ヘイブンブン！？,0
AQFか,0
AQFそろってしまった,0
AQFだ～,0
ブンブンヘイヴン,0
ぶんぶん,0
AQFはマズイ,0
ししーさんてそんな強いんだ！？,0
AQFだ！,0
AQFきたぁ！,0
英吸不滅！,0
AQFはまずいな,0
aqfきちゃあ,0
AQFは歯茎じゃない？,0
ＡＱFきちゃ,0
AQFヴァロあついか,0
えきゅえふ揃ったな,0
aqf助かる,0
AQFきちゃー,0
ひまちゃんだ～,0
この試合は負けか,0
AQFや,0
AOF,0
決勝で会おう,0
AQF〜,0
AQF！,0
リリさんとぽんぴまんにストッパーなってもらわねえと,0
ハユンかわい,0
AQFうおー,0
AQFだー,0
れっちごー,0
れっつごー,0
絶対適当共鳴するやん,0
おぉ！AQF,0
AQFたすかるー,0
まずい,0
AQFきちゃぁ,0
AQFきちゃー！,0
ハユン可愛いな,0
ぷりりて達集まったな,0
AQFや〜,0
かっけぇ,0
プレゼンきちゃ,0
AQFれちごー,0
古参メンバーだね,0
嬉しいメンツすぎる,0
れちご～！,0
献上すべ,0
AQFはまずい,0
願いを3考えろ,0
普通に歯茎むき出しで負けそう,0
なんかおマヌケチーム感が,0
いえーい,0
AQFきちゃあ,0
ＡＱＦきちゃ,0
AQFきちゃあー！,0
エビオを救いに来た,0
ヒカ様忙しそうなのにヘイブンまで…,0
えっぐい,0
9連敗！？,0
ぷりりてきたな,0
エビオ；,0
えびお,0
いいメンツきちゃ,0
ずっと連敗してんだ,0
の、ろい,0
AQFとひまちゃんですこれ収集つきません,0
えびお；,0
勝と; ; ,0
12位かもしらん,0
12は不吉だなぁ,0
マジで勝と！,0
まじなの？！？！,0
ここで勝とうや！,0
エビオ勝とうな,0
#ABOを救いたい,0
エクス(;_;),0
悲しみ,0
えーきゅーえふ,0
そうだねAQFだ,0
エビオ…,0
エビオ救出会か,0
えび,0
数えぐいか,0
12位の世界をかえろ,0
いいでん,0
ふーん,0
12の呪いね,0
ジェットいいね,0
呪いの数字12,0
え、えびお…,0
ホントに？,0
ｴﾋﾞｵ ; ; ,0
AQF嬉しい,0
ABCDEFGHIに勝利を！；,0
12.,0
12はまずい,0
勝とう！,0
くずふわ連勝中やからまかせろ！,0
がんばれAQF,0
エビオ勝とう,0
きたガチピック,0
AQFで12って数字やばい,0
エビオに勝利をあげよう,0
ドアないから大丈夫,0
ｋｊnasika,0
じゅ…,0
結構昔のガチピックや,0
ヴァロで12は良い数字かもしれん,0
12！？,0
ジョイは？,0
スカイがいいか,0
12…まずいな,0
なんだろう,0
KJないとここ,0
せいじ,0
政治家オーメン,0
いーや,0
あぶねあぶね,0
12…,0
がんばえ～！れっちご～！,0
始まる前から,0
今日もふわっふわ,0
どこからか現れるセージ,0
久しぶりやこの感じ,0
まじかー,0
りりむとチーブリ対決だぁ,0
ソーヴァ不足か,0
これちょっとヤバめか,0
抜けるのね,0
どゆことぉ？,0
抜け？！,0
初手BからAまじ？,0
KJウルト確かにまずいか,0
またそれＢでいいんじゃねってなるやつや,0
リコンが・,0
ビビらせてやる,0
りりむブリーチ！？,0
がんばれ～れちごー！,0
ビビってんだ,0
NT,0
ごーごー,0
頑張れ～！,0
GOGOGO,0
いけいけいけいけ,0
行けるんか,0
いやこれ強いんよね　大会でもやってたよな,0
ガチャガチャガチャガチャ,0
うてうてうて,0
わっちゃりうぇい！,0
バトルパススキンや,0
なんで勝てた？,0
ほんひまつっよい,0
ぴまぴまつよいね,0
ぽんぴまんつよ！,0
なんかね,0
当たらねえ,0
だれ？,0
G！？,0
なんだこれ？,0
遅延入れてもいいよ,0
葛葉は足がはやい,0
そりゃエクスおるからCはバレるやろなぁ,0
一旦沼か,0
追いAIMは綺麗やった,0
相手もAPEXしてたわ,0
まるみえかあ,0
意味不明エコラッシュ,0
面白,0
これは習ったやつか,0
ぴまぴまうま,0
G認定はマズイ人狼が始まってまう,0
やっとタイトル回収か,0
武器差がある時（有利）,0
AQFヤバいな,0
ウルト,0
！,0
ないエコ,0
ナイエコ！,0
うぉうぉつよー,0
ないえこ～,0
ないエコ〜,0
ないエコか,0
ないエコー,0
ないえこって話,0
ないえこー！,0
猫犬,0
猫犬？,0
ねこいぬ.,0
ふわごろうさん,0
フワゴロウ,0
ナイ猫,0
むつごろうさん；,0
ふわごろう,0
ロボットいるよね,0
guten Abend all,0
がんば、がんば！,0
やめるかー,0
誰？,0
ひば〜,0
マシャ！？,0
えいむ？,0
見ちゃったって,0
エイムがあ,0
一旦タイトル回収,0
どまどま！,0
その撃ち方やめない？,0
どまだよ～,0
ジャッジだけ異様にうまい男えびお,0
流石にぷりぷりしてた,0
マジで今年一番のエイム出てた,0
タイトル回収やから別に,0
どま〜,0
一旦タイトル回収ね,0
エイムというかストッピング,0
ｺﾞﾒﾝｯ…,0
わざとでしょ,0
紙エイムね,0
走った？,0
一旦画面付けるか,0
フワゴロウ；,0
はい？,0
いきまっかー,0
ごめんっ！,0
ふわっちだけ最後の夏,0
猫犬かぁ！,0
CRカップかこれ,0
一旦ヴァンダルあたるわけねえだろ,0
タイトル回収ってことでね,0
弾当てちゃいけないカスタムだよ,0
シナシナふわっち…,0
主催,0
ファントムなら勝ってる,0
エビオの連敗は止めれるのか,0
わぁ返ってきた,0
つええな相手,0
にゃらかえっっどすぎる,0
わっふぅ,0
わぁ,0
四面楚歌,0
クラッチ！,0
りりむに負けた・ってコト？！,0
ｳｪｰｲ,0
乱射,0
せやね,0
ﾎﾞｺﾎﾞｺ,0
飽きちゃったか,0
にゃらかいやらし〜な,0
ｸﾗｯﾁ,0
レッツゴー！,0
当たった！,0
きたきたきた,0
あるな,0
AQFが揃った結果よ,0
のまーい,0
うほーい,0
AQFってこれなんだよね,0
ふわごろう出たか,0
フワゴロウさんが,0
攻めこれまずいか,0
相手フィジが強い,0
えびおまじで呪われてるのか…？,0
クラゲ入りゃ勝てるっしょ^,0
AQF揃うとやっぱ何かあるんか？,0
えびおに勝利を…！,0
ぽんぴいいな,0
忘れてるって,0
えびおSGだけなら異様にうまいのほんま,0
つーよい,0
リリちゃんかっこよ,0
にゃらかどこだー？,0
捜索中,0
あーん；,0
そして負ける,0
負けたぁ；,0
撃ち負けた；,0
ヮ…泣いちゃった…,0
泣かされた,0
まぁアーマー無かったしな,0
葛葉くん泣いちゃった,0
バッキーなら毎回買えそう,0
れっちーごー,0
ひばつんよ,0
ヘッドラインどっか行ってるな,0
かっけぇ？,0
タイトル回収しすぎ,0
ウィングマン不破,0
りりさんm上手い,0
んｔ,0
人狼多すぎて絞れないな…,0
リリちゃんエイム綺麗だな,0
葛葉本体をね,0
おつむの再起ね,0
誰ぇ,0
湊きた,0
自分で！？,0
ヘブン報告デカすぎ,0
わたふぁ！？,0
ふわっちと湊。ふたりいるんだよね。不破湊って,0
不破と湊に別れた人いまい,0
ないとぅー,0
一応ここ攻めマなんよね,0
ひまちゃんオペうまいから,0
全部やる,0
まって不破がツボすぎる,0
ビリビリビー,0
ハユン無双きてます,0
ねことばす…？,0
ぐぇぇ,0
あうあう,0
ちゃんとIQ,0
まもままもま！,0
守マかー,0
攻めなんよなぁ,0
初耳だ,0
そう！,0
知らない世界のヘイヴンだ,0
守っちゃお守っちゃお,0
そうかなあ？,0
実はまもま,0
攻めま(小声),0
攻めまじゃね？,0
守マにしよう,0
メンタリスト,0
守マ(攻めマ),0
にじばろもまもまだったもんな！,0
さすがのならかIGLか,0
りりむは突っ込んでくる,0
でも最近守りマップみたいになってない？,0
３か所あっても守りマかぁ,0
守マかぁ,0
ほな守マか〜,0
プロシーンは割と守りで捲くる事あるね,0
オペ出せば魔もま,0
エビオが勝てない世界線か,0
葛葉ブリーチにおいては守マ,0
最近天界では守マっぽさある,0
オウムがえしね,0
メンツ最高,0
AQFなんでしゃあなしか…,0
ﾓｸﾇｷｰ,0
さすがAQFか,0
AQF尊いか,0
飛行機？ドローンか？,0
やっぱまも,0
いいねいいね！,0
もしかして守マだったかもしれねえ,0
まもまらしいからな,0
さすがジャッジの悪魔,0
守マだったか,0
おぉー,0
逆か,0
まもまなんだねぇ,0
守マか,0
ジャッジの悪魔が火を吹くぜ,0
ウッっま,0
飛行機かわいい,0
ぽんぴー！,0
ぴまぴま、,0
エイム○,0
やっぱ飛行機ってドローンか,0
ひまちゃんつえー,0
こーれ守マです,0
食いだおれ,0
無双始まるか？,0
ショータイムだ,0
これまずいか,0
デスマ始まってる,0
ししいか,0
さすがにね,0
ナイエコか,0
連敗の理由か…？,0
ナイエコ,0
実は調整か,0
初任給きちゃ,0
良い,0
なあぁいす,0
追いつこう,0
これこれぇ！,0
ぴまー,0
うぉぉ,0
ひまちゃんのオペ最強！,0
さすひま,0
ひまちゃん～！,0
ぽんぴ、破壊,0
姉ちゃんつえー,0
始まったな,0
ぴまぴまのペなんだよねぇ,0
ぴまん,0
かっけえ,0
これよこれえ！,0
Valorantはじまった,0
ぽんぴ流石や,0
ぴまぴまタイム！,0
ほんひま最強！,0
ひまちゃんつよいー！,0
やっぱ守マか,0
良いねぇ,0
ぴまぴまつええー,0
すーぱーぴまぴまバスが発進した,0
やっぱぽんぴまんスナつぇー！,0
ひまちゃんかっこよ,0
ひまちゃんうめえんだ,0
たまんねえなおい,0
ひまちゃんのオペつよぉ,0
ひまちゃんのオペよ,0
ぴまぴまつよ,0
すぱぴまつっよ,0
ぴまぴまやば,0
ぽんぴまほんとオペうまい,0
ﾋﾟﾋﾟﾋﾟﾋﾟﾋﾟ,0
pinpinpin\,0
ﾋﾟﾋﾟﾋﾟﾋﾟﾋﾟﾋﾟﾋﾟﾋﾟ,0
DJKUZUHAきた,0
うっさ,0
ace!?,1
ACEあります,0
ﾋﾟｯﾋﾟｯﾋﾟｯ,0
ACE！,1
かっこよ！,0
ぴまぴまえぐ,0
ACE！？,1
ACE!,1
ぴまぴまぁ！,0
エースかっけええ,1
ace！,1
ひまちゃん！,0
うぇーい！,0
えーーす！,0
オーブEDM,0
エース！,1
ACE,1
ace？！,1
ぽんぴまーん！つんよ,0
エースー！,1
ace!?!?,1
aceま？,1
ひまちゃんつええ,0
ひまちゃん！？！？,0
すーぱーぴまぴま最高の瞬間きた,0
すげーー」,0
ぽんぴまんえぐー！,0
ぽんたーじゅきちゃーー,0
ぽんぴまーーん！,0
つよー！,0
ひまさんつよ,0
リプレイ見てぃ～,0
キャリーお願いします,0
エコ狩りの翁だ,0
すーぱーぴまぴまこんな上手かったんか,0
えー、守マですこれ,0
ひまだむきたぁー,0
最強の猛獣ルンパッパきた,0
ぽんぴまかっけぇすっ！,0
A,0
複数形,0
おじさん,0
下水おじさん,0
えびおジャッジかオデンだからなあ,0
生えてきた,0
ヒム？,0
なんつーマクロ,0
ブロッコリーきた,0
ブロッコリー,0
エビオうめえ,0
あれ？まもま？,0
フリックうま,0
つよすんぎ！,0
ヘブンオーディンえっぐ,0
固定砲台〜,0
てぃむ強いって！,0
ライス！,0
エビオさん上手い,0
まもまぁ,0
守り6-0！？,0
エクスかっこい,0
あみだくじか,0
だからかあ,0
うまABCDFE,0
気合いが違うわな,0
かわよ,0
ガチ守マや,0
こーれ今日負けなしか,0
ソースはまとめ,0
Youtubeでみた,0
便利ではある,0
YouTubeで見たか,0
動画勢！？,0
キッズじゃん,0
今もyoutubeで君らを見てるし,0
えぐい抜き,0
ファッ,0
がちか,0
YouTubeでみた,0
あかぴゃつっよ,0
ACEくるか？,0
やっば,0
自由すぎる,0
ほんまや,0
それ見た目変わるやつ,0
目がボタンや,0
目がそんなかんじだよね,0
りりさんほんと好き,0
エクス間に合うか？,0
夢見ておやすみ,0
じゃね？,0
afk,0
川までいくもんな,0
ルーザーです、か,0
はぁはぁルーザー,0
ｵｯｶｲ,0
相変わらずだなトイレ,0
エクス？,0
トイレ遠いんだったわ,0
爆弾が,0
川まで行ってきた？,0
間に合った！,0
AQFいいなあ,0
なんなんその会話,0
エビオは大痔主だからな,0
打ち勝てんなぁ,0
びっくりKJ,0
便所飯確定演出,0
毎回あかぴゃと出会うな,0
AIMええなあ,0
オペうまいなあ,0
全部おもろい,0
いい勝負すぎ,0
KRジェットオペつよすんぎ,0
まだこっから,0
オペが怖すぎる,0
いい勝負,0
一旦か,0
いい勝負だー！,0
良い勝負や,0
いつの間にか流れ変わってた,0
ハユンすごすぎる,0
みんな上手いなー,0
プレデターオペ上手い,0
音すげ,0
やべ,0
ジャッジなんだよね,0
えぐー,0
今の勝てるの！？,0
えびおがおでんに浮気してるからな,0
めっちゃいい勝負,0
前出る判断さすがー,0
わーー,0
なんで当たる？！,0
最高すぎ！,0
うますんぎ,0
パラ食らってもジャッジの距離！,0
うぉうぉまで言うの好き,0
ラークがうめえ,0
犯罪者予備軍なんだよね,0
おでん最強！,0
見てしまった,0
ひまちゃんオペうますぎ,0
さすひまです,0
５年分撃ったやん,0
あぶないあぶない,0
反応若すぎる,0
12、か,0
なんかじゃない？,0
なんか…,0
落ち着いて！,0
あせるねえ,0
畳むべー！,0
"12,だね",0
終わらせべー！,0
勝て勝て〜,0
守マですわー,0
まっちょぽいんよ！,0
12だ,0
間に合わない(残り15秒),0
エビオに勝ちあげんべ！,0
ABO初勝利なるか,0
ABOつえー！,0
えびおに勝ちをあげようよ,0
12きた,0
エビオ勝たせよう,0
楽勝ふぁいと！,0
エビオ勝て！,0
エビオを勝たせよう,0
ABOに勝ちをプレゼント,0
くずふわ今日いいねぇ,0
まるで強い人やん,0
やっぱABOはオーメンよ,0
ここで勝てば12の呪い断ち切れそう,0
連敗阻止しにきた,0
えびおに勝利を,0
流行り手,0
はやりてたちの夜,0
2連敗組がキャリーしてるわ,0
やっぱ守マや,0
はやリテたちの夜が,0
はやり手たちの夜,0
はやリテ,0
はやリテ達の,0
れっちご～！,0
れっちごー！,0
えっと？,0
わぁnt,0
あらら,0
あ、あれ？,0
何が起きた？,0
スタンうまいね,0
チャットでGGするか,0
スタンえらかったな,0
タイミング合わね,0
どまどま～,0
ぐちゃりてたちか,0
返しがうまかったか,0
リリム上手くない？,0
相手が上手かったか,0
返されてたか,0
返しうまかったな相手,0
さすがだ,0
どま～！,0
誰も、いないのである,0
りりｒむえらいね＾,0
こーれ延長戦始まります,0
マップみてないししゃーない,0
がんば〜,0
12か…まず,0
悪魔の数字12始まります,0
エビオに勝利を…！,0
まあグッドゲームではある,0
otは嫌だotは嫌だ…！,0
どきどき,0
楽勝で勝てば勝てる,0
おっぶえ,0
OTです、と,0
あわ,0
LMAO,0
OTか,0
OT,0
OTだ！,0
OTだー！,0
OTや！おもろいやんな,0
OTだあ,0
あえて盛り上げるか～,0
OTファイト！,0
OT!OT!,0
OT〜,0
OTいっぞ,0
OTや,0
何してん？,0
始めるか～,0
OTだあ！,0
闇のゲームを,0
クライマックスやでな,0
ot,0
OT！ＯＴ！,0
遊びの時間は終わりだ,0
OTだぁぁ！,0
楽勝楽勝,0
ろいやんろいやん,0
楽しもう,0
おもろいやんおもろいやん！,0
OTがんばれ,0
エビオに勝利を！,0
始めようか,0
呪いの数字やん,0
わ,0
12、と…,0
呪いの数字,0
12を越えたらAQF勝てるぞ,0
OTがんばれ～！,0
otファイト！,0
12の悪魔,0
12はまっずい,0
12を超えたい；,0
勝つぞ勝つぞ～！,0
12…ｳｯｱﾀﾏｶﾞｯ,0
頑張れ！,0
12！？！,0
aqf.12.,0
また12か。,0
こんーー！今どんな感じ！？,0
呪いの数字乗り越えるからセーフ,0
12を乗り越えろ,0
不思議なことがあったかな？,0
インスモのバケモン,0
モクに圧ができる,0
強くなりすぎだろエクス,0
一生ライバーやってんだなエビオ,0
勝てる勝てる,0
ぽんぴまうまいな,0
ひまジェットマジつよい,0
やっぱモク中実感だったか,0
ぴまー！,0
頑張れ頑張れ〜！,0
反対でした,0
うう,0
あついな,0
おもろいやん,0
競ってるねぇ,0
あっちぃ,0
あっっつ！,0
がんばれええ,0
あちーち,0
がんばれがんばれ！,0
しぬまでやろう。,0
IQ300のりりむ,0
あっつ！,0
いけええ,0
こと切れるまでやり合おう,0
いい勝負だねぇ！,0
あついねぇ,0
命を削る,0
ヒソカ？,0
歴戦の猛者きた,0
12消えたから勝つね,0
2200年までやろう,0
ヒソカ,0
老子きた,0
相手の体力尽きるまでやろう,0
2200年の人きた,0
朝までやろうぜ,0
あついねえ,0
この一戦カロリー高い,0
舐められたらあかん,0
やっべ,0
返すぞ！,0
落ち着いてこ,0
熱いじゃん,0
やべやべやべ,0
おいつくぞー！,0
まじおもろい,0
いけるいける,0
えびおに勝利を；,0
いいねいいね,0
エビオに勝利が,0
がんばれえ,0
頑張って,0
雲,0
がんばれーー！,0
えびおに勝ちを…,0
でかい,0
メンタルメンタル〜,0
ぴまぴま〜,0
えびおキャリーして勝てなかったら泣いてまう,0
ワンピックでっけえ,0
しっかり頭なんだよね,0
やっぱひまちゃんなんだよなあ,0
バランス完璧やん！,0
クロールしてたわ,0
紙エイム,0
ないけず！,0
エイムが,0
りりむつよいなぁ打ち負けちゃう,0
気配消すのうま,0
まだ終わらんぞ！,0
精神攻撃,0
不安にさせる,0
不破だけにね,0
いいよ～！,0
デュエル大好き少年,0
キープ！,0
イイネ,0
朝までOT,0
いい勝負だねー,0
激アツ！,0
朝までやるか〜,0
終わらんぞぉ？,0
しぃしぃ！？,0
しいしい,0
タイムアウトとらなくても大丈夫？,0
メンバーが葛葉批判するのさぁ,0
ジェットはCのがいいよね,0
リリさんのスパイクリマインド優しいな,0
ここでＣか,0
がんばって,0
頑張って！,0
チームバランス良すぎや,0
良いよ,0
ふわじぃがおる,0
めっちゃ耐えた,0
いーよー,0
モク中に？,0
うええい！,0
最高,0
ふわっち〜,0
エビオうまいな,0
おっ,0
不破湊最強！,0
いけるぞ,0
限界ポジの王子様居たね今,0
ｵｯ,0
いけるぞ！,0
ｱｯﾋｨｱ,0
おひょ,0
終わらせべ,0
この戦いを終わらせる時がきた,0
終わらせちゃおっかぁ,0
終わらせよう,0
この戦いを終わらせにきた,0
いくぞいくぞいくぞ,0
30キル英雄つええ！,0
オッ,0
いけるぞー！,0
この戦いを終わらせに来た,0
ふぁいとうー,0
畳め,0
上手くなかったらアセいかんのよね,0
シー,0
れちご、ちごー！,0
えびおがリムジンだから勝てたんだわ,0
よかったねー！,0
フラグトップやん,0
えびおおめ！,0
オーメンで32マ？,0
つえ〜！,0
3連勝ですと,0
エビオよかったなぁ,0
勝ち取りゲーミング,0
ぴまぴまエビオつんよ,0
葛葉3連勝！,0
ししーー,0
一番の後輩に勝利のワンマッチしないか？,0
いい試合だったー,0
まじで良い勝負だった！,0
うんうん,0
えびおよかったね,0
三連勝いいね,0
つんよいぞ,0
それはそうなんよ,0
えびおえっぐい,0
もぎりて達の夜が今、始まる,0
32マ？,0
自分で自分の連敗とめた,0
エビオのは止まったけどししどうぉうぉうぉは3連敗なんよな…,0
エイムは運、至言だ,0
運つよすぎる,0
エイムは運…！？,0
「エイムは運」,0
サイコロ投げてんのね,0
ししー「Aimは運」,0
運エイム！？,0
持論独特やな,0
ロータス、,0
全勝するぞー！,0
ロックマンは全てに通ずるのか,0
エイムは運ゲーだった？,0
運で汗までいく女、ししー,0
ですやんですやん,0
おみくじエイム,0
神マップのパール行こう,0
あえてのブリーズ,0
ぷりね,0
勝つならスプリットか,0
ぶりりてはきたねえ,0
サイコロエイマー,0
嬉しいわチーム,0
うぅ,0
ぶりり手はまずいか,0
葛葉ジェットや,0
ジェットくるか！？,0
今から！？,0
くずはじぇっとあり！,0
これは女たちに勝ってほしさがある,0
アイボか,0
元気,0
アイボいいねー！,0
BO3見たいって,0
ししの得意マップ？,0
こっからBO3マ？,0
最大3時間です、か,0
BO3いこ,0
VCT !?,0
元気だな〜,0
Bo3まじ？,0
ぐし！,0
ずはジェット見えんかな〜,0
どっちも頑張れー！,0
BO3きたあー！,0
ファイティンー！,0
ガチでやるぞ,0
赤ちゃん泣かせの葛葉,0
ジェツト？,0
葛葉ジェット見せてくれ,0
これ編成どうするん？,0
ファイト〜,0
ジェツトか？！,0
葛葉のデュエ見てえ,0
男女別チーム？,0
ジェットgo!,0
紅白戦bo3ええやーん,0
ということは？,0
これでいくマ？,0
最強構成,0
不正があります,0
双子いるけど,0
このチーム強,0
KILJOY !,0
葛葉さんソーヴァいこ,0
葛葉ソヴァだろ,0
ｼﾞｪｯﾄ,0
秘伝時代,0
まっずい,0
秘伝のね,0
秘伝；,0
ずはジェット見えんか〜,0
秘伝の一族,0
秘伝のタレきた,0
秘伝の記憶を,0
秘伝のタレ,0
秘伝の男,0
秘伝！？,0
ひ。でん。,0
秘伝の！？,0
タレきちゃ,0
秘伝のタレいくか,0
秘伝思い出すなぁ！,0
来た秘伝！,0
秘伝の！,0
秘伝きたー！,0
タレを思い出せ！,0
秘伝のソーヴァ,0
CRカップ…,0
たれ,0
タレ見つけよ,0
なっっつ,0
ソバいけるやん！,0
CRカップ以来だ,0
タレぇぇー！,0
たれーー,0
秘伝ぶりや！,0
やったれやったれ,0
秘伝のタレ作戦行こうぜ,0
秘伝きちゃーー,0
タレが見れるのか,0
秘伝きたか,0
ソヴァだー！,0
一族頑張れ,0
秘伝だー！,0
やったりうぇ～い！,0
秘伝いくか,0
ソヴァきちゃ,0
久しぶりに見る！,0
　秘伝のリコン出そう,0
アセンドだけ異常に知識があるソヴァ,0
秘伝キタ！,0
V D Kの教え,0
秘伝きた,0
タレ継ぎ足すか,0
秘伝のタレのソーヴァさん！,0
ひ、でん,0
秘伝なつ,0
タレくわせて,0
懐かしのソーヴァ,0
秘伝.うっ.,0
ｵｯｹ,0
タレ見せたれ,0
秘伝,0
秘伝きちゃ,0
タレべしょべしょでいこう,0
タレ,0
秘伝の一族が生きる時が来たな,0
秘伝の蕎麦だ！,0
秘伝のタレくるか？,0
秘伝の蕎麦,0
VS設置の,0
ドローンより先に手が出る男,0
一族の血流れてるからな,0
おかえりいってらっしゃーい,0
イニシやなぁ,0
タレ出ちまうんか,0
秘伝のソヴァ,0
熟成した秘伝のタレ,0
ぷわいてら！、,0
でるぼーもっぱい,0
秘伝！,0
秘伝のたれいったれ,0
家旅きた,0
クソわかる,0
タレの付け足し時間きた,0
うんでわろた,0
葛葉はランクぐらいでしかデュエ見れないよね,0
空に矢撃って遊んでた記憶しかないな,0
さすがに秘伝のタレでるなこれ,0
秘伝の時うまかったぞ,0
秘伝の一族の時フラグトップだぞ,0
秘伝ソヴァきちゃ,0
秘伝のおもいだせー,0
蕎麦普通に上手かったくね？,0
復活のタレ,0
たれを絶やすな,0
秘伝のタレや！,0
ソーヴァのマント普通にトロ,0
でもアシストは多くなるよ,0
秘伝のタレ！,0
秘伝のタレきた！,0
強かったくね？,0
lazさんそばだぞ,0
秘伝だー,0
VS設置行こうか,0
タレじゃん,0
ねおんま？！,0
ヴァロラントのピカソかよ,0
タレタレ！,0
俺はタレがみたいです,0
スコア気にしちゃダメよ、全力で味方をサポするのがソヴァよ,0
葛葉のデュエ見てぇなぁ,0
久しぶりのタレ美味そう,0
いいむ～,0
リリムちゃんはネオン,0
ぶっ潰すぞ,0
真面目だなあ,0
れちごファイティン,0
なんか勝ちたがってない？,0
タレいこ！,0
うわ～必死乙って言われちゃうわ～,0
男子ガチじゃーん,0
あっちのチーム、設置つらくね？,0
葛葉まじでデュエやらんな,0
強いよそれでも,0
スカイ気になる,0
強いよねえ,0
正味強いよな,0
りりむちゃん、ちゃんと強いからな〜,0
がんばれ ~ ,0
実際強い,0
りりむネオン使ってるだけあるよね,0
OTPの賜物,0
りりむ強いからねぇ,0
練度は高いからね,0
最高ランクだからしゃーなしやね,0
つよいよね,0
ファイティン！,0
ストレイフ,0
ぶぅぅーん,0
頭吹き飛ばされてね？,0
男どものノリ好きすぎる,0
ハユンいけ,0
男祭りいいね,0
楽しい,0
ラーク・？,0
もはや本隊,0
ラークってなんだ,0
４人ラーク？,0
ラーク葛葉,0
4人ラークは本陣なんよ,0
それはもうラークとは言わないのでは,0
相手の構成が女子だけじゃん,0
4人ラーク？,0
ハユン呼び捨てになったのか,0
よーし！,0
当たらん当たらん,0
まるで将棋な立ち回り,0
うぉー！,0
つよいなー,0
ゎぁ,0
いいよいいよ～！,0
気持ちいいわ！,0
いいigl,0
こーれ神です,0
エコ最強,0
将棋うま,0
うい〜！,0
相手のVCききてー,0
むしろDRX,0
まるでT1,0
ソバさんになるか,0
くーちゃん？,0
ゼータに勝てます,0
頭ふわふわや,0
　zetaより上ってこと！？,0
尖りすぎたIGL「4人ラーク」,0
攻めオデンするのかと思った,0
おかしくなっちゃった,0
杵柄リコンいいね,0
秘伝の？,0
逆チーター,0
まあまあ,0
ごさ,0
最高やな,0
あまりにもお祭り,0
０,0
行こう！,0
やった！？,0
浅めのウルト,0
本当に撃たれてるやん,0
ジェットコースター乗ってるみたい,0
大絶叫きこえたな,0
おん,0
いいぞ！？,0
オペは膝で受ける,0
KOKO！,0
男子高校生しかいないな,0
わあお,0
仲良し男子校ノリ最高かよ,0
カーテンピークきた,0
超次元ピーク,0
顔面ピーク,0
ぷらぷら,0
スーパーピーク！？,0
つええな,0
なーいすー,0
後から怖いぞ,0
プロフェッショナルか,0
SG博士いる,0
軌道が見えてんだ,0
分かりてたちの夜が始まってる,0
知り尽くしすぎだろ,0
キモの達人,0
予測栓を予測する,0
ショットガン仙人や,0
ショットガンマスター,0
ショットガンの全てを知る者,0
まるでショットガン博士だな,0
G2スコア,0
ヒバ！,0
ひば！？,0
きれいなエイムだ,0
ヒバいいぞ,0
ふわっちだけ別ゲーでクサ,0
えっほえっほ,0
はちれ,0
Aで蘇生あり,0
エイムきれいやな,0
あざまーす,0
モク中のエビオ,0
わぁー,0
わっつ？,0
未来見たか,0
わからん〜,0
未来観てきたか,0
高次元のたたかいか,0
さす未来人,0
エビオ読みされたな,0
未来視ＶＳエビオ,0
エビオまじでおもろい動きするな,0
流石に未来人か,0
おもろ,0
すごいな,0
ソーリーソリ,0
なるほどなあー,0
エビおの視点おもろいなぁ,0
あの人モナド使ってね？,0
リスは深すぎるかも,0
ほな勝ちかぁ,0
まあいつも通りか,0
エイム冴えてるぅー,0
男子つえーな,0
うむ！,0
たまってねえか,0
エイムあったまってきたなぁ！？,0
ぶちかませ！,0
ここって攻めマ？,0
(´-ω-)ｳﾑ,0
あぶねー,0
あっぶねー,0
さすがのぴま,0
あぶね～死んだかと思った,0
死んでるんよ,0
攻めマってかフィジカルMAP,0
死ぬかと思った,0
たけし；,0
りりむに勝てん,0
ハユン君の「オペリ手」じわる,0
りりむ背が低かった…,0
たけしー！,0
中距離プリ,0
りりむすごいな,0
強すぎ,0
命の交換,0
盾やわらけー,0
リコイルでやろうとして基本負けてるな,0
りりむしゃがみ打ちだからヘッショラインズレてるなぁ,0
ひえ,0
あい,0
スイー,0
ｽｰｰｯ,0
一旦流れ守るか,0
ずとＢきた,0
葛葉が弾当てれば勝てる,0
とんでもねえダブルピーク,0
折り返しだ,0
声にビビった,0
くそつええな,0
葛葉エイムきれーい！,0
つーよ,0
順調だねえ,0
うめー,0
ヴァンダル懐いてる,0
つえ〜,0
エイム強いねえ,0
ぷり,0
ヒバうまいねぇ,0
あえてね,0
いって,0
んわ～,0
カーテンおりちゃた,0
9-3きた,0
やべえ、9-3だ,0
呪い？,0
9:3…,0
いうて9-3,0
呪われてない？,0
9-3の呪い,0
足して12は危険な数字よ,0
呪い発動するか,0
魔のスコア,0
９、３,0
呪いか？,0
呪いくるか,0
足して１２はまずくないか？,0
この数字が怖いんだ,0
9－3の呪いじゃない,0
CURSE !,0
都市伝説やん,0
9-3きちゃ.,0
アイボの93,0
９－３か.,0
9-3か、,0
縁起は悪いな,0
最も危険なスコア,0
でもNRGは9-3から逆転したで,0
9-3は.,0
足したら１２,0
やりすぎコージーなつい,0
おっと9-3、,0
12…！？,0
相手ソーヴァできる人いなかったか？,0
１２…！？,0
危険だな,0
呪いの数字じゃん,0
呪いか,0
足して12は縁起悪いな,0
がんばれ～い！,0
こわいねぇ,0
今回は呪いが発動するのか,0
全部12になるぞ？,0
まず,0
覚えてんのすご,0
AQFにとって12は…,0
足して12はまずい,0
13個あるうちの1つ,0
１２.,0
VALORANTで危険と言われている12個のスコアのうちのひとつ、,0
フナチャレンジされるかも…,0
呪いあるか,0
この状況どれで足しても12や,0
12…か,0
AQFの呪いが,0
12….,0
4-8とか5-7とか,0
12…12位！？,0
逆転されやすいスコア第三位といわれるあの,0
12位…ｩｯ頭が,0
未来人確かソーヴァできた気がする,0
AQFそろった１２！？っう頭が,0
12位ってなんやろなぁ,0
1、2,0
えっぐいエントリー,0
もう12越えたから平気や,0
めっちゃおう,0
12こわい,0
わわ,0
12.みんな反応してるの最高,0
おばさーん,0
おばさん！？,0
いて,0
おばさん？,0
生きてたなあ,0
でかか,0
おばさんどれ？,0
お姉さんやろがい,0
なんと全員女性キャラ,0
よし12超えたな,0
限界キング,0
クリームシチュー？,0
ハユンよく生きてたな,0
ハユン永遠に生きてたな,0
歯茎だしてこー,0
ネオンいるから速いな入ってくるの,0
お姉さんだろうが,0
ヴァイパー泣いちゃうよ,0
おばさん一行？,0
ネオンは高低差ないからねぇ,0
お姉さんやろがい！,0
ヒントが少なすぎる,0
女性ね,0
かわいそう,0
おねえさん,0
向こう全員女キャラ,0
どのおばさん！？,0
りりむといっしょやん,0
おねえさんやろがい！,0
女子におばさんまずいですよ！,0
お姉さんだろーが！,0
どのおばさんもまずいだろ,0
お姉さんだろぉ？,0
ヴァイパー泣いてるよ,0
でま,0
お姉さまだよ,0
相手全員女人ですよ！,0
お姉さんではある,0
コーステッィク？,0
あ、これ相手女キャラ縛りなのでは？,0
毒おばだとかガスおじだとか,0
固定砲台,0
オーディン(アレス),0
おねぇさんやろがい,0
お姉さんです,0
ハダオさん,0
ソヴァさん宿すか,0
お姉さんだろが！,0
ソヴァさん！？,0
ガスおじ毒おばね,0
わかるわけねえ,0
おでさんくるか,0
apeのガスおじ、valoの毒おばね,0
ここでメニキリスペクトか,0
葛葉「narakaはおばさん」,0
メニキは工事がうまい,0
おねぇさん,0
スキン渋,0
バイパーがいっちゃんかわええやろがい,0
ここまでダーツ当たったの0じゃない？,0
ソヴァさんにはなれんかった.,0
まじうめ,0
さすひまや,0
頭うま,0
ひまちゃんうますぎ,0
メテオきたか,0
ましゃがきかー,0
ぽんぴまんつえだ,0
マーシャル上手いのいいなあ,0
一旦節約か,0
Hi,0
KJスキルおいとこ,0
どーーん！,0
ドーン！,0
ドォーン！,0
あかちゃんとは組めてないです,0
たれ！,0
ししーさんとは組んでないよ,0
タレット最強！,0
タレットがあ,0
タレット最強だから,0
ししーさんは葛葉と同格なのでチーム組んでません,0
セントリーOP,0
タレットつんよ,0
タレット最強！タレット最強！,0
テクいな,0
6人目,0
6人目タレット,0
何があったの,0
タレット稀に強い,0
タレット最強,0
6人目きちゃー,0
まさかのタレット,0
スタ、ンミ,0
タレットー！,0
このテンション感が最高におもしろい,0
消えたのはチェンバーの方,0
6人目って消えてもらおうか君だったのか,0
葛葉とししうぉうぉがアセだから一緒のチーム無理,0
ボドカさんに教えてもらったやつやっけ？,0
わらわらだ,0
見事！,0
答えてくれた方ありがとう,0
いい声たすかる,0
つよスンギ,0
あうあうあう,0
はんやい,0
強すぎるだろ,0
お見事,0
強すぎ〜！,0
おわらせるかあ,0
勝ったな風呂食ってくる,0
あぅあぅ,0
強すぎ！,0
つよいな,0
白強すぎ,0
あうあうあうあうあうあう,0
つよすんぎー,0
BO3だからな,0
こーれ威厳見せました,0
まずは一本か,0
どうしてももう一回したいっていうならやりたいな,0
アイボソーヴァ杵柄あるやん,0
フィジカルMAPよアイボは,0
nc,0
そーゆーとこあるか,0
クズーハ強いねぇ！,0
おや,0
お！？,0
bo3?,0
ウルト？,0
葛葉1番上や,0
R,0
Revenge,0
BO3だし,0
BO3だから早いのかな？,0
ん,0
rdy,0
kita,0
スーパーなチャットありがと＾,0
スーパーなチャットありがとぉ〜,0
チャタリングしてたらdodoはおかしいやろ,0
スーパーなバインドありがと～,0
スーパーなバインドありがとう〜！,0
バ　インド,0
フラクチャーネオン強いなぁ,0
ちゃ〜,0
フラクチャー見たい,0
フラクチャー？,0
ネオン強いマップか？,0
フラクチャーか,0
りりむがネオンで暴れようとしてるか,0
ネオンが強い,0
Yoru,0
スーパーなフラクチャーありがと〜,0
りりむのネオンが暴れるぞここ,0
ネオンか,0
海マップって消されたの？,0
ブリーチか,0
よる？,0
チャー微妙やな…,0
グレ投げてるだけで強いよ,0
大丈夫大丈夫！,0
デュエ祭り,0
ふわっちレイズなのもやばい,0
たまにコンペでやりたくなるくらいランダムピックおもろい,0
ソロキュでよく見るやつら,0
これやべええ,0
ギリいけるか,0
フラーッシュいくぞ,0
ユンくんネオンいいね,0
この構成で,0
ランダムわくわく,0
面白くなってきたぞ！,0
ブラパなんて相手に当てればええ,0
みんなのヒバ呼び良いな,0
レイズドローンとネオン人間ドローンでギリセーフ(？),0
おっと・,0
エイムで勝つしかねぇ,0
ギリギリどうにかなりそうな絶妙な構成,0
ユンのネオンでやるしかねえ,0
ULTぶん回そう,0
こういうのがいっちゃんおもろい,0
相手もびっくりだろ,0
くそー,0
葛葉はフェニあってそう,0
集中,0
お先にふぁいてぃーん,0
おぉ,0
不死鳥葛葉だ,0
いけるのか？,0
エイムで解決すりゃあええんや,0
ウルトたまってワロタ,0
エイムやん,0
はや,0
ウルトはや,0
ウルトはっや,0
ヒール分で耐えた,0
よしいくぞー,0
エイムで勝ち取る,0
エイムでごり押しや,0
こーれ弾当たり過ぎカスタムです,0
おっほ,0
結局エイムなんや,0
フィジで破壊,0
回転率GOGO,0
お漏らしもします,0
ぴょん,0
葛葉がjinggになるっきゃねえ,0
それ猫？,0
ねこ…!?,0
チェンバーで攻めでジャッジ,0
ないさー,0
なんかトリスみたいな飛び方してた,0
チェンバーがエビオピックしただけか,0
ふわっちとんでった,0
ジャッジチェンバーえぐ」,0
使い方めちゃくちゃなのが逆に効いてる,0
ドローンになるか,0
ウルト設置？,0
ふわっち飛んで！,0
ごご,0
ランダムピックやね,0
このピック意味わからんのに勝ててる,0
フィジーで破壊,0
ランダムピックなんでそれ以上の舐めです,0
いいウルトになったね,0
レイズジャッジは正しいけどもfpなんだよな,0
フェニいいね,0
特異点過ぎて相手対応出来ないんかこれは,0
エイムゴリラ,0
まあまあまあまあ,0
肩強かったらワンチャンあった,0
Reお漏らし来たァァ,0
ピョーン,0
なんで取れてんだ？,0
なんで買ってる？,0
もしかして強い？,0
フィジカルやん,0
とりあえず自己回復あるのがいいな,0
雰囲気が大事ってよくわかるな,0
デュエ3やから攻めは強いけどなぁ,0
すごーいっ！,0
あぶねぇ！,0
それはおもろい,0
死後強まる念キタコレ！,0
置き土産でか,0
置き土産,0
死してなお、！,0
今のすげぇ,0
かっけえなあ,0
もみあげって聞こえた,0
フェニ専の方ですか？,0
10ー2？,0
フェニックスさんじゃん,0
残りも楽しんで！お先に,0
置きグソ,0
いいむ走ってくる,0
使えてるの凄い,0
まぶし,0
追い,0
フェ二いいなぁ,0
りりむだけ名前呼びなのいいな,0
砂場のりりむ,0
ヘッショラインきれいや,0
色々使えるのすげえな,0
なんで勝ててんねんが,0
きえもらぁ～,0
これどう守るんだ…？,0
何回ウルト溜まるん？,0
パーティが始まってしまう,0
ししさんのオーバーピークえらいな,0
ガチfpだからクソおもろい,0
ふわっちのパーティタイム,0
ピック広がるな,0
ガチ初心者レイズ,0
守りは全員オペか,0
勉強熱心だ,0
つえぇ,0
あれつよくね？,0
フェニックスつよ,0
強くね？,0
ウルトきたぁ！,0
フェニ上手いの何！？！？,0
出が早くてスキルピークなくてつええ,0
パーティータイムいくぞ,0
フェニめちゃくちゃ刺さってるな,0
飛ぶぞふわっち！,0
フェニなんでもできる！,0
ひばほんとに強いな,0
魅せてくれ,0
普通にフェニのスキル使うの上手い,0
トリッキーな動きしてくれ,0
この編成で勝ててるのほんとおもろすぎ,0
バーン助かる,0
おぉー！,0
パーン！,0
ばーん！どーん！,0
ばーーん,0
普通に強いかもです,0
フェニは最近普通にいいキャラ,0
こっちのバーンは正解か,0
ばーーん！,0
いいねーー！,0
ふわっちのバーンきた,0
ワンピッカーたかし居たね,0
これピックプール広がったか,0
この構成で勝てるんか,0
第2のチェンさん,0
nethさんの動画見るかレイズ,0
ほんまよ,0
葛葉も適性あるぞ,0
代名詞だから,0
勝つのかもしらん,0
エビオ色々強すぎるな,0
勝っちゃうな,0
チェンのジャッジほんとおもろい,0
勝つか,0
葛葉のフェニもいい,0
チェンバーもキモいしエビオもキモいから強い,0
まぁ攻めだし,0
てかフェニつえぇな,0
ふわっちレイズ似合う,0
強いねえ,0
特にフラクチャーはある,0
フラクチャーデュエ強いから・,0
フラッシュの出し方かっこいいよな,0
守りがきついんちゃうかな？,0
わぁぁ,0
しんでんだよね,0
一見死にそうだった,0
レディアント帯でもたまに５デュエで１３－２とか普通に起きるらしい・,0
やっちゃったy,0
危うく死ぬとこだったか,0
フェニの使い方もエイムも上手いんよ,0
なんか.,0
死ぬかと思ったよな,0
見ちゃった,0
100歳でてない？,0
有言実行,0
たかし！る,0
Lazか？,0
ひば後輩力たっか,0
嘘でしょ！る,0
谷間,0
双丘のモク,0
なんで勝ってる？,0
エビオいろんな武器使えてすごい,0
うぇーーい,0
普通にうめぇ,0
つよくね？,0
ええんか？これ,0
普通に良いな,0
なんでみんな上手い？,0
なんで勝ててるんだ？,0
3対5返しちゃった,0
ふわっちが強くなってしまう,0
3デュエ勝つの一旦まずいか,0
練習組しかいねえ,0
なんか変な適性と刺さり方してね？,0
学習会,0
みんなのピックプール広がったな,0
実際フェニ効いてる,0
これなんで勝てる？,0
さっきよりも押してるまである,0
きえもら♪,0
いたた,0
ぴしし,0
えぺだ,0
りりむは足が速い,0
あれまじでむずい,0
そこの設置だとロングから見えないな,0
叫ぶだけでおもろいってひば,0
悲鳴,0
いい悲鳴だ,0
いい悲鳴,0
取られてないので勝ち,0
ひばでかい声だすだけでおもろい,0
守りオペで勝てそう,0
でも、これ守り攻めるしかないよな,0
ぷりる,0
エイムごりおしーー,0
ｳﾏｽｷﾞｰ,0
ピークよかったな,0
こんがりコーン…？,0
呪いは抜けた,0
※ちなみに味方も敵もダメージ受けますあれ,0
うまいクロスカバー撮れてた,0
さっきと全く一緒,0
ししー壊れちゃう,0
こんがりコーン,0
ししどうさんずっとトップじゃん,0
ねこ.？,0
ヒールいいな,0
ほぼヴァロ経験ない未来人とりりむ介護してりゃまあ,0
帰っていった,0
すげぇよ,0
ﾂﾖｽｷﾞｰ,0
弾あたるやんカスタムじゃんもう,0
葛葉さんつよいぞ！,0
熱々のエイム,0
これ葛葉もローレン枠か,0
エイムあったまってきてるか,0
タイトル詐欺回,0
弾あたりすぎカスタム,0
りりむがヴァロ経験ないはりりむ見てなさすぎ,0
タイトル詐欺です,0
相手トリッキーな動きするのが、りりむくらいしかいないのもありそう,0
当たるくん.exeトランスミッション,0
これFPS上手くなりたい人みんなロックマンやったほうが良いぞ,0
りりむ今日フラグトップ取ってんぞ,0
ねことばす,0
猫おもろい,0
それ猫なんだ,0
上手いじゃん,0
ﾋﾟｮ~ﾝ,0
ふわっちうまくなってる,0
猫,0
これがロックマンエイムか,0
弾あたるしかねえぞカスタム,0
ねこ…,0
つえぇー！,0
相手誰ですか？,0
熱くて飛び出てきた,0
一旦強すぎか,0
普通に上手くなっとる,0
ふわぁとしてるのも味,0
マッチポイントか,0
使えるようになってきてるね,0
うまくなってる！,0
ふわっち伸び代しかなくてすご,0
ふわっちレイズ向いてる,0
ガチ強えな,0
足元じゃなくて背中に当てるイメージなんよね（ブラパ）,0
ジェッパエントリーかっこいい,0
ふわふわしてた,0
ヒバつよ,0
デュエはやめとくか,0
次からふわっちあのキャラで,0
帰ってこんなぁ,0
まだ泣いてる？,0
強くなったフェニックスいいな,0
ろー、たす,0
強かった,0
フェニあってた,0
攻守変えるか？,0
こっちランクも高めか,0
夜更カス思い出すこの感じ,0
泣いてるな、これ,0
あれ、帰ってこない?,0
今日は絶頂しとくか,0
皆強すぎだな,0
こーれbo5あります,0
フェニつよかったねー,0
こころなしかうぉうぉが泣いてる声に見える,0
全勝あつ～,0
Bo5？,0
あ、きた,0
上だぜ！？,0
きたきた,0
きたね,0
全勝ってことは…,0
おつ~,0
「上」,0
桃鉄にしよっか＾,0
こーれ、共演NGです,0
チューニングラブ歌おう,0
顔合わせから！？,0
【悲報】人気VTuberさん、あかちゃんを泣かす,0
オーバークックでもジャッジもつ？,0
何それホラゲー,0
ジャッジ、ショーティー、バッキー,0
楽しかった！,0
お疲れ様でした,0
お疲れ様でした！,0
お疲れ様でしたー！,0
お疲れさまでした～,0
楽しかった〜,0
おもろかった〜！おつかれさまです！,0
お疲れ様でした〜,0
お疲れ様でしたー,0
お疲れ様でした〜！,0
お疲れ様でした～,0
楽しかったありがとう,0
お疲れさまでした〜！,0
楽しかった,0
おもしろかった！,0
おつ,0
お疲れさまでした！,0
おつおつー,0
お疲れ様でした～！,0
めっちゃたのしかった！おつかれさまでした！,0
楽しかった〜！,0
またやってくれ〜！,0
おつかれさまでした！,0
おつかれさまでした〜!,0
お疲れ様,0
おつー！,0
お疲れさまでした〜,0
お疲れさまでした,0
ぷわくず全勝か,0
面白かったー！おつー！,0
おつー,0
楽しかったー！,0
お疲れさまでしたー,0
お疲れ様でしたァ！,0
全勝おめ,0
おもろかったわ～！,0
全勝おめでとう,0
お疲れさまでしたー！,0
たいありー,0
お疲れ様〜,0
お疲れ様でした!,0
楽しかった～！,0
タイトル詐欺でしたね,0
対あり！,0
全勝おめ！,0
 お疲れ様でしたー！,0
フルパランクは？,0
お菓子代。今日も感謝！,0
お疲れ様ー,0
おねむ,0
たのしかった！,0
おつ〜,0
おもろかったぁ,0
楽しかった～,0
お疲れ様です,0
カスタム最高だなぁ,0
面白かった！,0
対あり,0
どんどん弾当たるようになるカスタムだった,0
ねむねむ,0
おつかれさまー,0
面白かった！お疲れ様でした！,0
全勝おめー！,0
いうて最後は当たってたぞ,0
いーや？当たってたが,0
ぽや,0
そうね,0
ブランクあるのはしゃーない,0
面白かったよ〜！,0
おつです！,0
全勝おめでとうございます…！,0
普通に葛葉のオーバーウォッチも見たいなぁ,0
全勝だぞでも,0
おもろかった～,0
つよつよだったよ！,0
葛葉フェニ楽しかった,0
ずっと楽しかった,0
ヴァロおもれ~,0
フェニックスどやった,0
個人的にヒバとゲームしてくれるのめちゃくちゃ嬉しかった！,0
お疲れ様でしたー!,0
お疲れ様でた〜,0
強かったぞ！,0
全勝すごいー！,0
これ以上当たるのか,0
おもろかった,0
うぉみかす,0
ロックマンモードだったから！,0
レレもリコイルもね,0
カスタムだしそれくらいでいいっしょ,0
いや強かったよ,0
結構当たってたよ,0
全勝でしたね,0
たいあり,0
たいあり～,0
お疲れ様でした！対あり！,0
お疲れ〜,0
対あり〜,0
対ありー,0
k4senさんもうすぐプラチナやで,0
はーい,0
めちゃ楽しかった！,0
ぽやしみ~,0
ストファイ,0
おけー,0
ほい,0
はーいっ！,0
